family,best,n,sharpe,mean,lo,hi,k_low,k_mid,k_high,dsr_low,dsr_mid,dsr_high,p,bh_thr,fdr_pass,class
coil_floor,coil_floor·🧱OB,4303,0.4629234009653451,10.364210391896297,8.294992263250174,12.521418126225056,1,1,83,1.0,1.0,1.0,0.0,0.0015384615384615387,True,robust
g3g3rl,g3g3rl·🏆RS,398,0.475917400516479,9.217330403380263,2.0186882371936896,13.217674525794648,4,4,86,1.0,1.0,0.9799,0.0,0.0030769230769230774,True,robust
g3rl,g3rl·🧱OB,595,0.5111751213144603,13.447741805341002,7.797485845789769,18.871337038325695,1,1,83,1.0,1.0,0.9999,0.0,0.004615384615384616,True,robust
ppr×NS,ppr×NS 🕐24-26,5004,0.11792651934519079,2.52945986205194,1.1557626881768785,3.920747192528091,1,1,83,1.0,1.0,0.0,0.0,0.006153846153846155,True,solid
z11t11,z11t11·15mZ,288,0.4042188082769844,12.803718270717784,6.92300629779333,17.77145459024764,1,1,83,1.0,1.0,0.6814,0.0,0.007692307692307693,True,robust
z1gcrown,z1gcrown·🔑KEY,885,0.7518677524732182,20.4149782208931,0.6126838261775975,26.66176695996061,2,2,84,1.0,1.0,1.0,0.0,0.009230769230769232,True,robust
⚡G3-Abs,⚡G3-Abs🏆RS,2629,0.29978088062914415,5.928315037263742,3.0514458594142386,8.575725396129148,2,2,84,1.0,1.0,0.0,0.0,0.01076923076923077,True,solid
🌀Engulf-AbsRev,🌀Engulf-AbsRev🟡,2590,0.1717685414793934,4.096887804185531,3.0641625306190634,5.1843301398385835,1,1,83,1.0,1.0,0.0,0.0,0.01230769230769231,True,solid
🌉Z1G→T4,🌉Z1G→T4 🟡watch,166,0.49720079908274517,15.715130855587411,2.2196667280915223,27.88030717533475,1,1,83,1.0,1.0,0.9557,0.0,0.013846153846153848,True,robust
🌉v2 Z1G→T3/T6,🌉v2 Z1G→T3/T6 🟡watch,188,0.6587571773376293,17.30250540645199,-1.3714090526542242,25.89841382926926,1,1,83,1.0,1.0,0.9999,0.0,0.015384615384615385,True,robust
🎬StopVol-Confirm,🎬StopVol-Confirm,3821,0.12014964068074542,2.441948749223626,1.4002895912935458,3.5460592706250407,1,1,83,1.0,1.0,0.0,0.0,0.016923076923076926,True,solid
🎬StopVol-Deep,🎬StopVol-Deep,1022,0.2385347376046561,4.450273681580945,2.523053452929424,6.357869698873434,1,1,83,1.0,1.0,0.0,0.0,0.018461538461538463,True,solid
🎯Cluster,🎯Cluster🏆RS,7548,0.26872337749638214,5.05457516707186,3.769414779142999,6.300171514070376,2,2,84,1.0,1.0,0.0,0.0,0.020000000000000004,True,solid
🎯Confluence,🎯Confluence💎89+,9713,0.137922579860411,2.521011880086297,1.429485178203494,3.765455014982036,1,1,83,1.0,1.0,0.0,0.0,0.02153846153846154,True,solid
🧺SEQ-20,🧺SEQ-20 🟡watch,596,0.23063950659802707,5.0113321101682065,2.1636765181000657,7.719518154713169,1,1,83,1.0,1.0,0.0,0.0,0.023076923076923078,True,solid
🎯Confluence≥3,🎯Confluence≥3,33347,0.16905382208243985,3.4329808855006188,2.464638304948307,4.413202224798454,1,1,83,1.0,1.0,0.0,0.0,0.02461538461538462,True,solid
🎯T1-RS-Dip,🎯T1-RS-Dip,1715,0.23271051813471771,5.228553464205037,3.811877577779378,6.69172637623719,1,1,83,1.0,1.0,0.0,0.0,0.026153846153846156,True,solid
🎯T3-RS-Dip,🎯T3-RS-Dip,5530,0.21229326548417873,4.405891974756133,3.0706882855307205,5.819150828507873,1,1,83,1.0,1.0,0.0,0.0,0.027692307692307697,True,solid
🏆L34→L34,🏆L34→L34,463,0.09414496834118571,4.646558689894396,0.8541606322296965,10.018679984807715,1,1,83,1.0,1.0,0.0,0.0,0.029230769230769234,True,solid
👑Z1G-CROWN,👑Z1G-CROWN 🟡watch,1105,0.5966613700521162,16.565491538278852,-0.7978820574681729,24.39686180237349,1,1,83,1.0,1.0,1.0,0.0,0.03076923076923077,True,robust
📐RSI-Div,📐RSI-Div🏆RS,1834,0.20583854895247888,4.192192010545721,2.5856675491937717,5.83462297093851,1,1,83,1.0,1.0,0.0,0.0,0.03230769230769231,True,solid
📐RSI-Div🏆RS deep,📐RSI-Div🏆RS deep,936,0.2226584523829172,4.854034859376525,3.0807513620080695,6.668746142907449,1,1,83,1.0,1.0,0.0,0.0,0.03384615384615385,True,solid
🔄DualReclaim,🔄DualReclaim🏆RS,4444,0.2750953807543677,5.350480252712445,3.982109583956381,6.890297340087992,1,1,83,1.0,1.0,0.0,0.0,0.03538461538461539,True,solid
🔄DualReclaim deep,🔄DualReclaim deep,1475,0.3574576197223141,6.651936777320818,4.705231183736035,8.48801406068488,1,1,83,1.0,1.0,0.2272,0.0,0.036923076923076927,True,solid
🥇G3,🥇G3·LEAD-in-LAG,1781,0.3577355995561061,6.667725438580829,4.348049662845933,9.081410650032558,1,1,83,1.0,1.0,0.1835,0.0,0.038461538461538464,True,solid
🥇G3A,🥇G3A·LEAD-in-LAG,1123,0.35548735270678095,6.782664759041691,4.581974024476639,8.824406660211471,1,1,83,1.0,1.0,0.2111,0.0,0.04000000000000001,True,solid
🥇L43,🥇L43·LEAD-in-LAG,171,0.4432916517076703,7.216684668793272,4.705459171927009,10.049922393712526,1,1,83,1.0,1.0,0.8169,0.0,0.041538461538461545,True,robust
🧊Coil-Floor,🧊Coil-Floor,16051,0.24266864957122805,4.559650867745669,3.5912470772261322,5.593457014456472,1,1,83,1.0,1.0,0.0,0.0,0.04307692307692308,True,solid
🧲Z9-HL,🧲Z9-HL 🟡watch,270,0.5268023980624423,12.88954963338458,-3.638326012040094,19.515358796437855,1,1,83,1.0,1.0,0.9817,0.0,0.04461538461538462,True,robust
🎯Confluence≥4,🎯Confluence≥4,11858,0.23071653571615133,4.778996668093578,3.470901608398698,6.236059488060284,1,1,83,1.0,1.0,0.0,0.0,0.046153846153846156,True,solid
Zone-Retest,Zone-Retest🕐DR,15826,0.20321786893175306,3.88107783501056,3.080541480745887,4.682444855494168,4,4,86,1.0,1.0,0.0,0.0,0.0476923076923077,True,solid
🪨T1G-NB,🪨T1G-NB🏆RS,342,0.21657218005070852,5.177018895742894,2.6461583238471156,8.138005422002845,1,1,83,1.0,1.0,0.0001,0.0,0.04923076923076924,True,solid
ZRT,ZRT🟢L46🔵dw,10750,0.146043982772061,2.647530813799628,1.9070082977751897,3.464922423202504,2,2,84,1.0,1.0,0.0,0.0,0.05076923076923077,True,solid
Atomic-R,Atomic-R,3337,0.24849358055744075,5.246274692168408,3.02955264503825,7.809293644179587,1,1,83,1.0,1.0,0.0,0.0,0.05230769230769231,True,solid
Engulf-Abs-Lⁿ,Engulf-Abs-Lⁿ,693,0.2566343988270657,5.836992937180883,1.4939624794164343,9.697442933244877,1,1,83,1.0,1.0,0.0003,0.0,0.05384615384615385,True,solid
Engulf-L46,Engulf-L46,279,0.2626899132831209,6.304569060201071,1.3790642540445741,10.880620866886039,1,1,83,1.0,1.0,0.0172,0.0,0.05538461538461539,True,solid
FailedBear,FailedBear🧱OB,186,0.38343541743603327,9.341533769905363,6.027331231798241,13.011320716339267,1,1,83,1.0,1.0,0.5417,0.0,0.05692307692307692,True,solid
FailedBear-Turn,FailedBear-Turn,997,0.19246614357790287,3.66801309932984,2.225132127673002,5.09798977271865,1,1,83,1.0,1.0,0.0,0.0,0.05846153846153847,True,solid
G3+RL,G3+RL,4374,0.23995859227350502,5.490024078581107,3.194845275702323,7.816309650147229,1,1,83,1.0,1.0,0.0,0.0,0.06,True,solid
G3-Abs,G3-Abs🎋TLS,1069,0.34465952437608743,7.001087843993201,0.6682997281396438,12.683005219662158,2,2,84,1.0,1.0,0.1194,0.0,0.06153846153846154,True,solid
G3-gap,G3-gap,20085,0.19250251133799123,4.748232954504588,2.7228835055408034,6.727008013489698,1,1,83,1.0,1.0,0.0,0.0,0.06307692307692307,True,solid
G3→G3,G3→G3🕐DR,2904,0.37095231412327395,7.859755003707478,4.887837907123846,10.466395076815795,2,2,84,1.0,1.0,0.3357,0.0,0.06461538461538462,True,solid
G3→G3→RL,G3→G3→RL🧱OB,412,0.8001172728623483,22.56682566988725,9.25016317677232,26.3136887654053,2,2,84,1.0,1.0,1.0,0.0,0.06615384615384616,True,robust
ZRT🟢,ZRT🟢🔎iv,12680,0.14619515062622784,2.703786940964473,1.9262712866105454,3.4624955053007302,1,1,83,1.0,1.0,0.0,0.0,0.0676923076923077,True,solid
HighBase-15mDip,HighBase-15mDip,28982,0.11027795068953555,2.3407959657268544,1.4587639235708354,3.2194596690818194,1,1,83,1.0,1.0,0.0,0.0,0.06923076923076923,True,solid
L34camp→REV,L34camp→REV,574,0.16397577200789434,3.706661299063612,1.5231610700200835,5.9781942097932745,1,1,83,1.0,1.0,0.0,0.0,0.07076923076923078,True,solid
G3→L46 🕐,G3→L46 🕐,33266,0.1632934558170546,4.178016366287999,2.6488043639995973,6.28109249460888,1,1,83,1.0,1.0,0.0,0.0,0.07230769230769231,True,solid
L43-TRIPLE,L43-TRIPLE🕐DR,234,0.5064760796397212,8.174176706283744,5.312377484134237,10.771589433922516,5,5,87,1.0,1.0,0.9709,0.0,0.07384615384615385,True,robust
Z11-T11,Z11-T11🏆RS,161,0.5652126923600477,9.749193169987871,5.455602527899106,13.676281632936519,2,2,84,1.0,1.0,0.9926,0.0,0.07538461538461538,True,robust
Washout,Washout🕐DR,2344,0.3079684288798161,5.8267157764209045,4.019245003418238,7.673836975174761,7,7,89,1.0,1.0,0.0001,0.0,0.07692307692307693,True,solid
L43,L43🔵dwell,1445,0.26375501590646344,6.146355250820965,3.3378727696118338,8.582525325692867,1,1,83,1.0,1.0,0.0,0.0,0.07846153846153847,True,solid
QZ-Capit-Rev,QZ-Capit-Rev,38896,0.12549679397432215,2.7453227683524974,1.974216435372849,3.569644560344969,1,1,83,1.0,1.0,0.0,0.0,0.08000000000000002,True,solid
QZ-Capit,QZ-Capit🧱OB,9550,0.3195734320957592,8.579862049189224,7.277028720979889,10.048496285058546,7,7,89,1.0,1.0,0.0,0.0,0.08153846153846155,True,solid
RTB-Base,RTB-Base🕐DR,3593,0.2916262478466637,4.787374056769324,3.4909950752752277,6.063816090748688,5,5,87,1.0,1.0,0.0,0.0,0.08307692307692309,True,solid
P55,P55,34851,0.04403683569276498,1.0690738242025635,0.4740231832511704,1.6896242674841795,1,1,83,1.0,1.0,0.0,0.0,0.08461538461538462,True,solid
NS→SC,NS→SC,854,0.20751150347860256,4.857456693181084,2.0262824802768207,7.735056289160772,1,1,83,1.0,1.0,0.0,0.0,0.08615384615384616,True,solid
ND→SC→L46 🕐,ND→SC→L46 🕐,331,0.3078891047230878,7.937237902775158,1.0938927366721545,14.592928197287785,1,1,83,1.0,1.0,0.0848,0.0,0.0876923076923077,True,solid
Parabola,Parabola,104750,0.041423904394616594,0.846620093929153,0.4140031903225902,1.3048498842746536,1,1,83,1.0,1.0,0.0,0.0,0.08923076923076924,True,solid
Engulf-Abs,Engulf-Abs🏆RS,160,0.3491545770101922,7.6790139816876035,2.4749939568125856,13.140914279788046,2,2,84,0.9999,0.9999,0.3401,9.999999999998899e-05,0.09076923076923077,True,solid
🏆L34→L34+RS,🏆L34→L34+RS,194,0.18637213330313265,5.117094486990234,1.6279796509516573,9.601642285569516,1,1,83,0.9998,0.9998,0.0001,0.00019999999999997797,0.09230769230769231,True,solid
T1-CapBounce,T1-CapBounce,364,0.2568464287022987,6.043994935548604,3.488044506762313,8.326947063053847,2,2,84,0.9996,0.9996,0.0108,0.00039999999999995595,0.09384615384615386,True,solid
🥪T2G-Sandwich,🥪T2G-Sandwich🏆RS,197,0.1736080535426125,3.615946253746285,0.7867602410823887,6.819372326339662,1,1,83,0.9972,0.9972,0.0006,0.0028000000000000247,0.0953846153846154,True,solid
Atomic,Atomic🏆RS💎,10166,0.14392722358609508,3.121540898404639,1.8052424364350392,4.347787269026158,3,3,85,0.9331,0.9331,0.0,0.06689999999999996,0.09692307692307693,True,solid
Spring,Spring🏆RS,282,0.23417367035789863,4.626338564995544,2.2236192129546395,7.516413408943188,4,4,86,0.9262,0.9262,0.0021,0.07379999999999998,0.09846153846153848,True,solid
D+L1,D+L1🧱OB,1022,0.20970513904400587,6.065971183349901,3.733864009393611,8.322163857196252,6,6,88,0.656,0.656,0.0,0.344,0.1,False,fragile
