family,best,n,mean,lo,hi,sharpe,k_low,k_mid,k_high,dsr_low,dsr_mid,dsr_high,ci_ok,p,fdr_pass,class
Atomic-R,Atomic-R,3337,5.246274692168408,3.02955264503825,7.809293644179587,0.24849358055744075,1,1,3,1.0,1.0,1.0,True,0.0,True,robust
Engulf-Abs-Lⁿ,Engulf-Abs-Lⁿ,693,5.836992937180883,1.4939624794164343,9.697442933244877,0.2566343988270657,1,1,3,1.0,1.0,0.9998,True,0.0,True,robust
Engulf-L46,Engulf-L46,279,6.304569060201071,1.3790642540445741,10.880620866886039,0.2626899132831209,1,1,3,1.0,1.0,0.9927,True,0.0,True,robust
FailedBear,FailedBear🧱OB,186,9.341533769905363,6.027331231798241,13.011320716339267,0.38343541743603327,1,1,3,1.0,1.0,1.0,True,0.0,True,robust
FailedBear-Turn,FailedBear-Turn,997,3.66801309932984,2.225132127673002,5.09798977271865,0.19246614357790287,1,1,3,1.0,1.0,0.9888,True,0.0,True,robust
G3+RL,G3+RL,4374,5.490024078581107,3.194845275702323,7.816309650147229,0.23995859227350502,1,1,3,1.0,1.0,1.0,True,0.0,True,robust
G3-Abs,G3-Abs🎋TLS,1069,7.001087843993201,0.6682997281396438,12.683005219662158,0.34465952437608743,2,2,4,1.0,1.0,1.0,True,0.0,True,robust
G3-gap,G3-gap,20085,4.748232954504588,2.7228835055408034,6.727008013489698,0.19250251133799123,1,1,3,1.0,1.0,1.0,True,0.0,True,robust
G3→G3,G3→G3🕐DR,2904,7.859755003707478,4.887837907123846,10.466395076815795,0.37095231412327395,2,2,4,1.0,1.0,1.0,True,0.0,True,robust
G3→G3→RL,G3→G3→RL🧱OB,412,22.56682566988725,9.25016317677232,26.3136887654053,0.8001172728623483,2,2,4,1.0,1.0,1.0,True,0.0,True,robust
G3→L46 🕐,G3→L46 🕐,33266,4.178016366287999,2.6488043639995973,6.28109249460888,0.1632934558170546,1,1,3,1.0,1.0,1.0,True,0.0,True,robust
L34camp→REV,L34camp→REV,574,3.706661299063612,1.5231610700200835,5.9781942097932745,0.16397577200789434,1,1,3,1.0,1.0,0.7989,True,0.0,True,robust
L43,L43🔵dwell,1445,6.146355250820965,3.3378727696118338,8.582525325692867,0.26375501590646344,1,1,3,1.0,1.0,1.0,True,0.0,True,robust
L43-TRIPLE,L43-TRIPLE🕐DR,234,8.174176706283744,5.312377484134237,10.771589433922516,0.5064760796397212,5,5,7,1.0,1.0,1.0,True,0.0,True,robust
ND→SC→L46 🕐,ND→SC→L46 🕐,331,7.937237902775158,1.0938927366721545,14.592928197287785,0.3078891047230878,1,1,3,1.0,1.0,0.9998,True,0.0,True,robust
NS→SC,NS→SC,854,4.857456693181084,2.0262824802768207,7.735056289160772,0.20751150347860256,1,1,3,1.0,1.0,0.9909,True,0.0,True,robust
P55,P55,34851,1.0690738242025635,0.4740231832511704,1.6896242674841795,0.04403683569276498,1,1,3,1.0,1.0,0.0,True,0.0,True,solid
Parabola,Parabola,104750,0.846620093929153,0.4140031903225902,1.3048498842746536,0.041423904394616594,1,1,3,1.0,1.0,0.0,True,0.0,True,solid
QZ-Capit,QZ-Capit🧱OB,9550,8.579862049189224,7.277028720979889,10.048496285058546,0.3195734320957592,7,7,9,1.0,1.0,1.0,True,0.0,True,robust
QZ-Capit-Rev,QZ-Capit-Rev,38896,2.7453227683524974,1.974216435372849,3.569644560344969,0.12549679397432215,1,1,3,1.0,1.0,0.1428,True,0.0,True,solid
RTB-Base,RTB-Base🕐DR,3593,4.787374056769324,3.4909950752752277,6.063816090748688,0.2916262478466637,5,5,7,1.0,1.0,1.0,True,0.0,True,robust
Washout,Washout🕐DR,2344,5.8267157764209045,4.019245003418238,7.673836975174761,0.3079684288798161,7,7,9,1.0,1.0,1.0,True,0.0,True,robust
Z11-T11,Z11-T11🏆RS,161,9.749193169987871,5.455602527899106,13.676281632936519,0.5652126923600477,2,4,6,1.0,1.0,1.0,True,0.0,True,robust
ZRT,ZRT🟢L46🔵dw,10750,2.647530813799628,1.9070082977751897,3.464922423202504,0.146043982772061,2,2,4,1.0,1.0,0.0461,True,0.0,True,solid
ZRT🟢,ZRT🟢🔎iv,12680,2.703786940964473,1.9262712866105454,3.4624955053007302,0.14619515062622784,1,1,3,1.0,1.0,0.9724,True,0.0,True,robust
Zone-Retest,Zone-Retest🕐DR,15826,3.88107783501056,3.080541480745887,4.682444855494168,0.20321786893175306,4,4,6,1.0,1.0,0.7259,True,0.0,True,robust
coil_floor,coil_floor·🧱OB,4303,10.364210391896297,8.294992263250174,12.521418126225056,0.4629234009653451,1,21,23,1.0,1.0,1.0,True,0.0,True,robust
g3g3rl,g3g3rl·🏆RS,398,9.217330403380263,2.0186882371936896,13.217674525794648,0.475917400516479,4,4,6,1.0,1.0,1.0,True,0.0,True,robust
g3rl,g3rl·🧱OB,595,13.447741805341002,7.797485845789769,18.871337038325695,0.5111751213144603,1,1,3,1.0,1.0,1.0,True,0.0,True,robust
ppr×NS,ppr×NS 🕐24-26,5004,2.52945986205194,1.1557626881768785,3.920747192528091,0.11792651934519079,1,1,3,1.0,1.0,0.1567,True,0.0,True,solid
z11t11,z11t11·15mZ,288,12.803718270717784,6.92300629779333,17.77145459024764,0.4042188082769844,1,1,3,1.0,1.0,1.0,True,0.0,True,robust
z1gcrown,z1gcrown·🔑KEY,885,20.4149782208931,0.6126838261775975,26.66176695996061,0.7518677524732182,2,2,4,1.0,1.0,1.0,True,0.0,True,robust
⚡G3-Abs,⚡G3-Abs🏆RS,2629,5.928315037263742,3.0514458594142386,8.575725396129148,0.29978088062914415,2,2,4,1.0,1.0,1.0,True,0.0,True,robust
🌀Engulf-AbsRev,🌀Engulf-AbsRev🟡,2590,4.096887804185531,3.0641625306190634,5.1843301398385835,0.1717685414793934,1,1,3,1.0,1.0,0.9964,True,0.0,True,robust
🌉Z1G→T4,🌉Z1G→T4 🟡watch,166,15.715130855587411,2.2196667280915223,27.88030717533475,0.49720079908274517,1,1,3,1.0,1.0,1.0,True,0.0,True,robust
🎬StopVol-Confirm,🎬StopVol-Confirm,3821,2.441948749223626,1.4002895912935458,3.5460592706250407,0.12014964068074542,1,1,3,1.0,1.0,0.2478,True,0.0,True,solid
🎬StopVol-Deep,🎬StopVol-Deep,1022,4.450273681580945,2.523053452929424,6.357869698873434,0.2385347376046561,1,1,3,1.0,1.0,0.9998,True,0.0,True,robust
🎯Cluster,🎯Cluster🏆RS,7548,5.05457516707186,3.769414779142999,6.300171514070376,0.26872337749638214,2,2,4,1.0,1.0,1.0,True,0.0,True,robust
🎯Confluence,🎯Confluence💎89+,9713,2.521011880086297,1.429485178203494,3.765455014982036,0.137922579860411,1,1,3,1.0,1.0,0.771,True,0.0,True,robust
🎯Confluence≥3,🎯Confluence≥3,33347,3.4329808855006188,2.464638304948307,4.413202224798454,0.16905382208243985,1,1,3,1.0,1.0,1.0,True,0.0,True,robust
🎯Confluence≥4,🎯Confluence≥4,11858,4.778996668093578,3.470901608398698,6.236059488060284,0.23071653571615133,1,1,3,1.0,1.0,1.0,True,0.0,True,robust
🎯T1-RS-Dip,🎯T1-RS-Dip,1715,5.228553464205037,3.811877577779378,6.69172637623719,0.23271051813471771,1,1,3,1.0,1.0,1.0,True,0.0,True,robust
🎯T3-RS-Dip,🎯T3-RS-Dip,5530,4.405891974756133,3.0706882855307205,5.819150828507873,0.21229326548417873,1,1,3,1.0,1.0,1.0,True,0.0,True,robust
🏆L34→L34,🏆L34→L34,463,4.646558689894396,0.8541606322296965,10.018679984807715,0.09414496834118571,1,1,3,1.0,1.0,0.0472,True,0.0,True,solid
📐RSI-Div,📐RSI-Div🏆RS,1834,4.192192010545721,2.5856675491937717,5.83462297093851,0.20583854895247888,1,1,3,1.0,1.0,0.9998,True,0.0,True,robust
📐RSI-Div🏆RS deep,📐RSI-Div🏆RS deep,936,4.854034859376525,3.0807513620080695,6.668746142907449,0.2226584523829172,1,1,3,1.0,1.0,0.9994,True,0.0,True,robust
🔄DualReclaim,🔄DualReclaim🏆RS,4444,5.350480252712445,3.982109583956381,6.890297340087992,0.2750953807543677,1,1,3,1.0,1.0,1.0,True,0.0,True,robust
🔄DualReclaim deep,🔄DualReclaim deep,1475,6.651936777320818,4.705231183736035,8.48801406068488,0.3574576197223141,1,1,3,1.0,1.0,1.0,True,0.0,True,robust
🥇G3A,🥇G3A·LEAD-in-LAG,1123,6.782664759041691,4.581974024476639,8.824406660211471,0.35548735270678095,1,1,3,1.0,1.0,1.0,True,0.0,True,robust
🥇L43,🥇L43·LEAD-in-LAG,171,7.216684668793272,4.705459171927009,10.049922393712526,0.4432916517076703,1,1,3,1.0,1.0,1.0,True,0.0,True,robust
🧊Coil-Floor,🧊Coil-Floor,16051,4.559650867745669,3.5912470772261322,5.593457014456472,0.24266864957122805,1,1,3,1.0,1.0,1.0,True,0.0,True,robust
🧺SEQ-20,🧺SEQ-20 🟡watch,596,5.0113321101682065,2.1636765181000657,7.719518154713169,0.23063950659802707,1,1,3,1.0,1.0,0.9965,True,0.0,True,robust
🏆L34→L34+RS,🏆L34→L34+RS,194,5.117094486990234,1.6279796509516573,9.601642285569516,0.18637213330313265,1,1,3,0.9998,0.9998,0.8584,True,0.00019999999999997797,True,robust
🥪T2G-Sandwich,🥪T2G-Sandwich🏆RS,197,3.615946253746285,0.7867602410823887,6.819372326339662,0.1736080535426125,1,1,3,0.9972,0.9972,0.7538,True,0.0028000000000000247,True,robust
Spring,Spring🏆RS,282,4.626338564995544,2.2236192129546395,7.516413408943188,0.23417367035789863,4,4,6,0.9262,0.9262,0.757,True,0.07379999999999998,True,robust
Engulf-Abs,Engulf-Abs🏆RS,160,7.6790139816876035,2.4749939568125856,13.140914279788046,0.3491545770101922,2,18,20,0.9999,0.8267,0.799,True,0.1733,False,fragile
🪨T1G-NB,🪨T1G-NB🏆RS,342,5.177018895742894,2.6461583238471156,8.138005422002845,0.21657218005070852,1,5,7,1.0,0.7848,0.54,True,0.21519999999999995,False,fragile
T1-CapBounce,T1-CapBounce,364,6.043994935548604,3.488044506762313,8.326947063053847,0.2568464287022987,2,8,10,0.9996,0.7381,0.6185,True,0.2619,False,fragile
D+L1,D+L1🧱OB,1022,6.065971183349901,3.733864009393611,8.322163857196252,0.20970513904400587,6,6,8,0.656,0.656,0.3056,True,0.344,False,fragile
🥇G3,🥇G3·LEAD-in-LAG,1781,6.667725438580829,4.348049662845933,9.081410650032558,0.3577355995561061,1,151,153,1.0,0.0086,0.0079,True,0.9914,False,fragile
Atomic,Atomic🏆RS💎,10166,3.121540898404639,1.8052424364350392,4.347787269026158,0.14392722358609508,3,9,11,0.9331,0.0,0.0,True,1.0,False,fragile
HighBase-15mDip,HighBase-15mDip,28982,2.3407959657268544,1.4587639235708354,3.2194596690818194,0.11027795068953555,1,5504,5506,1.0,0.0,0.0,True,1.0,False,fragile
🌉v2 Z1G→T3/T6,🌉v2 Z1G→T3/T6 🟡watch,188,17.30250540645199,-1.3714090526542242,25.89841382926926,0.6587571773376293,1,1,3,1.0,1.0,1.0,False,0.0,False,⛔ CI≈0
👑Z1G-CROWN,👑Z1G-CROWN 🟡watch,1105,16.565491538278852,-0.7978820574681729,24.39686180237349,0.5966613700521162,1,1,3,1.0,1.0,1.0,False,0.0,False,⛔ CI≈0
🧲Z9-HL,🧲Z9-HL 🟡watch,270,12.88954963338458,-3.638326012040094,19.515358796437855,0.5268023980624423,1,1,3,1.0,1.0,1.0,False,0.0,False,⛔ CI≈0
