setup,n,exp,mean,mean_c,med,med_c,sharpe,sharpe_c,pf,pf_c,maxret,d_sharpe_rank
L43-TRIPLE,1926,0,6.631639496186797,6.631639496186797,3.866170886816972,3.866170886816972,0.26236675074622223,0.26236675074622223,2.3006105951558253,2.3006105951558253,207.32198617522565,0.0
Z11-T11,823,0,9.730367736582313,9.730367736582313,6.449090057582923,6.449090057582923,0.3488093702339891,0.3488093702339891,3.330810964007565,3.330810964007565,353.2359947055274,0.0
Washout,30166,30,2.963697322774898,2.9146857326762086,1.6486604934512206,1.6471808286199818,0.10716484481666261,0.10710875254174021,1.3985123964829318,1.3930452111845095,928.9010180674932,-1.0
D+L1,6315,6,2.4761177262507683,2.4845664552369673,1.1638273046456429,1.1847464259331644,0.10451860825626252,0.10617780032843371,1.3811384215711642,1.384874595368833,417.69646324919495,1.0
G3-gap,20085,6,4.748232956589612,4.72128060480675,2.8411246777727825,2.8411246777727825,0.19250251160327878,0.1929063885401106,1.8144682020589722,1.810802416264211,561.2953559952266,-1.0
Atomic,62233,29,2.88675631398602,2.8861043714853785,1.3298277361405932,1.3333371847849165,0.11435562078510879,0.11495334075808694,1.434023456644594,1.435206655595112,1528.480500576818,0.0
Spring,2990,1,1.7271692535989154,1.75830642947051,1.076043967102597,1.0763680166949343,0.07196699980724602,0.07343719222103626,1.2296827530522043,1.2346987018048357,264.0184620216821,0.0
P55,34851,27,1.0690738220365157,1.0687325861544072,-0.09974149793673935,-0.09515127536464095,0.044036835620707995,0.04435829774884209,1.1433227375668262,1.143769149873667,447.89157400263224,0.0
Parabola,104750,53,0.8466200928544502,0.8670822174705791,-0.07382480332742124,-0.06859596289531798,0.04142390438839287,0.0427268480252829,1.13015271450976,1.1339370876358064,555.8298855932966,0.0
Atomic-R,3337,0,5.246274694174959,5.246274694174959,3.611555119549986,3.611555119549986,0.24849358099424565,0.24849358099424565,2.0527468536996705,2.0527468536996705,215.76606897054796,0.0
Engulf-Abs,957,0,5.215123122544312,5.215123122544312,4.6721905824390895,4.6721905824390895,0.23624915820935186,0.23624915820935186,1.947407493481736,1.947407493481736,216.72441515322643,0.0
T1-CapBounce,364,0,6.04399497177844,6.04399497177844,6.6852782701146864,6.6852782701146864,0.2568464313479779,0.2568464313479779,2.0280881582394334,2.0280881582394334,113.75900357829165,0.0
Engulf-L46,279,0,6.304569079408158,6.304569079408158,3.9788042847920755,3.9788042847920755,0.26268991380781054,0.26268991380781054,2.133639888890201,2.133639888890201,124.47119216485154,0.0
Engulf-Abs-Lⁿ,693,0,5.836992937819316,5.836992937819316,4.952620042538941,4.952620042538941,0.2566343995455414,0.2566343995455414,2.097767690032419,2.097767690032419,216.72441515322643,0.0
Zone-Retest,138652,130,2.279111148937132,2.248385996479571,1.161825067471828,1.1654337244549065,0.09633998755297646,0.09713397473915514,1.3482558731976453,1.3453673986612655,1133.514524672219,-1.0
Zone-Retest-E,53460,52,2.6283015813897763,2.594929609859282,1.489634553602032,1.4921275556068316,0.11789856659913936,0.119465718312909,1.43473087250725,1.4319229950061727,536.0703906036855,1.0
Zone-Retest-DiT,23445,10,3.044849242687496,3.0804146295340185,1.818290150478502,1.8255050055096034,0.1420278290006275,0.14412510104227097,1.537459903402369,1.5468117482986123,480.16398306611626,0.0
HighBase-15mDip,28982,14,2.3407959616333294,2.3573717557522094,0.9494560471518034,0.9557217725036429,0.11027795076522885,0.11173746510097737,1.397087013817761,1.4017424961495588,504.4797784960976,0.0
RTB-Base,43449,30,2.4515991369869656,2.4309444159038707,1.5108591755245206,1.511471092243727,0.10468460318785883,0.10503158936919463,1.3944475128885299,1.3922504417428194,997.5582762952346,-2.0
QZ-Capit-Rev,38896,12,2.7453227701304117,2.7716599690043315,1.6445514418388874,1.6519142470098502,0.12549679404208663,0.12698121292262635,1.4388793304178211,1.4447648403648223,485.73587706675283,0.0
🎯Confluence≥3,33347,2,3.4329808893422418,3.438267185318579,2.474020370961144,2.475126691620738,0.1690538222825626,0.1694048039425434,1.6267894085292895,1.6282996818024456,561.2953559952266,0.0
🎯Confluence≥4,11858,0,4.778996674202906,4.778996674202906,3.5113379039738044,3.5113379039738044,0.23071653610093848,0.23071653610093848,1.9833761028915315,1.9833761028915315,561.2953559952266,0.0
🎯Confluence💎89+,9713,1,2.5210118827075694,2.529891515847657,2.0783313409378055,2.0805992003981535,0.13792257994074653,0.13856015112218542,1.4684060504303602,1.4707613990965422,186.22819579815487,-1.0
⚡G3-Abs,10692,2,4.277607059637086,4.292410107547406,2.89783138058794,2.9008891459037125,0.19874428015699022,0.19966917644192234,1.803651497053581,1.808408082628275,561.2953559952266,-1.0
🎯Cluster🏆RS,7548,1,5.054575171665513,5.066337800570441,3.6749569209282464,3.6750046255182687,0.2687233772831017,0.26972926821179183,2.176737884671132,2.1823731056761657,217.7724986503775,0.0
QZ-Capit🏆RS,13023,5,4.3761210480374695,4.41057035535528,3.1474113499311116,3.153927165949405,0.22029619655509333,0.22286224413530534,1.8973378593209165,1.9101679032538446,300.855967683988,0.0
⚡G3-Abs🏆RS,2629,1,5.928315033690234,5.9624270200705665,4.336042166002857,4.348012544876484,0.2997808804680574,0.3026344883840282,2.393614372006173,2.4116676881953527,158.2840349394429,0.0
Spring🔑,1727,0,2.2141805518783757,2.2141805518783757,1.6999739101341949,1.6999739101341949,0.11224957123945248,0.11224957123945248,1.3756225815090817,1.3756225815090817,167.16426039748322,0.0
QZ-Capit🔑,29366,10,2.7817897190050225,2.810904117223354,1.8512660246383927,1.8542418644567682,0.13501296854537798,0.13680669448915272,1.4694754607733664,1.4764917764278165,318.3388660834443,-1.0
D+L1🔑,2999,3,2.3891285014931967,2.356641293134023,1.7480819891978971,1.7595445521390085,0.12746862968059444,0.1306886941034336,1.445061493081018,1.4428458082854965,259.9233491473909,-1.0
QZ-Capit🏛️BOS,2014,0,3.6191297050579574,3.6191297050579574,3.0228338120139533,3.0228338120139533,0.17202389518442365,0.17202389518442365,1.6438389034430732,1.6438389034430732,181.25533764570534,-1.0
QZ-Capit🧱OB,9550,5,8.579862050350128,8.628452982559704,6.519786505139375,6.527036857790619,0.31957343190374227,0.32230965751435625,2.5868838830720877,2.6081443696409177,380.48620579755817,-1.0
🎯Cluster🧱OB,9251,0,5.877691984403456,5.877691984403456,4.412132871921953,4.412132871921953,0.24582429173117173,0.24582429173117173,1.999286281605701,1.999286281605701,241.5684979502857,0.0
D+L1🧱OB,1022,1,6.065971193028246,6.083825394359579,3.881301745865068,3.8944021186536224,0.2097051394976709,0.2102602863299477,1.926804506408071,1.9303145434417626,417.69646324919495,0.0
QZ-Capit🎋TLS,2486,2,3.8376605068819583,3.911325639001278,3.3257721865149135,3.342894693339421,0.17782078766993203,0.18248685974809195,1.6693180578014255,1.690104603919404,275.65466832331873,0.0
G3-Abs🎋TLS,1069,0,7.00108785856496,7.00108785856496,5.040152914957457,5.040152914957457,0.34465952463004895,0.34465952463004895,2.606199167085271,2.606199167085271,160.41884739129864,0.0
ppr×NS 🕐24-26,5004,2,2.529459843783935,2.5001697525110376,1.037724779802979,1.037724779802979,0.11792651881512906,0.11806734743509399,1.4331464606755266,1.42913410756442,335.96054007224456,-1.0
G3+RL,4374,1,5.490024076987962,5.510453694746858,3.4379653809781088,3.444328677120861,0.2399585924947251,0.24124503982042006,2.121560571346898,2.129901714468055,309.5477568650169,0.0
G3→G3,19188,7,5.50401612458041,5.475125866635126,3.4990133377132695,3.4987821459300292,0.20800069487988734,0.20818685652768384,1.9166149033847282,1.9130937012111817,408.5973684578027,-1.0
G3→G3→RL,1467,1,10.06955705782329,10.082342779082875,7.880202757878668,7.8953015442295,0.3887061483562596,0.38913647606864166,3.3980242738697823,3.402815939521467,353.2359947055274,0.0
L34camp→REV,574,0,3.7066612800191163,3.7066612800191163,2.5652997525661023,2.5652997525661023,0.16397577141718153,0.16397577141718153,1.5946374234776581,1.5946374234776581,135.1997217824313,-1.0
ND→SC→L46 🕐,331,1,7.937237875636613,8.219180130885448,6.950141512418045,7.116005923032925,0.3078891045882361,0.32483762509723313,2.5060184359440667,2.634543163275342,175.5129318670004,2.0
NS→SC,854,0,4.8574566999334365,4.8574566999334365,3.3391093783573575,3.3391093783573575,0.20751150356261222,0.20751150356261222,1.7781407990031948,1.7781407990031948,150.35763077997842,-1.0
G3→L46 🕐,33266,29,4.178016370233661,4.158918703672192,2.2878080612727727,2.293646694848733,0.1632934557234916,0.1646178587470288,1.6671048232566668,1.6672053826416184,547.2498870896984,1.0
FailedBear-Turn,997,2,3.668013088600359,3.4957411680405706,2.6878691804812336,2.6878691804812336,0.19246614310047122,0.20572135045612075,1.8181535396652564,1.7930418157012056,262.6026878347216,2.0
Z-Absorb-Turn,123,0,4.5209929798999395,4.5209929798999395,2.549316205253654,2.549316205253654,0.21847794111859645,0.21847794111859645,1.9097944789384405,1.9097944789384405,110.8809712735861,-2.0
T1-CapBounce🌀SC,147,0,6.941624089988509,6.941624089988509,6.762095624678915,6.762095624678915,0.3930334282703764,0.3930334282703764,2.9642568532373423,2.9642568532373423,94.57011225015722,0.0
D+L1🌀SC,2549,1,2.350088505975641,2.3782408947983575,1.6108362830130674,1.6113540839863993,0.1349513447977377,0.13699824870434513,1.4698073645870489,1.4778489907745929,177.39784140982576,1.0
Spring🌀SC,1480,0,1.6948835720443207,1.6948835720443207,1.0744425848160324,1.0744425848160324,0.08965938073167046,0.08965938073167046,1.2808960803816987,1.2808960803816987,160.41884739129864,0.0
Atomic🌀SC,17438,2,2.4591088574717723,2.4534279768754086,1.6422564315018817,1.6422564315018817,0.134698602559749,0.13486677769606417,1.4687763007978398,1.4680696346743962,374.6328751921622,0.0
Washout🌀SC,6936,1,1.3933882876834909,1.406281741238986,0.9110545130327998,0.9153455809732649,0.07710726885625764,0.07795290172930848,1.248728823806684,1.2515640826455918,374.6328751921622,0.0
RTB-Base🧱OB,9646,13,8.218038413241704,8.181804336661768,6.590720633575958,6.596566410487142,0.282248515430598,0.2852562844714985,2.475865234205426,2.4768824520369703,507.8351492455479,0.0
FailedBear🧱OB,186,0,9.341533753084036,9.341533753084036,6.1151103610546045,6.1151103610546045,0.3834354169876372,0.3834354169876372,3.146928628187436,3.146928628187436,162.26069828231454,0.0
G3→G3→RL🧱OB,412,0,22.566825673949364,22.566825673949364,19.136285095954513,19.136285095954513,0.8001172730653208,0.8001172730653208,13.54347957286394,13.54347957286394,246.68669318909915,0.0
RTB-Base🏆RS,5385,1,4.6861221168057385,4.6376844574762535,3.748206743938148,3.731166145826786,0.2766972966138137,0.28004919349983587,2.194824968974783,2.182255186589367,265.4744799467465,0.0
Z11-T11🏆RS,161,0,9.749193210725954,9.749193210725954,8.01421698861436,8.01421698861436,0.5652126932923682,0.5652126932923682,4.875716115883261,4.875716115883261,70.18878048376368,0.0
Washout🏆RS,3094,0,5.612946493948356,5.612946493948356,4.273604304328543,4.273604304328543,0.2809003570837407,0.2809003570837407,2.3040831117480516,2.3040831117480516,281.24612097745796,0.0
D+L1🏆RS,1943,2,4.2374204013546555,4.152203286898107,3.0482508493856084,3.0482508493856084,0.18134448559683536,0.18410503711764178,1.7886554283498797,1.7784151889145134,311.317563831801,0.0
Spring🏆RS,282,0,4.626338558007381,4.626338558007381,3.2209687324038336,3.2209687324038336,0.23417366996285707,0.23417366996285707,2.0484535972582667,2.0484535972582667,160.41884739129864,0.0
Engulf-Abs🏆RS,160,0,7.679014018336083,7.679014018336083,5.6241840206919305,5.6241840206919305,0.3491545738486033,0.3491545738486033,2.8949383385553222,2.8949383385553222,124.47119216485154,0.0
L43-TRIPLE🏆RS,320,0,7.236569814158313,7.236569814158313,6.281429935519617,6.281429935519617,0.40082516767627896,0.40082516767627896,3.2952473407615,3.2952473407615,158.67007981850918,0.0
Atomic🏆RS💎,10166,2,3.1215409028499708,3.1385476274428066,1.5815310519561254,1.5844760286423731,0.14392722393789478,0.1449240792803301,1.5261880427369572,1.5304161008276156,249.95476411367204,-1.0
QZ-Capit🔵dwell,40636,10,2.750083863089176,2.771132847865688,2.0843588321913966,2.087829057713125,0.14374804214817966,0.14518999288922937,1.5027032948663164,1.5083187756018976,486.5512172055471,1.0
D+L1🔵dwell,2280,3,2.390374205323423,2.3476302707021692,1.6648734451011282,1.6653100891231454,0.1266564678786673,0.13086606852475277,1.4495923442085268,1.446699212298767,259.9233491473909,1.0
L43🔵dwell,1445,0,6.146355235412548,6.146355235412548,3.876678749075052,3.876678749075052,0.2637550153701909,0.2637550153701909,2.2689021308184034,2.2689021308184034,186.937303048297,0.0
ZRT🟢L46,14075,14,2.5399348083393867,2.525339701350391,1.7842130180409754,1.793959715700072,0.13585051483314836,0.1403603027174758,1.4860372137172906,1.488382732507918,310.36359306010183,1.0
ZRT🟢L46🔵dw,10750,13,2.647530815427896,2.6209491333434256,1.8854162893260862,1.8868954742815858,0.14604398306636812,0.1525087347393802,1.5371356288209603,1.5389027157216726,310.36359306010183,2.0
Washout🔎iv,27134,21,4.023481093624814,3.971509902174122,2.2147804411605856,2.2119905847327646,0.14851186250271878,0.14889458997823452,1.6049659601978432,1.5982066391923373,928.9010180674932,-2.0
ZRT🟢🔎iv,12680,11,2.703786945253237,2.6668969294764637,1.9132737532424449,1.9164273450345937,0.1461951510473151,0.15023580869845712,1.5314088921310824,1.5285368028164108,310.36359306010183,0.0
Washout💥vol,19857,14,3.9810493924252612,3.9136965747651296,2.2229279755997586,2.2201041497690364,0.1551288049510987,0.1560895427968712,1.6392818455026572,1.629775485284087,928.9010180674932,0.0
🧊Coil-Floor,16051,3,4.559650865109651,4.5545834752562655,3.3891642048728796,3.3908834836978876,0.24266864962212803,0.24419758800024413,1.9959300331556602,1.996950004883098,265.4744799467465,0.0
🌀Engulf-AbsRev🟡,2590,6,4.09688779808075,3.6389167971537386,2.219906705955826,2.193102975363953,0.171768541895688,0.17323271956707567,1.7791573292494811,1.6948478003481335,383.17534852973677,1.0
🎯T1-RS-Dip,1715,0,5.228553440317847,5.228553440317847,3.6008065387299,3.6008065387299,0.23271051790517183,0.23271051790517183,1.996380642943106,1.996380642943106,195.78469877488288,0.0
🎯T3-RS-Dip,5530,0,4.405891982731311,4.405891982731311,2.592849072506925,2.592849072506925,0.2122932656232281,0.2122932656232281,1.8837821955246152,1.8837821955246152,255.37372154357536,0.0
🏆L34→L34,463,3,4.646558575624416,2.2708151168294743,0.8776541389221628,0.842523808746404,0.09414496811812963,0.1113371438020649,1.7338679028223414,1.3666596621346336,932.2798498488826,5.0
🏆L34→L34+RS,194,1,5.117094407236299,3.81128782167652,2.6989085117124887,2.63186736485535,0.18637213373096073,0.18481853288313166,1.9454627841944796,1.7005648370756616,257.1377654202735,0.0
G3-Abs🕯️mid,3161,2,5.963270488773343,6.014430953800122,4.069168462898337,4.080691565830713,0.2758433401269322,0.2793755880649919,2.256813119319716,2.279564329789882,214.0803590069441,-1.0
L43-TRIPLE🕯️mid,250,0,9.324757823903221,9.324757823903221,6.611147859578731,6.611147859578731,0.39487446456842007,0.39487446456842007,3.3405472575312105,3.3405472575312105,162.1087857344418,0.0
📐RSI-Div🏆RS,1834,0,4.192191999045462,4.192191999045462,3.814970176664395,3.814970176664395,0.20583854883258465,0.20583854883258465,1.8202287749013586,1.8202287749013586,227.9229330679885,-1.0
📐RSI-Div🏆RS deep,936,0,4.85403484419484,4.85403484419484,4.231498906076764,4.231498906076764,0.22265845234478635,0.22265845234478635,1.9575320467739892,1.9575320467739892,227.9229330679885,-2.0
🔄DualReclaim🏆RS,4444,2,5.350480251420712,5.313280211902186,4.246481535936225,4.246481535936225,0.27509538067643824,0.2793965365143182,2.2516274537114227,2.2480591671649477,262.6026878347216,1.0
🔄DualReclaim deep,1475,1,6.651936784891332,6.478293127462682,4.803531370731401,4.788328754421184,0.3574576199617219,0.37276768958238987,2.9586749732173736,2.9062520291203673,262.6026878347216,2.0
Washout🕐DR,2344,0,5.8267157910458725,5.8267157910458725,4.759403919781086,4.759403919781086,0.30796842948630754,0.30796842948630754,2.4246756442416038,2.4246756442416038,174.26911604914412,-1.0
Zone-Retest🕐DR,15826,15,3.881077839047738,3.874867594279849,2.7145648118112984,2.7213906206178304,0.20321786899183292,0.20954877231106495,1.8362673539584333,1.8447089476099177,294.7568214372385,3.0
L43-TRIPLE🕐DR,234,0,8.174176677877922,8.174176677877922,7.7003515991640406,7.7003515991640406,0.5064760800989073,0.5064760800989073,3.9199876620733343,3.9199876620733343,70.18878048376368,0.0
RTB-Base🕐DR,3593,1,4.7873740527435045,4.714799691414439,3.982300574479419,3.9716477460607527,0.29162624804921866,0.2978123745886445,2.304586020498562,2.2844515172020254,265.4744799467465,0.0
G3→G3🕐DR,2904,0,7.859755009233646,7.859755009233646,5.845203130850324,5.845203130850324,0.3709523144605785,0.3709523144605785,3.001202039447175,3.001202039447175,173.75273790584828,-1.0
QZ-Capit🕐DR,4659,2,4.60123587166104,4.640330565337367,2.986470918801448,2.992706769098713,0.21801570801813713,0.22070457506312297,1.8949662268461238,1.9087410097563282,300.855967683988,0.0
🎬StopVol-Confirm,3821,2,2.4419487495560834,2.48529981071448,1.4431298791035165,1.4621562574610283,0.12014964080040226,0.12278524911359305,1.4156272724265717,1.4258320585843203,227.9229330679885,0.0
🎬StopVol-Deep,1022,0,4.450273691154042,4.450273691154042,2.911973131166129,2.911973131166129,0.23853473863992905,0.23853473863992905,1.95729024280247,1.95729024280247,118.25922826286886,0.0
Washout🧊CONSO,11418,2,2.388811013774878,2.4020114913708803,1.729349111789119,1.7354360561502358,0.1416479471646315,0.1426802587947914,1.5029349638239125,1.506989696386834,374.6328751921622,0.0
RTB-Base🧊CONSO,37677,21,2.207006698482019,2.1810348086001365,1.515299556478006,1.5149593443704648,0.10563856575097556,0.10566084134076155,1.3883367903201476,1.3844394367180044,997.5582762952346,-2.0
L43-TRIPLE🔇QUIET,1230,0,7.044702956737805,7.044702956737805,4.4577021835433825,4.4577021835433825,0.2980067615802245,0.2980067615802245,2.4744530848882795,2.4744530848882795,186.937303048297,0.0
🥇G3·LEAD-in-LAG,1781,1,6.667725447313355,6.7185039364263535,4.980439933320341,4.993560079696052,0.35773559897363216,0.3627643229934827,2.845497610668154,2.8830066788320714,158.2840349394429,-2.0
🥇G3A·LEAD-in-LAG,1123,1,6.782664757708548,6.8633248735120524,5.438294649503478,5.4419347705671415,0.35548735191824077,0.36321785144777763,2.864636413108491,2.9245734619121913,158.2840349394429,1.0
🥇L43·LEAD-in-LAG,171,0,7.216684678394747,7.216684678394747,6.3569063072058505,6.3569063072058505,0.44329165284606914,0.44329165284606914,3.4457424753850963,3.4457424753850963,70.18878048376368,0.0
🥪T2G-Sandwich🏆RS,197,0,3.615946222472582,3.615946222472582,1.7828706744950795,1.7828706744950795,0.17360805338957389,0.17360805338957389,1.7198462523306342,1.7198462523306342,140.90960706677603,0.0
🪨T1G-NB🏆RS,342,1,5.177018876477259,4.422104891262465,3.531184098322199,3.5279988833835816,0.2165721794323283,0.22756246727199328,2.0562803527625264,1.899615161159135,262.6026878347216,4.0
🌉Z1G→T4 🟡watch,166,0,15.715130881235018,15.715130881235018,8.047746699174002,8.047746699174002,0.49720080203431033,0.49720080203431033,5.624065384639715,5.624065384639715,256.14726235011165,0.0
🧲Z9-HL 🟡watch,270,0,12.889549631709258,12.889549631709258,13.588650607097758,13.588650607097758,0.5268023981026024,0.5268023981026024,3.8643997138114003,3.8643997138114003,92.40782014953012,0.0
🌉v2 Z1G→T3/T6 🟡watch,188,0,17.302505261292453,17.302505261292453,16.60403072879087,16.60403072879087,0.6587571773260272,0.6587571773260272,6.406079174152842,6.406079174152842,109.3644503271443,0.0
🧺SEQ-20 🟡watch,596,0,5.011332098945184,5.011332098945184,4.0793719950028065,4.0793719950028065,0.23063950532942792,0.23063950532942792,1.9305397584027406,1.9305397584027406,193.89013037904897,0.0
👑Z1G-CROWN 🟡watch,1105,0,16.565491536151114,16.565491536151114,14.949090494692758,14.949090494692758,0.5966613699818994,0.5966613699818994,5.1645672015086985,5.1645672015086985,176.68185989334003,0.0
coil_floor·🧱OB,4303,1,10.364210392219949,10.386778434814197,8.605312232187861,8.61116590065612,0.4629234012109981,0.4648949239000296,3.885523909123994,3.9074492979129594,239.10489718178636,0.0
gem1_capbounce·15mZ,141,0,8.238212019143965,8.238212019143965,7.071465353758449,7.071465353758449,0.3461506842792119,0.3461506842792119,2.76601033568251,2.76601033568251,113.75900357829165,0.0
z11t11·15mZ,288,0,12.803718263982605,12.803718263982605,8.931164760154815,8.931164760154815,0.40421880444127645,0.40421880444127645,4.652821131316585,4.652821131316585,353.2359947055274,0.0
g3g3rl·🏆RS,398,0,9.217330386524587,9.217330386524587,8.226087423104762,8.226087423104762,0.47591739982552556,0.47591739982552556,3.713237708392163,3.713237708392163,92.69117302307409,0.0
g3g3rl·🔑KEY,1259,0,10.788622187418282,10.788622187418282,8.7741915799807,8.7741915799807,0.4715883860279461,0.4715883860279461,4.038059195885158,4.038059195885158,238.21854115418296,0.0
g3g3rl·CONF,410,0,12.90872675794717,12.90872675794717,9.263393235029188,9.263393235029188,0.4546475292700252,0.4546475292700252,5.3941090598918375,5.3941090598918375,353.2359947055274,0.0
g3g3rl·15mZ,1116,0,12.332399258626863,12.332399258626863,9.26599742950342,9.26599742950342,0.45984154530606547,0.45984154530606547,4.451368613131773,4.451368613131773,353.2359947055274,0.0
g3rl·🧱OB,595,0,13.447741806365677,13.447741806365677,9.924250326637713,9.924250326637713,0.5111751213781268,0.5111751213781268,4.693771242418288,4.693771242418288,182.15381700177,0.0
z1gcrown·🔑KEY,885,0,20.414978216722925,20.414978216722925,18.637661120133327,18.637661120133327,0.7518677525979927,0.7518677525979927,8.09945334235903,8.09945334235903,176.68185989334003,0.0
z1gcrown·15mZ,989,0,18.66360798240974,18.66360798240974,16.933016714499168,16.933016714499168,0.6827855700196426,0.6827855700196426,6.68363338484095,6.68363338484095,176.68185989334003,0.0
