ticker,date,med_before,med_after,level_shift,bar_ratio
ABTC,2026-07-06,0.92,5.865,6.375,15.160714285714285
ACON,2025-03-06,186.57,10.81,0.05794071930106663,0.2285714285714286
ACRS,2023-11-13,5.529999999999999,1.0,0.18083182640144668,0.13473684210526315
AERT,2026-06-12,0.695,6.82,9.812949640287771,8.787878787878787
AFJK,2025-12-09,11.33,52.93,4.671668137687555,11.0625
AGMH,2025-09-19,2.2,4.575,2.0795454545454546,4.63677130044843
AIB,2026-03-17,11.565000000000001,1.43,0.12364894076956331,0.24722932651321397
AIFU,2026-06-16,2.05,36.1,17.60975609756098,18.903345724907066
AIM,2025-06-17,0.13,8.645,66.5,112.66666666666667
AKTS,2026-01-09,0.07,19.835,283.35714285714283,560.0
ALF,2024-08-01,0.97,9.995000000000001,10.304123711340207,91.0909090909091
ALIT,2026-07-01,0.775,19.185,24.75483870967742,24.517857142857142
AMIX,2026-06-23,0.38,5.734999999999999,15.092105263157894,19.842105263157894
AMLX,2024-03-08,15.785,2.615,0.16566360468799493,0.1771217712177122
AMOD,2026-06-15,0.22,4.05,18.409090909090907,44.0
APM,2024-03-06,1.68,7.7,4.583333333333334,6.544827586206897
APUS,2026-03-26,14.55,1.395,0.0958762886597938,0.09314285714285714
ASST,2025-05-07,10.75,123.1,11.451162790697675,5.557377049180328
ASTC,2026-05-27,3.135,11.085,3.5358851674641154,5.5910931174089065
ATPC,2025-12-10,62.25,4.415,0.07092369477911646,0.05171102661596958
ATRA,2023-11-09,37.375,14.055,0.37605351170568563,0.19834710743801653
ATYR,2025-09-15,5.255,0.965,0.18363463368220742,0.16749585406301823
AVTX,2023-06-26,721.2,54.84,0.07603993344425956,0.11312217194570136
AVTX,2024-03-28,4.6,13.905,3.0228260869565218,4.578947368421052
AVX,2026-06-15,0.525,4.35,8.285714285714285,12.666666666666668
AZTR,2024-07-24,27.16,4.28,0.15758468335787923,0.23534743202416916
BBBY,2025-08-29,0.37,8.705,23.527027027027028,116.99999999999999
BDMD,2024-12-31,2.315,6.265000000000001,2.706263498920087,7.238095238095237
BEBE,2026-02-06,0.75,9.91,13.213333333333333,14.214285714285714
BHVN,2022-10-04,149.74,14.48,0.0967009483104047,0.054677206851119896
BIOA,2024-12-09,21.805,5.0649999999999995,0.23228617289612472,0.23145843703334995
BIYA,2026-07-13,0.71,3.1,4.366197183098592,8.91304347826087
BMGL,2026-06-22,0.61,6.0649999999999995,9.942622950819672,11.951612903225806
BMNR,2025-06-30,7.2,45.4,6.305555555555555,7.95774647887324
BMR,2024-02-12,1.5350000000000001,6.82,4.44299674267101,4.7156398104265405
BNY,2026-05-21,10.17,144.235,14.182399213372666,13.625490196078431
BOXL,2026-06-22,0.86,3.63,4.220930232558139,5.966666666666667
BQ,2025-10-31,7.955,2.13,0.2677561282212445,0.23571007660577492
BTCT,2024-11-12,1.62,7.33,4.5246913580246915,4.166666666666667
CALC,2026-01-28,5.305,0.65,0.12252591894439209,0.244140625
CAMP,2024-10-11,3.3049999999999997,9.780000000000001,2.959152798789713,26.8
CAPR,2025-12-03,6.1899999999999995,26.02,4.203554119547658,4.710691823899371
CCHH,2025-12-12,5.470000000000001,0.53,0.09689213893967093,0.17526455026455026
CCHH,2026-07-13,0.425,1.41,3.317647058823529,9.368421052631579
CCXI,2026-02-09,51.64,10.17,0.19694035631293572,0.19734564339296018
CDLX,2026-06-08,0.755,4.279999999999999,5.668874172185429,8.666666666666668
CDTG,2026-06-01,0.33,1.93,5.848484848484848,28.8
CETX,2026-06-04,0.99,2.915,2.9444444444444446,9.237288135593221
CGTL,2025-04-25,3.9799999999999995,0.96,0.2412060301507538,0.24754098360655738
CGTL,2026-07-07,0.4,4.45,11.125,14.612903225806452
CHOW,2025-12-10,9.305,0.7,0.07522837184309511,0.15641025641025644
CHSN,2024-10-04,13784.0,62720.0,4.550203134068485,4.871710526315789
CHSN,2025-01-23,49840.0,2502.4,0.050208667736757626,0.13028571428571428
CHSN,2026-04-24,249.0,1.27,0.005100401606425703,0.07377510040160642
CISS,2025-12-11,271.6,24.035,0.0884941089837997,0.1929824561403509
CLRB,2024-12-11,60.9,7.865,0.12914614121510673,0.23854166666666668
CNR,2025-01-15,24.505000000000003,82.61000000000001,3.3711487451540503,4.132603406326034
COHR,2022-09-08,267.41499999999996,35.16,0.13148103135575792,0.1624971827811584
CORZ,2022-10-27,1.44,0.15,0.10416666666666667,0.21782178217821782
CORZ,2022-12-21,0.17,3.455,20.323529411764707,0.2380952380952381
CORZ,2024-01-24,0.14,3.465,24.749999999999996,43.0
CREG,2026-06-16,0.385,1.98,5.142857142857142,10.894736842105262
CRIS,2026-07-06,0.485,4.79,9.876288659793815,16.971428571428575
CRVO,2024-12-10,12.085,2.225,0.18411253620190318,0.2107317073170732
CTNT,2024-05-14,5056.0,1733.28,0.3428164556962025,5.378151260504202
CTNT,2024-05-21,5056.0,1595.6799999999998,0.3156012658227848,0.07994579945799458
CTNT,2026-04-15,296.1,2.1399999999999997,0.007227288078351907,0.10160714285714285
CUPR,2025-08-15,7.535,1.045,0.1386861313868613,0.12659574468085105
CUPR,2026-05-26,0.29,3.99,13.758620689655174,7.259259259259259
CURR,2024-09-03,0.11,2.435,22.136363636363637,36.25
CXAI,2023-04-13,1.815,10.149999999999999,5.5922865013774095,4.45625
CYCN,2026-04-01,1.375,3.1399999999999997,2.2836363636363632,4.116129032258065
DAIC,2026-06-01,0.19,1.8050000000000002,9.5,32.42857142857142
DBD,2023-08-14,0.74,18.630000000000003,25.17567567567568,82.28
DFNS,2026-02-09,9.99,1.275,0.1276276276276276,0.1859922178988327
DKI,2025-09-30,98.56,10.57,0.10724431818181818,0.12285714285714286
DLXY,2025-09-30,5.085,0.91,0.17895771878072764,0.1681547619047619
DOGZ,2026-01-26,11.05,1.48,0.1339366515837104,0.2378854625550661
DRUG,2024-10-15,1.165,43.475,37.317596566523605,15.457831325301205
DTSS,2024-02-14,2.4699999999999998,7.96,3.222672064777328,6.108843537414966
DWTX,2025-01-23,2.5149999999999997,6.654999999999999,2.646123260437376,4.767857142857143
EDBL,2026-07-13,0.22,2.91,13.227272727272728,42.0
EDHL,2025-07-14,78.56,8.63,0.10985234215885947,0.2123546511627907
EJH,2024-08-13,16500.0,1306.875,0.07920454545454546,0.11450381679389313
ELME,2026-01-08,17.31,2.19,0.12651646447140383,0.1598384304673976
ELOX,2026-05-12,1.32,11.969999999999999,9.068181818181817,0.013986013986013988
ELOX,2026-05-15,1.32,12.0,9.09090909090909,96.5
ELOX,2026-05-20,1.32,12.0,9.09090909090909,10.98181818181818
ELPW,2025-08-20,2892.8,420.16,0.1452433628318584,0.12449278846153845
ELPW,2026-01-30,173.95,6.8100000000000005,0.039149180799080203,32.40918337692532
ELPW,2026-02-02,173.95,6.33,0.036389767174475424,0.09612625538020086
ENGN,2026-05-07,7.25,1.72,0.23724137931034484,0.1943502824858757
ENLV,2026-07-09,0.695,4.26,6.129496402877698,15.416666666666668
EXOD,2022-06-28,16.99,3.6799999999999997,0.21659799882283698,0.2210526315789474
EZGO,2023-09-06,309375.0,21067.5,0.0680969696969697,0.17045454545454544
EZGO,2026-05-06,199.01999999999998,1.525,0.007662546477740931,0.08421052631578947
FAMI,2026-06-29,1.27,0.19,0.14960629921259844,0.2295081967213115
FBRX,2021-09-03,731.125,74.125,0.10138485211147205,0.1769849597761455
FCHL,2026-04-17,90.38,1.5550000000000002,0.017205133879176812,0.23118279569892472
FCUV,2026-06-23,0.825,2.955,3.581818181818182,7.611111111111112
FEMY,2023-09-26,0.42,1.35,3.2142857142857144,4.484848484848484
FEMY,2026-06-08,0.385,3.795,9.857142857142856,17.387096774193548
FIEE,2025-07-10,211.455,2.825,0.01335981650942281,0.016448839636237143
FIG,2025-07-31,22.009999999999998,69.645,3.16424352567015,4.848866498740554
FLYE,2024-07-23,568.0,72.255,0.1272095070422535,0.1833855799373041
FLYE,2025-08-15,104.8,14.245000000000001,0.135925572519084,0.1288659793814433
GCTK,2024-11-13,2591.07,310.26,0.119742037073487,0.22938702688925705
GDC,2026-05-06,3.685,0.11,0.029850746268656716,0.2070116861435726
GDC,2026-05-07,3.635,0.11,0.030261348005502064,0.12096774193548386
GDC,2026-06-29,0.11,1.69,15.363636363636363,249.00000000000003
GDHG,2023-12-07,351093.75,11814.375,0.033650200267022694,0.11005692599620494
GDHG,2025-04-01,429.375,107.72,0.25087627365356624,0.11515923566878981
GIBO,2026-06-30,1.31,28.64,21.862595419847327,18.16
GIPR,2026-07-10,0.2,0.745,3.7249999999999996,10.499999999999998
GMM,2026-06-11,1.26,2.88,2.2857142857142856,48.0
GNLN,2025-04-24,1837.8,42.900000000000006,0.023343127652628148,0.06107491856677525
GOSS,2026-02-23,2.52,0.42,0.16666666666666666,0.1971830985915493
GPUS,2025-05-05,2.335,4.835,2.0706638115631693,5.656934306569343
GSIW,2024-09-13,1446.0,274.0,0.18948824343015214,0.24508196721311476
GSIW,2024-09-20,1446.0,241.0,0.16666666666666666,0.17113665389527458
GSIW,2025-07-21,296.0,23.41,0.07908783783783783,0.12941176470588237
HAO,2026-05-11,140.8,1.09,0.007741477272727272,0.06164383561643835
HCTI,2025-05-15,3327.885,306.27,0.09203142536475868,0.16710992116614606
HCTI,2025-05-16,3269.62,310.005,0.0948137704075703,0.2101149998219817
HCWB,2026-06-30,1.17,3.6,3.076923076923077,5.670454545454546
HHH,2023-08-14,12.925,75.805,5.864990328820117,6.3091202582728005
HIT,2025-03-12,5.955,0.67,0.11251049538203191,0.1769436997319035
HKIT,2023-09-06,535.0,98.25,0.18364485981308412,0.13157894736842105
HKIT,2026-03-23,97.25,0.995,0.010231362467866325,0.09563025210084035
HKIT,2026-07-06,0.53,3.4,6.415094339622641,25.176470588235293
HOLO,2023-09-13,25560.0,6556.0,0.2564945226917058,0.19943555973659455
HOLO,2024-02-07,2207.2,5296.0,2.399420079739036,11.920529801324504
HUBC,2026-06-08,0.415,1.3250000000000002,3.19277108433735,9.263157894736842
HUDI,2022-11-07,27.674999999999997,6.4399999999999995,0.23270099367660343,0.08783333333333333
IBTA,2024-04-18,25.35,102.985,4.062524654832347,4.072978303747535
ICCM,2026-06-04,0.27,3.62,13.407407407407407,34.8
ILLR,2026-06-23,0.23,1.29,5.608695652173913,4.866666666666667
IMUX,2022-10-21,43.7,14.0,0.3203661327231121,0.22608695652173913
INKT,2025-07-11,7.285,14.93,2.0494166094715167,8.301423027166882
INLF,2025-02-18,78.18,27.04,0.3458685085699667,0.20759338640538888
INTZ,2024-12-27,0.6,1.83,3.0500000000000003,4.8
IZM,2024-04-17,8.96,2.21,0.2466517857142857,0.11740493923951391
JAN,2026-03-20,2.5,25.14,10.056000000000001,10.582959641255606
JCSE,2022-07-20,38.4,5.76,0.15,0.24793388429752067
JDZG,2026-02-17,30.25,2.295,0.07586776859504132,0.1889763779527559
JL,2024-02-29,148.9,9.85,0.06615177971793149,0.15625
JLHL,2026-07-09,21.605,7.76,0.35917611663966675,4.179738562091503
JSPR,2023-01-03,6.17,17.9,2.901134521880065,5.67287784679089
JYD,2025-04-02,201.0,13.18,0.06557213930348259,0.043337515683814304
KALA,2025-09-29,545.25,39.87,0.07312242090784044,0.1073490813648294
KBSX,2025-03-18,6.785,1.98,0.2918201915991157,4.097014925373134
KLAC,2026-06-12,1843.685,221.715,0.12025644293900531,0.10554643313264003
KOD,2022-02-23,62.745000000000005,7.75,0.1235158179934656,0.19582919563058587
KRRO,2025-11-13,40.345,7.890000000000001,0.19556326682364608,0.2068746021642266
KXIN,2026-01-30,83.775,6.77,0.08081169800059683,0.11846001974333663
LABT,2026-06-22,0.77,2.5,3.2467532467532467,9.358974358974358
LBGJ,2026-02-27,79.8,1.2,0.015037593984962405,0.16176470588235295
LHSW,2026-06-22,0.21,2.52,12.0,19.0
LICN,2024-12-06,378.0,32.35,0.08558201058201059,0.23047169811320756
LIFE,2026-01-29,1.7,11.870000000000001,6.9823529411764715,8.86842105263158
LNKS,2026-03-23,273.75,1.745,0.006374429223744292,0.13795093795093794
LPA,2024-05-30,7.925000000000001,16.93,2.136277602523659,7.841563162677978
LPCN,2026-04-02,8.305,2.315,0.27874774232390126,0.2216216216216216
LZMH,2026-04-17,25.4,1.67,0.065748031496063,0.1591743119266055
MCHB,2025-09-02,26000.0,13.445,0.0005171153846153846,0.0002941717650305902
MDXH,2023-11-14,27.3,3.28,0.12014652014652014,0.0965625
MENS,2025-12-17,34.099999999999994,3.1799999999999997,0.09325513196480939,0.1896103896103896
MGN,2026-03-26,2.065,0.175,0.0847457627118644,0.0660377358490566
MGNX,2024-05-10,15.59,4.35,0.27902501603592045,0.2256305385139741
MI,2026-03-10,334.6,24.035,0.0718320382546324,0.1702637889688249
MIRA,2024-07-22,0.735,1.935,2.63265306122449,7.260869565217392
MLGO,2023-12-07,20040.0,4572.6,0.2281736526946108,0.2139874739039666
MLGO,2025-02-21,51.15,175.2,3.4252199413489737,5.530434782608696
MLGO,2025-03-24,84.6,255.45,3.019503546099291,5.551587301587302
MLTX,2025-09-29,54.25,10.085,0.18589861751152076,0.10082271334086143
MNDR,2026-06-29,0.765,3.035,3.9673202614379086,6.611111111111111
MNPR,2024-10-24,4.58,19.424999999999997,4.241266375545851,7.0539956803455715
MQ,2026-07-01,3.95,17.259999999999998,4.369620253164556,4.093596059113301
MSGM,2023-01-31,3.8449999999999998,9.68,2.517555266579974,8.136882129277566
MSGY,2025-10-02,13.280000000000001,1.605,0.12085843373493975,0.14473684210526316
MSS,2023-12-15,97.35,9.9,0.1016949152542373,0.1643655489809336
MTC,2024-05-20,16.68,3.16,0.1894484412470024,0.14978601997146934
MTC,2025-11-05,0.85,2.6900000000000004,3.164705882352942,7.366666666666667
MTEN,2026-01-09,216.5,1.76,0.00812933025404157,0.21888483239296383
MVST,2024-11-13,0.21,1.255,5.976190476190476,4.444444444444445
NCL,2023-12-19,77.12,8.760000000000002,0.11358921161825727,0.11538461538461539
NCL,2025-06-06,3.31,1.43,0.43202416918429,0.1925925925925926
NCRA,2026-07-07,0.165,1.53,9.272727272727272,28.57142857142857
NINE,2026-03-31,0.42,9.455,22.511904761904763,13.898305084745763
NMRA,2025-01-02,10.55,1.9249999999999998,0.1824644549763033,0.1858490566037736
NTCL,2026-06-11,0.395,2.89,7.3164556962025316,0.13745704467353953
NTCL,2026-07-06,0.365,3.355,9.191780821917808,51.333333333333336
NUWE,2026-06-26,0.81,2.85,3.5185185185185186,36.666666666666664
NVNI,2024-12-19,7.55,33.05,4.377483443708609,4.171875
NXTT,2025-05-09,59.45,413.0,6.947014297729184,7.612903225806452
OCG,2025-12-11,1848.0,9.47,0.005124458874458874,0.10471264367816092
OCG,2025-12-12,1824.9,7.625,0.0041783111403364565,0.24149286498353456
OMEX,2024-09-17,4.015,0.6,0.14943960149439603,0.10683760683760685
ONEG,2026-05-07,3.3049999999999997,1.08,0.3267776096822996,0.19664634146341464
OPAD,2026-06-09,0.745,4.82,6.469798657718121,9.425925925925926
OPI,2026-06-22,0.24,18.06,75.25,85.0
ORIS,2024-12-05,140.4,30.299999999999997,0.2158119658119658,6.992509363295881
ORIS,2024-12-06,142.4,30.2,0.21207865168539325,0.06463131583645777
ORMP,2023-01-12,8.43,2.08,0.24673784104389088,0.2354031510658017
OST,2025-06-26,132.875,2.605,0.01960489181561618,0.06097560975609756
OTLK,2023-08-30,32.8,4.555,0.1388719512195122,0.19042553191489361
OVID,2024-06-17,3.085,0.91,0.29497568881685576,0.24012158054711247
PAPL,2025-07-22,0.28500000000000003,4.535,15.912280701754385,38.88888888888889
PAVS,2025-12-01,732.6,24.84,0.033906633906633905,0.07428571428571427
PAVS,2026-06-29,1.0550000000000002,4.915,4.6587677725118475,87.85714285714285
PETZ,2022-01-10,98.2,8.985,0.0914969450101833,0.18137254901960786
PFSA,2026-07-07,0.29,1.73,5.9655172413793105,25.545454545454547
PHUN,2021-10-22,50.5,180.75,3.5792079207920793,5.712418300653595
PHUN,2024-01-16,4.13,14.49,3.5084745762711864,5.540897097625329
PHVS,2022-12-08,3.415,9.5,2.781844802342606,4.565737051792829
PLRZ,2025-05-13,567.6,4.805,0.008465468639887244,0.08142857142857143
POAS,2026-02-13,3.645,1.5950000000000002,0.4375857338820302,0.1651090342679128
POAS,2026-05-29,2.255,0.29,0.1286031042128603,0.1947565543071161
PRAX,2022-06-06,130.8,40.725,0.3113532110091743,0.21885913853317812
PRHI,2026-06-02,0.68,5.085,7.477941176470588,7.821917808219178
PROK,2025-07-08,0.75,2.73,3.64,6.114754098360656
PRQR,2022-02-11,6.859999999999999,0.98,0.14285714285714288,0.24645390070921985
PRTS,2026-05-26,0.815,6.154999999999999,7.552147239263803,9.53225806451613
PSIG,2026-06-26,7.895,1.22,0.15452818239392022,0.12288135593220338
PSQH,2026-07-13,0.49,3.7,7.551020408163266,11.756097560975611
PTN,2025-11-12,0.44,17.28,39.27272727272727,122.66666666666666
PW,2026-06-03,0.755,9.35,12.3841059602649,11.144578313253012
QH,2025-10-29,208640.0,32640.0,0.15644171779141106,0.15517241379310345
QH,2026-02-26,29896.0,3360.0,0.1123896173401124,0.18285714285714286
QH,2026-05-29,3360.0,193920.0,57.714285714285715,82.23404255319149
QMMM,2024-11-18,8.475,0.86,0.10147492625368731,0.2360163710777626
QNCX,2026-01-29,33.9,1.175,0.03466076696165192,0.0849056603773585
QNCX,2026-02-10,31.3,1.05,0.03354632587859425,4.061538461538461
QNCX,2026-06-30,1.07,18.67,17.448598130841123,19.77173913043478
QTI,2026-01-28,0.48,5.825,12.135416666666668,14.975
QTTB,2024-12-11,44.345,3.295,0.07430375465103169,0.2437525604260549
QUCY,2026-05-13,0.48,1.93,4.020833333333333,4.1875
QXO,2024-07-30,73.765,13.73,0.1861316342438826,0.19917355371900827
RAIN,2023-05-22,8.125,1.245,0.15323076923076925,0.1228600201409869
RAIN,2025-01-02,1.2,3.71,3.091666666666667,6.033057851239669
RAYA,2025-07-21,4587.0,119.57,0.02606714628297362,0.0523202614379085
RBNE,2026-07-09,1.045,3.2,3.0622009569377995,17.456521739130434
RDGT,2026-03-24,258.605,1.905,0.007366446897778465,0.03711359404096834
RETO,2023-08-24,4210.0,1199.6999999999998,0.28496437054631824,0.17065868263473055
RGS,2024-06-25,5.085,22.884999999999998,4.500491642084562,4.047337278106508
RLMD,2022-10-13,31.895,5.98,0.18749020222605425,0.20416535184600818
RLMD,2024-12-04,3.325,0.38,0.11428571428571428,0.22743682310469315
RMSG,2026-04-13,0.575,1.38,2.4,5.744680851063831
RMTI,2026-07-01,0.715,6.359999999999999,8.895104895104895,9.436363636363636
RNA,2026-02-27,72.63499999999999,13.71,0.18875197907344948,0.2026098901098901
ROLR,2026-01-14,1.8250000000000002,4.535,2.484931506849315,5.3664772727272725
RPGL,2026-05-26,0.54,2.105,3.898148148148148,34.48275862068966
RPT,2024-12-03,71.13,17.52,0.2463095740194011,0.2338269680436477
RUBI,2026-06-26,0.635,2.54,4.0,27.708333333333336
RYDE,2024-09-12,7.29,0.705,0.09670781893004114,0.15865751334858888
RYET,2025-07-14,9.01,1.59,0.17647058823529413,0.09396636993076163
RZLT,2025-12-11,9.625,2.6950000000000003,0.28,0.12797074954296161
SBET,2025-05-27,3.205,23.6,7.363494539781591,5.331845238095238
SBFM,2026-06-01,0.995,2.11,2.120603015075377,9.56
SCYX,2026-06-01,0.95,4.19,4.4105263157894745,7.614285714285715
SDOT,2026-05-26,1.47,17.6,11.97278911564626,18.0625
SEV,2025-10-16,0.28500000000000003,6.525,22.89473684210526,38.095238095238095
SFHG,2024-12-11,57.525,4.8149999999999995,0.08370273794002607,0.14461830251303937
SHPH,2026-06-11,0.675,3.5,5.185185185185185,8.53061224489796
SI,2025-07-31,1.52,14.26,9.381578947368421,12.040000000000001
SILO,2026-06-03,0.42,5.955,14.178571428571429,17.514285714285716
SKBL,2025-07-07,11.585,0.695,0.05999136814846784,0.12419354838709677
SKK,2024-11-21,49.45,10.6,0.21435793731041455,0.2412280701754386
SLXN,2026-05-26,0.755,2.73,3.615894039735099,8.58
SMSI,2026-06-04,0.8,2.66,3.325,4.987654320987654
SNAL,2026-07-06,0.735,4.745,6.45578231292517,4.951612903225806
SNTI,2024-12-02,2.18,4.425,2.029816513761468,4.62962962962963
SOBR,2022-05-16,8203.8,1086.855,0.1324818986323411,0.2244668911335578
SOLS,2023-07-19,0.015,42.985,2865.6666666666665,0.0
SPCX,2026-06-12,21.9,137.61,6.283561643835617,7.322565969062784
SPHL,2025-03-12,20.72,4.155,0.20053088803088806,0.20666666666666667
SPPL,2024-03-12,43.8,5.970000000000001,0.13630136986301372,0.21869488536155202
SPRB,2024-03-14,352.5,55.845,0.1584255319148936,0.15619781631342325
SPRB,2025-10-06,8.850000000000001,116.805,13.198305084745762,14.784580498866214
SRRK,2024-10-07,8.71,28.975,3.3266360505166475,4.619946091644205
SRXH,2026-07-06,0.12,1.8,15.000000000000002,20.222222222222225
STFS,2025-01-22,263.20000000000005,37.1,0.1409574468085106,0.19541080680977055
STFS,2025-08-20,70.6,6.65,0.09419263456090653,0.21014492753623187
STRR,2025-09-05,2.01,11.105,5.524875621890548,4.431924882629108
SUNE,2025-04-07,89.02000000000001,2.145,0.02409570882947652,0.23148148148148145
SVC,2026-07-07,1.685,8.53,5.062314540059346,5.005747126436782
SWAG,2022-12-16,10.055,1.4849999999999999,0.14768771755345597,0.14182939362795477
SXTC,2026-01-09,212.25,2.7,0.012720848056537103,0.12079999999999999
TBH,2026-06-01,0.65,4.095,6.3,8.789473684210527
TDIC,2025-10-10,19.825000000000003,2.3899999999999997,0.12055485498108445,0.1901639344262295
TDIC,2026-05-14,0.78,2.315,2.9679487179487176,0.03470715835140998
TDIC,2026-06-15,0.69,3.59,5.202898550724638,23.60869565217391
THH,2026-01-15,16.615000000000002,0.62,0.037315678603671375,0.2375
THH,2026-01-16,16.615000000000002,0.62,0.037315678603671375,0.12631578947368421
TJGC,2026-04-28,1.88,4.995,2.6569148936170213,4.071428571428572
TPST,2023-10-11,3.2,24.18,7.5562499999999995,40.71153846153846
TRNR,2026-06-30,0.8,3.17,3.9625,8.120689655172415
TVRD,2025-10-13,33.855000000000004,4.19,0.12376310736966474,0.1608173076923077
TWG,2024-10-25,157.05,25.525,0.16252785737026423,0.03996707818930041
UBXG,2024-08-23,3386.0,277.17999999999995,0.08186060248080329,0.07366771159874608
UCAR,2026-04-08,9.61,1.495,0.1555671175858481,4.327272727272727
UGRO,2026-03-25,2.64,8.93,3.3825757575757573,5.16951566951567
UPLD,2026-06-17,0.74,4.7,6.351351351351352,8.475409836065573
UPXI,2025-04-21,2.505,10.98,4.383233532934132,4.318777292576419
VEEE,2026-07-13,5.91,14.5,2.4534686971235193,5.157676348547717
VHUB,2026-01-30,0.41,2.09,5.097560975609756,12.84
VIVO,2026-03-16,33.305,2.7,0.08106890857228645,0.05563732705328231
VNTG,2025-10-09,5.955,0.95,0.1595298068849706,0.18749999999999997
VRAX,2026-06-26,0.17,3.13,18.41176470588235,22.21428571428571
VRM,2025-02-20,9.004999999999999,27.235,3.024430871737924,6.187624750499002
VTGN,2022-07-22,28.775,5.255,0.18262380538662035,0.14018691588785046
VTGN,2023-08-07,1.8050000000000002,5.58,3.0914127423822713,7.767857142857143
VTGN,2025-12-17,4.205,0.66,0.15695600475624258,0.19724770642201833
VVOS,2023-11-29,4.4399999999999995,10.79,2.43018018018018,9.339407744874716
WAI,2025-07-07,50.0,9.26,0.1852,0.19856749311294766
WBUY,2025-05-08,0.17,6.0,35.29411764705882,59.25000000000001
WGRX,2026-05-26,0.11,3.125,28.40909090909091,47.75
WLDS,2025-09-10,4.095,12.135,2.9633699633699635,5.078431372549019
WNW,2022-12-21,91000.0,16695.0,0.18346153846153845,0.16569948186528496
WNW,2026-03-17,152.975,4.095,0.026769079915018795,0.20032558139534884
WOK,2025-09-24,7908.75,429.0,0.054243717401612136,0.12335526315789473
WOK,2025-12-10,411.5,2.18,0.005297691373025517,0.03411131059245961
WOK,2026-06-18,0.21000000000000002,2.035,9.69047619047619,80.0
WTO,2024-08-28,135000.0,2363.5,0.01750740740740741,0.03811659192825112
WTO,2025-10-16,562.5,14.4,0.0256,0.1112396694214876
WW,2025-07-07,0.455,36.0,79.12087912087912,160.0
WXM,2026-06-04,0.485,3.705,7.639175257731959,15.789473684210526
XAIR,2026-07-13,0.44,5.56,12.636363636363635,17.833333333333336
XXII,2026-06-12,0.63,4.3,6.825396825396825,20.4375
YAAS,2025-07-01,180.2,32.625,0.1810488346281909,0.1199040767386091
YHC,2025-03-21,45.675,3.2800000000000002,0.07181171319102354,0.17621145374449337
YHC,2026-07-13,0.85,1.85,2.1764705882352944,128.5
YMAT,2026-07-10,0.6699999999999999,2.0199999999999996,3.014925373134328,6.421052631578947
YYAI,2025-10-07,4740.0,60.0,0.012658227848101266,0.07171314741035857
YYGH,2026-06-23,0.44,1.25,2.840909090909091,30.428571428571423
ZOOZ,2026-06-01,0.3,5.33,17.76666666666667,20.26666666666667
