ticker,n,base,std,ovs,mid,cross,green3,panic3,gapsoft,z11,wtop,r_ovs,r_mid,r_cross,r_green3,r_panic3,r_gapsoft,r_z11,cluster
A,8867,-0.003,4.181,-0.278,0.227,0.027,-0.04,0.229,0.135,0.699,-2.13,-0.275,0.23,0.03,-0.037,0.232,0.138,0.703,2
AAL,8867,-0.122,6.623,-0.277,-0.088,0.427,0.081,0.375,1.603,0.506,-7.058,-0.155,0.034,0.549,0.203,0.497,1.725,0.628,0
AAPL,8867,0.495,3.89,0.472,0.401,0.754,0.391,0.114,0.856,0.412,-0.108,-0.023,-0.094,0.259,-0.104,-0.381,0.361,-0.082,0
ABBV,8867,0.455,3.444,0.473,0.46,0.574,0.283,0.351,0.103,0.232,-1.166,0.018,0.005,0.118,-0.173,-0.104,-0.353,-0.223,0
ABNB,8867,0.438,5.912,0.673,0.544,0.241,0.639,1.171,0.501,1.156,-1.591,0.235,0.106,-0.197,0.201,0.733,0.063,0.718,2
ABT,8867,0.021,3.214,0.027,0.082,0.238,0.039,-0.154,-0.357,0.58,-1.259,0.006,0.061,0.217,0.018,-0.175,-0.378,0.559,0
ACGL,8867,0.434,3.204,0.992,0.488,0.562,0.295,0.904,0.345,0.02,-1.124,0.558,0.054,0.128,-0.139,0.47,-0.089,-0.415,2
ACN,8867,0.149,4.447,0.029,-0.378,0.247,0.364,-0.306,0.51,0.791,-1.376,-0.12,-0.526,0.098,0.216,-0.454,0.361,0.642,0
ADBE,8867,-0.092,5.297,0.518,-0.292,0.117,-0.104,-0.159,0.552,0.673,-4.628,0.61,-0.199,0.21,-0.012,-0.066,0.645,0.766,0
ADI,8867,0.283,4.325,0.618,0.644,-0.056,0.155,0.921,0.079,0.085,0.011,0.336,0.362,-0.339,-0.128,0.638,-0.204,-0.197,2
ADM,8867,0.224,3.957,0.77,0.228,-0.219,-0.211,0.623,0.278,0.055,-0.174,0.545,0.004,-0.444,-0.435,0.399,0.053,-0.169,2
ADP,8867,0.213,3.061,-0.251,0.182,0.424,0.051,0.082,0.43,0.464,-2.674,-0.465,-0.031,0.211,-0.162,-0.131,0.217,0.251,0
ADSK,8867,0.115,5.016,0.581,0.118,0.052,0.127,0.104,0.196,0.159,-3.488,0.466,0.003,-0.063,0.012,-0.011,0.081,0.045,2
AEE,8867,0.258,2.675,0.513,0.445,0.496,0.202,0.491,0.479,0.542,-0.036,0.256,0.188,0.239,-0.056,0.234,0.222,0.285,2
AEM,8867,0.423,5.402,0.799,0.025,1.118,0.545,0.072,0.491,0.893,-3.931,0.377,-0.397,0.695,0.123,-0.35,0.068,0.47,0
AEP,8867,0.335,2.806,0.074,0.454,0.384,0.38,0.153,0.661,0.943,-0.675,-0.261,0.119,0.049,0.045,-0.182,0.326,0.608,0
AES,8867,0.0,5.255,-0.136,-0.433,-0.261,0.307,-0.231,0.697,0.516,-2.537,-0.136,-0.433,-0.261,0.307,-0.231,0.697,0.516,0
AFL,8867,0.472,2.892,0.772,0.506,0.475,0.328,0.625,0.297,1.028,-0.118,0.3,0.034,0.003,-0.144,0.153,-0.175,0.556,2
AFRM,8867,0.103,13.246,0.069,0.207,1.127,0.461,-0.642,-0.623,-3.47,-3.141,-0.034,0.104,1.024,0.358,-0.745,-0.726,-3.573,0
AGI,8867,0.548,5.795,0.962,0.515,0.723,0.528,0.273,0.87,0.905,-4.584,0.413,-0.033,0.174,-0.021,-0.276,0.322,0.356,0
AI,8867,-1.293,10.615,-0.33,-1.008,-1.271,-1.051,-0.944,-1.13,-3.13,-0.644,0.963,0.285,0.022,0.242,0.349,0.163,-1.837,1
AIG,8867,0.449,3.511,0.652,0.738,0.352,0.416,0.607,0.653,0.524,-0.279,0.203,0.288,-0.097,-0.033,0.158,0.203,0.074,2
AIZ,8867,0.38,3.327,0.735,0.584,0.277,0.276,0.66,0.329,0.572,-0.581,0.355,0.204,-0.103,-0.104,0.28,-0.051,0.192,2
AJG,8867,0.53,3.324,0.367,0.771,0.739,0.621,0.663,0.319,0.326,-1.499,-0.164,0.24,0.209,0.091,0.132,-0.212,-0.204,0
AKAM,8867,0.153,5.434,0.343,0.196,0.249,0.062,-0.085,0.498,-0.557,-2.105,0.19,0.044,0.097,-0.091,-0.238,0.346,-0.709,0
ALB,8867,-0.029,7.568,-0.704,0.015,0.56,0.255,-0.437,0.128,-1.114,-2.237,-0.675,0.043,0.589,0.284,-0.409,0.156,-1.085,0
ALGN,8867,-0.214,6.928,-0.259,-0.227,0.173,0.044,-0.121,0.107,0.1,1.116,-0.046,-0.014,0.387,0.258,0.093,0.321,0.314,0
ALK,8867,0.15,6.052,-0.375,-0.095,0.138,0.159,-0.53,0.233,-0.475,-0.975,-0.526,-0.246,-0.012,0.009,-0.68,0.083,-0.625,0
ALL,8867,0.149,3.497,0.303,0.176,0.562,0.106,0.228,0.455,-0.058,-1.028,0.153,0.026,0.413,-0.043,0.079,0.306,-0.208,0
ALLE,8867,0.038,3.743,0.324,0.21,-0.125,-0.029,0.669,-0.4,0.019,-1.906,0.286,0.172,-0.163,-0.067,0.63,-0.438,-0.02,2
AMAT,8867,0.702,6.125,0.451,1.338,0.634,0.4,1.015,0.618,1.03,0.0,-0.251,0.636,-0.068,-0.301,0.313,-0.084,0.329,2
AMCR,8867,0.103,3.279,0.425,0.349,0.243,-0.242,0.692,0.0,0.485,-0.837,0.322,0.246,0.14,-0.345,0.589,-0.103,0.382,2
AMD,8867,0.481,7.823,-0.185,0.445,0.385,1.126,-0.188,1.348,-0.483,-3.003,-0.666,-0.036,-0.096,0.645,-0.669,0.867,-0.964,0
AME,8867,0.293,2.921,0.43,0.356,0.455,0.25,0.325,0.367,0.437,-0.795,0.137,0.064,0.163,-0.043,0.032,0.075,0.144,2
AMGN,8867,0.102,3.359,0.257,-0.033,0.332,0.035,0.039,-0.107,-0.212,-0.459,0.155,-0.135,0.23,-0.067,-0.063,-0.209,-0.314,0
AMP,8867,0.538,3.848,0.495,0.554,0.455,0.063,0.515,0.291,0.44,-2.939,-0.043,0.016,-0.084,-0.475,-0.023,-0.247,-0.098,2
AMT,8867,-0.198,3.894,-0.066,-0.176,0.18,-0.329,-0.235,-0.51,-0.702,-0.815,0.131,0.021,0.378,-0.131,-0.037,-0.313,-0.505,0
AMZN,8867,0.304,5.003,0.318,0.487,0.338,0.293,0.502,0.529,0.054,-2.271,0.014,0.183,0.034,-0.011,0.198,0.225,-0.25,2
ANET,8867,0.879,6.564,1.331,0.992,0.665,1.157,0.6,0.427,1.327,-0.132,0.452,0.113,-0.214,0.279,-0.278,-0.452,0.448,2
AON,8867,0.406,3.198,-0.085,0.594,0.738,0.513,0.279,0.09,0.747,-0.608,-0.491,0.188,0.331,0.107,-0.127,-0.316,0.341,0
AOS,8867,0.035,3.74,0.068,-0.103,0.158,-0.087,0.129,0.499,0.766,-2.289,0.034,-0.138,0.123,-0.122,0.094,0.464,0.731,0
APA,8867,0.616,6.784,0.806,0.907,0.537,0.752,0.941,0.26,0.197,-0.487,0.19,0.292,-0.078,0.136,0.326,-0.355,-0.418,2
APD,8867,0.097,3.73,0.283,-0.149,-0.049,0.127,0.588,0.388,0.829,-2.56,0.185,-0.246,-0.147,0.03,0.491,0.291,0.732,2
APH,8867,0.693,4.146,0.881,0.668,0.488,0.558,0.748,0.407,1.105,0.016,0.189,-0.025,-0.205,-0.135,0.055,-0.285,0.413,2
APO,8867,0.401,5.157,0.983,0.578,0.168,0.199,0.684,0.143,0.768,-3.016,0.581,0.177,-0.233,-0.202,0.282,-0.258,0.367,2
APP,8867,0.802,11.216,0.256,0.518,1.425,0.594,-0.477,1.744,0.638,-6.99,-0.546,-0.283,0.624,-0.208,-1.279,0.942,-0.164,0
APPN,8762,-0.561,8.281,0.864,-0.899,-1.733,-0.78,-0.687,-0.331,-1.104,-1.389,1.426,-0.337,-1.172,-0.218,-0.126,0.231,-0.543,1
APTV,8867,-0.195,5.788,-0.515,-0.217,-0.353,0.182,-0.681,-0.023,-0.546,-5.384,-0.32,-0.022,-0.158,0.377,-0.486,0.172,-0.351,0
ARE,8867,-0.134,4.822,-0.441,-0.182,-0.307,0.013,-0.671,-0.042,-0.669,-1.197,-0.307,-0.048,-0.173,0.146,-0.537,0.092,-0.536,0
ARES,8867,0.575,5.295,0.514,0.814,0.431,0.867,0.768,0.311,0.543,-2.367,-0.061,0.239,-0.144,0.292,0.193,-0.264,-0.032,2
ASAN,8867,-0.787,11.273,0.447,-1.289,-0.477,-1.126,-0.222,-1.469,-2.767,-3.053,1.234,-0.502,0.31,-0.339,0.565,-0.682,-1.98,1
ATO,8867,0.293,2.572,0.711,0.516,0.378,0.281,0.322,0.38,0.09,-3.608,0.418,0.222,0.085,-0.013,0.028,0.087,-0.204,2
ATVI,4009,0.036,4.081,0.153,-0.289,0.422,0.087,0.154,-0.433,0.234,-0.956,0.117,-0.325,0.386,0.051,0.118,-0.469,0.198,0
AVB,8867,0.1,2.936,0.583,0.009,0.041,0.01,0.514,0.396,0.136,-2.473,0.483,-0.091,-0.06,-0.09,0.413,0.296,0.036,2
AVGO,8867,0.626,6.125,1.169,0.883,0.669,0.268,0.892,1.122,0.941,1.075,0.542,0.256,0.042,-0.359,0.265,0.496,0.314,2
AVY,8867,0.023,3.254,0.349,0.116,-0.042,-0.056,0.39,-0.086,-0.044,-1.251,0.326,0.093,-0.066,-0.079,0.366,-0.109,-0.067,2
AWK,8867,0.054,3.233,0.253,0.073,0.061,-0.1,-0.008,0.015,-0.103,-1.766,0.198,0.018,0.007,-0.155,-0.062,-0.039,-0.158,2
AXON,8867,0.481,7.477,0.497,0.323,0.692,0.41,0.276,0.664,0.751,-0.651,0.016,-0.158,0.21,-0.071,-0.206,0.183,0.269,0
AXP,8867,0.398,4.14,0.704,0.313,0.133,0.429,0.739,0.413,0.482,-0.484,0.306,-0.085,-0.265,0.031,0.341,0.015,0.084,2
AZO,8862,0.283,3.482,0.567,0.079,0.63,0.377,0.693,-0.004,0.098,-2.473,0.283,-0.205,0.347,0.093,0.409,-0.287,-0.186,0
BA,8867,0.13,5.286,-0.562,0.152,-0.125,0.222,-0.212,0.611,0.936,-3.355,-0.692,0.022,-0.255,0.092,-0.343,0.481,0.806,0
BABA,8867,-0.658,7.15,-0.721,-0.898,-0.658,-0.435,-0.467,-1.867,-1.109,-0.842,-0.063,-0.24,-0.001,0.222,0.191,-1.21,-0.451,1
BAC,8867,0.456,4.035,-0.478,0.364,0.531,0.39,0.0,0.46,0.384,-0.965,-0.934,-0.091,0.075,-0.066,-0.456,0.005,-0.071,0
BALL,7365,0.307,4.271,0.614,0.042,0.411,0.076,0.45,0.796,0.0,-0.18,0.306,-0.266,0.104,-0.232,0.143,0.488,-0.307,2
BAX,8867,-0.061,4.795,-0.196,0.102,0.203,-0.321,0.229,-0.188,-0.484,-2.376,-0.135,0.163,0.264,-0.26,0.29,-0.127,-0.423,0
BBY,8867,-0.174,5.217,0.483,-0.316,-0.708,-0.102,0.426,-0.335,0.477,-3.098,0.657,-0.142,-0.533,0.073,0.6,-0.161,0.652,1
BDX,8867,0.064,3.297,0.631,0.289,0.103,-0.22,0.41,0.13,0.329,-1.37,0.567,0.224,0.038,-0.285,0.346,0.066,0.265,2
BEN,8867,0.041,4.367,0.229,0.0,-0.36,-0.355,0.346,0.075,-0.017,-0.883,0.188,-0.041,-0.401,-0.396,0.305,0.035,-0.058,2
BG,8867,0.195,4.168,0.523,0.158,-0.062,-0.01,-0.11,0.394,0.509,0.208,0.328,-0.037,-0.258,-0.206,-0.306,0.199,0.313,2
BIDU,8867,-0.447,7.017,-0.643,-0.784,0.168,-0.664,-1.152,-1.703,0.755,-0.666,-0.196,-0.337,0.615,-0.217,-0.705,-1.256,1.202,0
BIIB,8860,-0.146,4.487,0.18,-0.149,-0.116,-0.337,-0.41,-0.553,-0.917,-1.038,0.326,-0.002,0.031,-0.191,-0.264,-0.407,-0.771,0
BILI,8867,-0.677,10.722,0.023,-0.517,-0.689,-1.884,0.304,-1.799,-0.906,-2.087,0.701,0.161,-0.011,-1.207,0.981,-1.121,-0.229,1
BILL,8867,-0.027,9.639,0.47,0.244,-0.026,-0.097,-0.417,-0.679,-0.55,-10.759,0.497,0.27,0.0,-0.07,-0.39,-0.653,-0.524,1
BIO,8860,-0.076,5.187,0.1,0.335,-0.135,-0.213,0.553,-0.023,-0.959,-1.711,0.176,0.411,-0.059,-0.137,0.629,0.053,-0.883,2
BKNG,8867,0.567,4.573,0.67,0.619,0.489,0.341,1.229,0.035,0.715,-1.335,0.103,0.053,-0.078,-0.226,0.663,-0.532,0.149,2
BKR,8867,0.56,5.087,1.098,0.882,0.786,0.234,0.989,1.12,0.136,-1.306,0.537,0.322,0.226,-0.326,0.428,0.559,-0.424,2
BLDR,8867,0.354,6.354,-0.989,0.601,0.967,0.944,-0.46,-0.895,-0.338,-1.449,-1.343,0.247,0.613,0.59,-0.814,-1.249,-0.692,0
BLK,8867,0.255,3.853,-0.585,0.281,0.157,0.288,-0.45,0.185,0.858,-1.841,-0.839,0.026,-0.097,0.034,-0.705,-0.069,0.604,0
BMY,8867,0.033,3.398,0.02,0.2,0.166,-0.085,-0.067,0.192,-1.236,-0.622,-0.013,0.167,0.133,-0.118,-0.1,0.159,-1.268,0
BR,8867,0.099,3.285,0.029,-0.074,0.176,0.052,0.029,0.087,0.019,0.128,-0.069,-0.173,0.077,-0.047,-0.069,-0.011,-0.08,0
BRO,8867,0.477,3.444,0.367,0.521,0.693,0.283,0.415,0.654,0.293,-0.532,-0.11,0.044,0.216,-0.194,-0.062,0.177,-0.183,0
BRZE,8149,0.029,9.032,0.214,-0.251,0.159,0.091,-0.709,-0.196,1.209,-2.587,0.185,-0.279,0.131,0.062,-0.738,-0.225,1.18,0
BSX,8867,0.272,3.605,0.765,0.539,0.328,0.065,0.425,0.159,0.92,-1.037,0.492,0.267,0.055,-0.208,0.152,-0.113,0.648,2
BWA,8867,0.203,4.718,0.334,0.348,0.234,0.145,0.939,0.524,0.399,-2.06,0.131,0.144,0.031,-0.058,0.736,0.321,0.196,2
BX,8867,0.28,5.577,-0.137,0.437,0.347,0.249,-0.139,0.352,0.272,-2.183,-0.417,0.157,0.067,-0.031,-0.419,0.072,-0.008,0
BXP,8867,-0.15,4.51,1.203,-0.028,-0.572,-0.161,0.912,-0.235,0.087,-3.998,1.353,0.122,-0.421,-0.011,1.063,-0.085,0.237,1
C,8867,0.351,4.223,0.071,0.047,0.522,0.41,-0.012,0.616,1.052,-0.707,-0.28,-0.304,0.17,0.058,-0.363,0.264,0.701,0
CAG,8867,-0.246,3.17,0.045,-0.276,-0.205,-0.165,-0.112,-0.628,-0.124,-1.585,0.291,-0.03,0.04,0.08,0.134,-0.382,0.121,2
CAH,8867,0.409,3.676,1.09,0.37,0.08,0.345,0.976,0.775,0.273,-1.67,0.682,-0.039,-0.329,-0.064,0.567,0.366,-0.136,2
CARR,8867,0.131,4.494,-0.022,0.198,0.355,0.144,-0.263,0.099,0.393,-2.341,-0.153,0.067,0.224,0.013,-0.394,-0.032,0.262,0
CASY,8866,0.37,3.676,0.583,0.598,0.424,0.406,0.638,-0.32,-0.366,0.108,0.213,0.227,0.054,0.036,0.268,-0.691,-0.736,2
CAT,8867,0.484,4.508,0.647,0.162,0.511,0.494,0.423,0.674,1.137,0.01,0.163,-0.322,0.027,0.01,-0.061,0.19,0.653,2
CB,8867,0.333,2.684,1.069,0.371,0.263,0.111,0.728,0.273,0.227,-0.768,0.736,0.039,-0.069,-0.222,0.395,-0.06,-0.106,2
CBOE,8867,0.487,3.324,1.115,0.691,0.433,0.257,1.312,0.209,0.21,-2.194,0.628,0.204,-0.055,-0.23,0.825,-0.278,-0.277,2
CBRE,8867,0.537,4.26,0.194,0.789,0.497,0.165,0.869,0.844,0.421,0.392,-0.343,0.252,-0.04,-0.372,0.332,0.307,-0.116,2
CCI,8867,-0.356,3.853,-0.557,-0.271,-0.009,-0.212,-0.571,-0.594,0.125,-2.869,-0.201,0.085,0.347,0.144,-0.215,-0.237,0.481,0
CCL,8867,-0.055,7.824,-0.615,-0.168,0.217,0.067,-0.134,-0.52,-1.199,-2.18,-0.56,-0.113,0.272,0.122,-0.079,-0.465,-1.144,0
CDNS,8867,0.233,4.861,0.373,0.219,0.094,-0.087,0.619,0.108,0.668,-1.633,0.14,-0.014,-0.14,-0.32,0.386,-0.125,0.434,2
CDW,8867,0.207,4.621,0.384,0.265,0.086,0.391,-0.228,0.511,0.923,-2.097,0.176,0.058,-0.122,0.184,-0.435,0.304,0.716,0
CE,8867,0.069,6.322,-0.053,0.411,0.396,0.0,0.033,0.088,-0.186,-3.057,-0.122,0.342,0.327,-0.069,-0.036,0.019,-0.255,0
CEG,7834,0.747,6.865,1.933,0.322,0.397,0.861,1.389,0.979,0.55,-5.888,1.186,-0.425,-0.349,0.114,0.642,0.232,-0.197,1
CF,8867,0.36,5.029,1.004,0.364,0.106,-0.065,1.011,0.496,0.03,-0.869,0.644,0.003,-0.255,-0.426,0.651,0.136,-0.331,2
CFG,8867,0.418,4.74,0.313,0.533,0.368,0.443,0.137,-0.441,1.25,-2.558,-0.105,0.115,-0.05,0.025,-0.281,-0.859,0.832,0
CFLT,8230,0.163,10.431,1.117,0.395,-0.171,-0.357,0.627,0.15,0.109,-3.591,0.954,0.232,-0.334,-0.52,0.464,-0.013,-0.054,1
CHD,8867,0.113,2.732,0.468,0.108,-0.014,0.108,0.054,0.202,0.364,-1.002,0.355,-0.005,-0.127,-0.005,-0.058,0.089,0.251,2
CHRW,8867,0.204,4.61,1.079,0.281,-0.054,0.293,0.832,-0.077,-0.488,-1.088,0.875,0.078,-0.258,0.089,0.628,-0.281,-0.692,2
CHTR,8867,-0.279,5.909,-0.703,-0.024,-0.228,-0.208,-0.931,-0.124,-0.082,-1.52,-0.424,0.254,0.051,0.07,-0.652,0.154,0.196,0
CI,8867,0.276,3.835,1.007,0.608,0.246,0.087,0.791,0.235,0.087,-0.303,0.731,0.333,-0.03,-0.189,0.515,-0.041,-0.189,2
CIEN,8867,0.755,6.738,-0.335,0.752,0.406,0.771,0.185,0.88,-0.776,-0.571,-1.091,-0.004,-0.35,0.016,-0.57,0.125,-1.531,0
CINF,8867,0.267,3.408,0.834,0.54,0.396,0.117,0.482,0.337,0.269,0.315,0.568,0.273,0.129,-0.15,0.215,0.07,0.003,2
CL,8867,0.109,2.524,0.092,0.035,0.18,0.111,-0.055,0.003,0.117,-1.341,-0.016,-0.074,0.071,0.002,-0.163,-0.106,0.009,0
CLX,8867,-0.209,3.704,0.085,-0.334,-0.277,-0.219,-0.481,-0.022,-0.529,-2.872,0.293,-0.125,-0.069,-0.011,-0.272,0.186,-0.32,0
CMCSA,8867,-0.126,3.564,0.0,0.106,-0.2,-0.179,0.073,0.0,0.221,-2.205,0.126,0.232,-0.074,-0.053,0.2,0.126,0.348,2
CME,8867,0.151,2.923,0.347,0.265,0.134,0.012,0.054,0.267,1.061,-0.901,0.197,0.115,-0.017,-0.139,-0.096,0.116,0.911,2
CMG,8867,0.201,4.857,-0.091,0.32,0.412,0.473,0.2,0.24,0.947,-1.428,-0.292,0.118,0.211,0.271,-0.002,0.039,0.746,0
CMI,8867,0.372,3.744,0.998,0.349,0.295,0.086,0.454,0.662,0.201,-0.175,0.626,-0.023,-0.077,-0.286,0.082,0.29,-0.171,2
CMS,8867,0.218,2.582,-0.064,0.477,0.507,0.234,-0.02,0.683,-0.742,-0.314,-0.282,0.259,0.289,0.015,-0.238,0.465,-0.96,0
CNC,8867,0.167,5.597,-0.028,0.271,0.066,0.184,0.169,-0.082,0.844,-4.817,-0.195,0.104,-0.101,0.017,0.002,-0.249,0.677,0
CNP,8867,0.293,2.721,0.29,0.403,0.513,0.289,0.438,0.298,0.464,-0.499,-0.003,0.109,0.219,-0.005,0.144,0.005,0.171,2
COF,8867,0.165,4.893,0.488,0.27,0.022,-0.193,0.354,0.065,-0.359,-2.751,0.322,0.105,-0.143,-0.358,0.189,-0.1,-0.524,1
COHR,8509,0.547,9.929,0.373,0.758,0.786,0.385,0.291,-0.611,0.693,-2.35,-0.174,0.211,0.239,-0.162,-0.256,-1.158,0.146,0
COIN,8867,-0.527,12.374,-1.892,-0.053,-0.285,-0.12,-2.499,-1.379,-2.775,-2.433,-1.365,0.474,0.242,0.407,-1.972,-0.852,-2.248,0
COO,8867,-0.049,4.217,-0.624,0.052,0.353,0.047,-0.142,0.011,-0.368,-0.535,-0.575,0.101,0.402,0.096,-0.093,0.06,-0.319,0
COP,8867,0.384,4.624,0.714,0.255,0.419,0.862,0.719,0.979,0.847,-1.831,0.33,-0.129,0.035,0.478,0.335,0.594,0.463,0
COR,5932,0.45,3.24,0.908,0.613,0.689,0.682,0.694,0.86,0.505,-0.19,0.458,0.163,0.239,0.232,0.244,0.409,0.054,2
COST,8867,0.52,3.209,-0.063,0.674,0.592,0.717,0.225,0.02,-0.093,-1.098,-0.582,0.154,0.072,0.197,-0.295,-0.5,-0.613,0
CPAY,4084,0.037,4.667,0.183,-0.022,-0.123,-0.031,0.036,-0.378,-1.043,0.376,0.145,-0.059,-0.16,-0.068,-0.002,-0.416,-1.081,2
CPB,8867,-0.128,3.262,0.028,-0.103,-0.033,0.023,-0.051,-0.154,-0.289,-1.006,0.156,0.026,0.095,0.151,0.077,-0.026,-0.161,0
CPRT,8867,0.165,3.641,-0.34,0.036,0.236,0.059,0.152,0.203,0.34,-3.194,-0.505,-0.129,0.07,-0.107,-0.013,0.038,0.175,0
CPT,8867,0.055,3.142,0.205,0.054,0.312,0.0,0.167,-0.087,0.565,-1.672,0.15,-0.0,0.257,-0.055,0.112,-0.142,0.51,0
CRH,8848,0.292,4.166,-0.156,0.491,0.304,0.122,-0.25,0.084,0.218,-1.868,-0.448,0.2,0.012,-0.17,-0.542,-0.208,-0.074,0
CRL,8867,0.215,6.314,-0.223,0.763,0.734,0.048,0.577,-0.487,-0.264,-1.745,-0.438,0.548,0.519,-0.167,0.362,-0.701,-0.479,0
CRM,8867,0.219,5.222,0.871,0.052,0.091,-0.035,0.158,-0.214,0.545,-2.384,0.652,-0.167,-0.128,-0.254,-0.061,-0.433,0.326,2
CRWD,8867,0.716,8.784,1.797,0.727,0.351,0.764,0.79,0.348,0.011,-1.341,1.081,0.011,-0.365,0.048,0.074,-0.369,-0.705,2
CSCO,8867,0.379,3.541,0.814,0.514,0.353,0.249,0.863,0.498,0.342,-1.137,0.435,0.135,-0.027,-0.13,0.484,0.119,-0.037,2
CSGP,8867,-0.268,4.916,-0.13,-0.103,-0.336,-0.13,0.147,0.16,-1.111,-1.178,0.138,0.164,-0.069,0.137,0.414,0.428,-0.843,2
CSX,8867,0.211,3.181,0.238,0.173,-0.116,0.0,0.132,0.203,-0.12,-0.572,0.027,-0.039,-0.327,-0.211,-0.079,-0.008,-0.332,2
CTAS,8867,0.378,3.198,0.285,0.63,0.497,0.456,0.496,0.287,0.322,-1.656,-0.093,0.252,0.119,0.079,0.118,-0.091,-0.056,0
CTLT,6079,0.106,7.525,-0.053,0.375,0.589,0.303,-0.284,0.229,0.107,-1.682,-0.16,0.268,0.482,0.196,-0.391,0.123,0.001,0
CTRA,8034,0.31,4.78,0.979,0.32,-0.208,0.079,0.3,0.485,0.217,-3.864,0.669,0.011,-0.518,-0.23,-0.01,0.175,-0.092,1
CTSH,8867,-0.127,4.236,-0.08,-0.36,-0.335,0.006,0.066,-0.049,0.568,-3.587,0.047,-0.233,-0.208,0.134,0.194,0.079,0.695,0
CTVA,8867,0.38,3.713,0.671,0.027,0.375,0.332,0.478,0.587,0.901,0.012,0.291,-0.353,-0.005,-0.048,0.098,0.207,0.521,2
CVNA,7427,-0.189,12.591,-1.155,-0.634,-0.368,0.524,-1.178,-0.76,0.409,-2.341,-0.966,-0.445,-0.179,0.712,-0.989,-0.571,0.597,0
CVS,8867,0.292,4.376,0.0,0.259,0.497,0.407,0.555,0.272,0.166,-2.138,-0.292,-0.033,0.205,0.115,0.263,-0.02,-0.126,0
CVX,8867,0.369,3.661,0.461,0.58,0.268,0.322,0.328,0.026,1.44,-0.284,0.092,0.211,-0.101,-0.047,-0.041,-0.343,1.071,2
CZR,8867,-0.3,6.84,0.181,-0.109,-1.114,-0.902,0.184,-1.213,0.072,-4.214,0.48,0.191,-0.814,-0.602,0.484,-0.914,0.372,1
D,8867,0.086,3.134,0.171,0.306,0.083,0.056,0.426,0.079,-0.345,-1.04,0.086,0.22,-0.003,-0.03,0.341,-0.007,-0.43,2
DAL,8867,0.374,5.67,-0.206,0.212,0.395,0.884,0.17,-0.199,0.984,-0.429,-0.58,-0.161,0.021,0.51,-0.204,-0.573,0.61,0
DASH,8867,0.354,7.271,0.748,0.081,0.224,-0.297,0.929,0.188,0.526,-2.823,0.394,-0.273,-0.13,-0.651,0.575,-0.166,0.172,1
DAY,3503,0.014,5.675,0.278,0.087,0.044,-0.092,0.348,-0.341,0.305,-1.016,0.264,0.072,0.029,-0.106,0.333,-0.355,0.291,2
DD,8867,0.122,4.237,0.739,0.085,0.076,-0.152,0.941,0.385,0.011,1.38,0.617,-0.037,-0.046,-0.274,0.819,0.263,-0.111,2
DDOG,8867,0.435,8.085,0.857,0.0,0.608,0.491,0.927,0.154,-0.366,-0.154,0.422,-0.435,0.173,0.056,0.491,-0.281,-0.802,2
DE,8867,0.28,4.123,0.925,0.342,0.297,0.05,0.099,0.314,1.027,-2.581,0.645,0.062,0.017,-0.23,-0.181,0.034,0.747,2
DECK,8867,0.555,5.798,0.313,0.441,0.925,0.722,0.215,1.056,-0.127,-1.479,-0.242,-0.114,0.37,0.167,-0.34,0.501,-0.682,0
DELL,8867,0.903,7.583,0.605,1.473,1.552,0.651,0.394,1.058,0.159,-3.035,-0.297,0.57,0.649,-0.252,-0.509,0.155,-0.744,0
DFS,6790,0.504,5.249,0.717,1.194,1.01,0.415,-0.15,0.227,0.306,-0.887,0.213,0.69,0.507,-0.088,-0.653,-0.276,-0.197,0
DG,8867,-0.088,5.081,-0.153,-0.05,-0.424,-0.177,0.042,-0.145,0.804,-1.879,-0.065,0.038,-0.336,-0.089,0.13,-0.057,0.892,2
DGX,8867,0.214,3.108,0.043,0.36,0.432,-0.019,0.242,0.015,-0.669,-2.561,-0.171,0.146,0.218,-0.233,0.029,-0.199,-0.883,0
DHI,8867,0.12,4.743,0.141,0.294,0.249,-0.401,0.206,0.232,-0.502,-1.356,0.022,0.174,0.13,-0.521,0.087,0.113,-0.621,2
DHR,8867,0.036,3.954,0.385,0.035,0.172,0.062,0.424,0.468,0.11,-0.469,0.349,-0.002,0.135,0.025,0.388,0.432,0.074,2
DIS,8867,-0.182,4.178,-0.063,-0.371,-0.623,-0.148,0.062,-0.081,0.747,-2.199,0.119,-0.189,-0.441,0.035,0.244,0.101,0.929,2
DKNG,8867,0.058,8.876,-0.223,0.353,0.04,0.015,-0.374,0.807,0.445,-3.747,-0.281,0.295,-0.018,-0.043,-0.432,0.748,0.387,0
DLR,8867,0.209,4.005,0.119,0.301,0.353,0.323,0.317,-0.283,0.498,-1.103,-0.09,0.092,0.144,0.113,0.108,-0.492,0.289,0
DLTR,8867,0.221,5.608,-0.315,0.17,0.563,0.161,-0.423,0.045,0.493,0.268,-0.535,-0.05,0.342,-0.059,-0.643,-0.176,0.273,0
DOC,8860,-0.055,4.873,0.259,0.045,-0.21,-0.114,0.351,-0.161,0.113,-0.966,0.314,0.101,-0.155,-0.059,0.406,-0.106,0.169,2
DOCN,8867,0.238,10.141,0.79,0.149,0.577,0.129,2.113,0.401,0.175,-3.697,0.553,-0.089,0.339,-0.109,1.875,0.163,-0.063,1
DOV,8867,0.258,3.346,0.017,0.198,0.215,0.032,0.415,0.121,0.312,0.324,-0.241,-0.059,-0.043,-0.226,0.157,-0.137,0.054,2
DOW,8867,-0.194,4.729,-0.21,0.087,-0.439,-0.241,-0.125,0.217,-1.052,-2.751,-0.016,0.281,-0.246,-0.047,0.069,0.411,-0.858,0
DPZ,8867,-0.15,4.047,0.014,-0.041,-0.154,-0.406,0.084,-0.133,0.053,-2.163,0.164,0.108,-0.004,-0.257,0.234,0.016,0.203,2
DRI,8867,0.058,3.62,0.748,0.212,-0.101,-0.222,0.782,0.192,0.39,0.037,0.69,0.153,-0.159,-0.28,0.723,0.134,0.332,2
DTE,8867,0.194,2.631,0.1,0.37,0.229,0.257,0.199,0.137,0.067,0.077,-0.093,0.176,0.035,0.063,0.006,-0.057,-0.127,0
DUK,8867,0.171,2.519,0.148,0.29,0.185,0.133,0.154,0.326,0.721,-1.831,-0.023,0.119,0.014,-0.039,-0.018,0.155,0.55,2
DUOL,8740,-0.253,9.262,0.288,-0.915,-0.517,-0.553,0.071,0.756,-1.808,-5.41,0.541,-0.663,-0.264,-0.301,0.324,1.009,-1.556,1
DVA,8867,0.314,5.322,1.137,0.352,0.325,-0.041,0.571,0.274,0.564,-0.25,0.823,0.038,0.011,-0.355,0.258,-0.04,0.25,2
DVN,8867,0.409,5.832,0.559,0.241,0.685,0.491,0.333,-0.028,1.697,-0.549,0.15,-0.168,0.276,0.082,-0.076,-0.437,1.288,0
DXCM,8867,0.146,6.425,0.309,0.627,0.159,-0.239,0.68,0.03,1.159,-2.279,0.162,0.481,0.013,-0.385,0.534,-0.116,1.013,2
EA,8867,0.212,3.54,0.396,0.288,0.166,0.151,0.437,0.348,0.597,-0.569,0.184,0.076,-0.046,-0.062,0.225,0.136,0.385,2
EBAY,8867,0.317,4.327,0.72,0.635,0.415,0.025,0.722,0.134,0.311,-3.599,0.404,0.318,0.099,-0.292,0.406,-0.183,-0.006,2
ECL,8867,0.41,3.327,0.213,0.422,0.514,0.356,0.003,0.537,0.633,-1.02,-0.197,0.012,0.104,-0.054,-0.407,0.127,0.224,0
ED,8867,0.21,2.675,-0.101,0.245,0.448,0.048,-0.033,0.477,0.31,-2.601,-0.311,0.035,0.238,-0.162,-0.243,0.267,0.101,0
EFX,8867,0.05,4.656,0.121,-0.013,0.113,-0.383,-0.224,-0.333,-0.39,-0.212,0.07,-0.064,0.063,-0.433,-0.274,-0.384,-0.44,0
EG,5334,0.313,3.161,1.637,0.421,0.065,-0.029,0.708,-0.366,0.316,-0.503,1.324,0.107,-0.248,-0.342,0.395,-0.679,0.002,2
EIX,8867,0.397,3.634,-0.046,0.596,0.479,0.292,0.517,0.469,1.088,-1.203,-0.443,0.2,0.082,-0.105,0.12,0.073,0.691,2
EL,8867,-0.267,5.869,-0.108,-0.484,-0.242,-0.515,-0.507,-0.136,0.128,-3.823,0.159,-0.217,0.025,-0.248,-0.24,0.131,0.395,0
ELV,7134,0.104,4.041,0.898,0.1,0.073,-0.211,0.807,0.193,0.63,-0.368,0.794,-0.004,-0.031,-0.315,0.703,0.089,0.526,2
EME,8867,0.717,4.46,1.535,0.538,0.466,0.774,1.5,0.614,0.788,0.725,0.818,-0.178,-0.251,0.058,0.783,-0.102,0.071,2
EMN,8867,-0.122,4.317,0.432,-0.095,-0.346,-0.428,0.277,-0.57,-0.289,-0.863,0.553,0.027,-0.225,-0.306,0.399,-0.448,-0.168,1
EMR,8867,0.251,3.832,0.686,0.129,0.238,0.37,0.739,0.41,0.853,-1.685,0.435,-0.122,-0.012,0.119,0.488,0.159,0.602,2
ENPH,8867,-0.347,9.942,-0.804,0.307,-1.072,-0.303,-0.204,-0.491,1.44,-2.989,-0.457,0.655,-0.724,0.045,0.144,-0.144,1.787,2
EOG,8867,0.429,4.63,0.798,0.288,0.6,0.16,0.645,0.213,0.785,-1.148,0.369,-0.141,0.171,-0.269,0.216,-0.216,0.356,2
EPAM,8867,-0.164,8.02,-0.583,-0.067,-0.095,-0.099,-0.843,-0.301,0.988,-1.311,-0.419,0.097,0.069,0.065,-0.679,-0.137,1.152,0
EQIX,8867,0.203,3.662,0.775,0.3,0.031,0.029,0.824,0.1,0.228,-1.29,0.572,0.097,-0.171,-0.173,0.621,-0.103,0.025,2
EQR,8867,0.127,3.013,0.281,0.13,0.178,0.125,0.272,-0.008,-0.131,-0.908,0.154,0.003,0.051,-0.002,0.145,-0.135,-0.258,2
EQT,8867,0.331,6.072,1.033,0.48,0.0,0.524,0.57,1.118,0.295,-0.123,0.702,0.15,-0.331,0.193,0.239,0.787,-0.035,2
ERIE,8183,0.175,4.647,0.439,0.214,-0.182,0.161,-0.082,0.163,0.491,-0.707,0.264,0.038,-0.357,-0.014,-0.257,-0.012,0.315,2
ES,8867,0.205,3.292,-0.047,0.388,0.26,0.165,0.214,0.352,0.499,-0.199,-0.252,0.184,0.055,-0.04,0.009,0.147,0.294,0
ESS,8867,0.142,3.192,0.39,0.331,0.115,0.055,0.586,-0.001,0.577,0.246,0.248,0.189,-0.026,-0.087,0.444,-0.143,0.435,2
ESTC,8867,0.198,8.414,1.659,0.462,-0.038,-0.228,0.901,0.295,0.156,-2.711,1.46,0.264,-0.236,-0.426,0.703,0.097,-0.043,1
ETN,8867,0.609,3.993,0.476,1.042,0.653,0.45,0.839,0.423,1.15,-0.272,-0.133,0.433,0.044,-0.159,0.23,-0.186,0.541,2
ETR,8867,0.375,2.979,0.815,0.565,0.135,0.21,0.501,0.371,0.426,-1.004,0.44,0.19,-0.24,-0.165,0.126,-0.004,0.051,2
EVRG,8867,0.309,2.693,0.133,0.359,0.226,0.4,0.424,0.362,0.454,-2.265,-0.177,0.049,-0.084,0.091,0.115,0.052,0.145,0
EW,8867,0.053,4.504,-0.19,0.415,0.291,-0.338,0.347,-0.226,0.864,-1.601,-0.243,0.362,0.238,-0.391,0.294,-0.279,0.811,2
EXC,8867,0.233,3.276,-0.05,0.451,0.297,0.092,0.635,0.351,0.728,-0.68,-0.284,0.217,0.063,-0.142,0.402,0.117,0.495,2
EXE,3163,0.386,4.243,-0.781,0.429,0.274,0.608,-0.484,0.903,0.592,-2.022,-1.167,0.043,-0.111,0.222,-0.87,0.518,0.206,0
EXPD,8867,0.28,3.546,0.686,0.658,0.434,0.141,0.552,0.08,-0.23,-1.012,0.407,0.378,0.154,-0.139,0.273,-0.2,-0.509,2
EXPE,8867,0.425,6.486,0.793,0.679,0.239,0.65,0.689,0.131,0.005,-2.364,0.368,0.255,-0.185,0.225,0.265,-0.293,-0.42,2
EXR,8867,0.141,3.947,-0.816,0.138,0.547,0.222,-0.548,0.667,0.711,-1.117,-0.957,-0.002,0.406,0.081,-0.689,0.526,0.57,0
F,8867,0.216,5.642,0.259,0.18,0.0,0.251,0.147,0.235,0.542,-1.558,0.043,-0.035,-0.216,0.035,-0.069,0.02,0.326,2
FANG,8867,0.409,5.317,1.321,0.145,0.083,0.352,0.92,0.392,0.628,-1.477,0.911,-0.264,-0.327,-0.057,0.511,-0.017,0.219,2
FAST,8867,0.288,3.301,0.15,0.461,0.433,0.446,0.242,0.44,-0.851,-2.575,-0.138,0.173,0.145,0.158,-0.046,0.152,-1.139,0
FCX,8867,0.334,6.356,0.627,0.52,-0.05,0.077,0.561,0.267,1.083,-0.896,0.292,0.186,-0.384,-0.257,0.227,-0.067,0.748,2
FDS,8867,0.201,4.171,-0.225,0.249,0.487,0.238,0.02,0.106,0.108,-0.782,-0.426,0.049,0.286,0.037,-0.181,-0.094,-0.092,0
FDX,8867,0.378,4.625,0.785,0.573,0.281,-0.043,0.717,0.398,-0.126,-0.218,0.407,0.195,-0.096,-0.42,0.339,0.02,-0.504,2
FE,8867,0.225,2.709,0.039,0.375,0.301,0.102,0.062,0.296,0.062,-0.859,-0.186,0.15,0.076,-0.123,-0.163,0.071,-0.163,0
FFIV,8867,0.547,4.0,1.0,0.846,0.252,0.183,0.964,0.388,0.773,-0.746,0.453,0.299,-0.295,-0.364,0.417,-0.159,0.226,2
FICO,8865,0.465,6.027,0.473,0.19,0.493,0.68,0.724,0.092,-0.14,-1.666,0.008,-0.275,0.028,0.215,0.26,-0.373,-0.605,0
FIS,8867,-0.046,4.662,0.109,0.0,0.16,-0.37,-0.06,-0.474,-0.333,-1.171,0.154,0.046,0.206,-0.324,-0.014,-0.428,-0.287,2
FISV,4615,0.245,5.608,0.357,0.997,0.128,0.03,0.859,0.756,-0.387,0.753,0.112,0.752,-0.117,-0.215,0.615,0.511,-0.632,2
FITB,8867,0.265,4.487,0.222,0.474,0.23,0.253,0.03,-0.333,-0.784,-1.186,-0.043,0.209,-0.035,-0.012,-0.235,-0.598,-1.049,0
FIX,8596,1.201,6.127,1.338,1.699,0.93,1.374,1.541,0.347,1.752,-2.928,0.137,0.498,-0.271,0.173,0.34,-0.854,0.551,2
FLEX,8867,0.837,6.516,0.641,0.891,0.658,0.863,1.205,1.396,-0.21,-0.861,-0.195,0.054,-0.179,0.027,0.369,0.559,-1.047,2
FLT,4783,0.451,4.31,0.475,0.865,0.881,0.384,0.632,-0.095,1.09,-0.214,0.024,0.414,0.43,-0.067,0.181,-0.546,0.639,2
FMC,8867,-0.064,6.613,0.221,-0.045,-0.135,-0.363,0.103,-0.17,-1.226,-1.641,0.285,0.019,-0.071,-0.299,0.168,-0.106,-1.162,1
FNV,8867,0.435,4.317,0.436,0.361,0.115,0.519,0.395,1.341,0.149,-2.329,0.001,-0.074,-0.32,0.084,-0.04,0.906,-0.287,0
FOX,8867,0.404,3.83,0.462,0.542,0.548,0.112,0.535,0.704,0.655,0.84,0.058,0.138,0.144,-0.292,0.131,0.3,0.251,2
FOXA,8867,0.381,3.94,0.663,0.546,0.465,0.168,0.669,0.213,1.815,-2.32,0.282,0.164,0.084,-0.213,0.288,-0.168,1.434,2
FRT,8867,0.078,3.154,0.511,0.281,0.0,-0.036,0.4,-0.103,0.46,-1.127,0.432,0.203,-0.078,-0.114,0.322,-0.181,0.382,2
FSLR,8867,0.11,7.983,1.603,0.178,0.054,0.278,0.671,1.065,1.42,-0.271,1.493,0.068,-0.056,0.168,0.561,0.955,1.31,2
FTNT,8867,0.625,6.128,1.81,0.664,0.903,0.66,0.913,0.677,1.042,-1.075,1.185,0.039,0.278,0.036,0.288,0.052,0.417,2
FTV,8867,0.181,3.431,0.39,0.507,0.352,-0.071,0.57,0.197,0.631,-0.908,0.209,0.326,0.171,-0.251,0.389,0.016,0.45,2
GD,8867,0.306,2.775,0.841,0.638,0.258,0.079,0.904,0.536,0.259,0.979,0.535,0.332,-0.049,-0.227,0.598,0.23,-0.048,2
GDDY,8867,0.186,4.555,0.356,0.226,-0.047,0.135,0.322,0.186,-0.488,-0.982,0.17,0.039,-0.234,-0.051,0.135,-0.001,-0.675,2
GE,8867,0.966,4.323,0.46,1.206,1.18,0.792,1.413,1.259,0.681,-0.231,-0.506,0.241,0.214,-0.173,0.447,0.293,-0.285,2
GEHC,6220,0.049,4.451,0.624,0.321,-0.438,0.0,0.452,-0.143,-1.127,-1.519,0.576,0.272,-0.487,-0.049,0.403,-0.192,-1.176,1
GEN,6483,0.183,4.639,0.473,0.303,0.165,-0.08,0.017,-0.264,-0.09,-1.479,0.29,0.12,-0.017,-0.262,-0.166,-0.446,-0.272,2
GEV,4049,1.94,6.518,3.576,2.145,1.696,1.646,3.61,2.545,1.559,2.319,1.636,0.205,-0.244,-0.294,1.67,0.605,-0.381,2
GILD,8867,0.191,3.304,0.051,-0.006,0.207,-0.071,0.199,-0.17,-0.26,-1.629,-0.139,-0.197,0.017,-0.262,0.008,-0.361,-0.451,0
GIS,8867,-0.174,2.915,-0.293,-0.22,-0.203,-0.166,-0.294,0.116,-1.517,-2.592,-0.119,-0.047,-0.029,0.007,-0.12,0.289,-1.343,0
GL,8867,0.38,4.497,1.133,0.619,0.274,0.246,0.896,0.334,0.028,-1.639,0.754,0.239,-0.106,-0.134,0.516,-0.045,-0.352,2
GLW,8867,0.408,5.525,-0.245,0.471,0.448,0.233,0.309,0.08,0.101,-0.198,-0.653,0.063,0.04,-0.175,-0.099,-0.328,-0.307,0
GM,8867,0.132,5.113,0.203,0.241,0.06,-0.197,0.404,-0.35,-0.151,0.136,0.071,0.109,-0.072,-0.329,0.272,-0.482,-0.283,2
GNRC,8867,0.094,7.51,-0.259,0.161,0.458,0.135,0.132,-0.804,-0.203,-0.523,-0.352,0.067,0.364,0.041,0.038,-0.898,-0.297,0
GOLD,7874,-0.053,6.943,0.221,-0.635,0.218,0.275,0.515,-0.198,-0.714,-1.863,0.274,-0.582,0.271,0.327,0.568,-0.145,-0.661,0
GOOG,8867,0.474,4.321,0.994,0.684,0.254,0.53,0.952,0.995,0.487,-3.721,0.519,0.21,-0.221,0.055,0.477,0.521,0.013,2
GOOGL,8867,0.481,4.355,0.918,0.676,0.138,0.547,0.842,0.702,0.591,-1.134,0.437,0.196,-0.343,0.066,0.362,0.221,0.11,2
GPC,8867,0.079,3.819,0.243,0.181,0.029,-0.024,0.024,0.098,-0.262,-0.708,0.164,0.103,-0.05,-0.102,-0.055,0.019,-0.341,2
GPN,8867,-0.134,5.031,0.374,-0.262,0.15,-0.11,0.259,-0.634,0.288,-0.824,0.508,-0.128,0.283,0.024,0.393,-0.5,0.422,2
GRMN,8867,0.382,4.513,0.243,0.548,0.113,0.37,0.497,0.195,0.643,-2.825,-0.139,0.166,-0.269,-0.012,0.115,-0.187,0.261,2
GS,8867,0.467,4.077,0.354,0.587,0.319,0.198,0.334,0.361,1.218,-1.201,-0.113,0.12,-0.148,-0.269,-0.133,-0.106,0.751,2
GTLB,8361,-0.424,10.428,1.035,-0.977,-0.324,-0.242,-0.121,-0.606,-1.298,-4.896,1.46,-0.553,0.1,0.182,0.303,-0.182,-0.874,1
GWW,8867,0.361,3.502,0.439,0.491,0.128,0.235,0.706,0.896,0.594,-1.229,0.078,0.13,-0.233,-0.126,0.346,0.535,0.234,2
HAL,8867,0.323,5.837,0.519,0.487,0.099,0.245,0.413,0.337,-0.287,0.917,0.196,0.164,-0.224,-0.078,0.09,0.014,-0.61,2
HAS,8867,0.116,4.581,0.834,0.11,-0.092,-0.144,0.77,-0.329,0.024,-0.814,0.718,-0.007,-0.209,-0.26,0.653,-0.445,-0.093,2
HBAN,8867,0.388,4.452,0.131,0.422,0.395,0.368,0.116,0.569,0.027,-2.498,-0.257,0.034,0.007,-0.02,-0.272,0.18,-0.361,0
HCA,8867,0.418,4.195,0.177,0.437,0.357,0.212,0.194,0.315,-0.016,-3.727,-0.242,0.018,-0.061,-0.207,-0.225,-0.104,-0.434,0
HD,8867,0.17,3.378,-0.124,0.238,0.354,0.106,-0.033,-0.23,0.95,-1.37,-0.295,0.068,0.184,-0.064,-0.203,-0.4,0.78,0
HES,7074,0.438,5.157,1.07,0.444,-0.194,0.466,0.594,0.243,1.079,1.968,0.632,0.006,-0.632,0.029,0.157,-0.194,0.641,2
HIG,8867,0.545,2.891,1.032,0.771,0.497,0.179,1.076,1.03,0.818,-1.567,0.487,0.226,-0.048,-0.366,0.53,0.485,0.273,2
HII,8866,0.214,4.38,1.264,0.055,0.123,0.365,0.47,0.035,-0.156,-1.274,1.05,-0.16,-0.092,0.151,0.256,-0.179,-0.371,2
HLT,8867,0.578,3.712,1.137,0.495,0.68,0.724,0.711,0.708,0.251,-0.795,0.559,-0.083,0.102,0.146,0.133,0.13,-0.327,2
HMC,8867,0.037,3.646,0.188,0.117,-0.163,0.058,0.287,0.198,0.251,-1.995,0.151,0.081,-0.2,0.021,0.25,0.161,0.214,2
HOLX,8328,0.04,3.071,0.487,0.136,-0.077,-0.307,0.197,-0.612,0.12,-1.487,0.447,0.096,-0.117,-0.347,0.157,-0.652,0.08,2
HON,8867,0.124,4.411,0.32,0.097,0.177,0.254,0.511,0.234,0.302,-0.455,0.196,-0.026,0.054,0.131,0.387,0.11,0.179,2
HOOD,8739,0.45,9.836,-0.264,-0.078,0.078,0.595,-1.311,0.518,0.469,-4.512,-0.714,-0.529,-0.372,0.144,-1.762,0.068,0.019,0
HPE,8867,0.697,6.079,0.365,0.953,0.945,0.913,0.311,1.471,0.685,-4.985,-0.333,0.256,0.248,0.216,-0.386,0.774,-0.012,0
HPQ,8867,0.1,4.945,-0.053,0.334,-0.243,0.309,-0.037,0.406,0.551,-0.642,-0.153,0.234,-0.343,0.209,-0.137,0.306,0.451,2
HRL,8867,-0.066,3.355,-0.1,0.0,0.042,-0.098,-0.494,0.246,0.201,-1.581,-0.034,0.066,0.108,-0.032,-0.428,0.312,0.267,0
HSIC,8867,0.013,3.538,0.506,0.093,0.297,-0.276,0.52,-0.193,-0.121,-0.296,0.494,0.08,0.284,-0.288,0.507,-0.206,-0.134,2
HST,8867,0.217,4.201,0.547,0.294,0.219,0.214,0.276,0.251,0.26,-2.572,0.33,0.076,0.001,-0.004,0.059,0.034,0.043,2
HSY,8867,-0.025,3.303,0.0,-0.105,-0.066,0.125,-0.162,-0.124,-0.209,-1.689,0.025,-0.08,-0.041,0.15,-0.137,-0.099,-0.184,0
HUBB,8867,0.527,3.91,0.91,0.79,0.655,0.303,1.083,1.153,0.872,-1.032,0.382,0.263,0.128,-0.224,0.556,0.625,0.345,2
HUBS,8867,0.312,7.504,0.85,0.782,0.579,0.153,0.291,-0.314,0.078,-1.66,0.538,0.47,0.267,-0.159,-0.021,-0.626,-0.234,2
HUM,8867,0.13,5.56,0.56,-0.227,0.045,0.163,0.453,0.239,-0.289,-1.466,0.431,-0.357,-0.085,0.033,0.323,0.109,-0.419,2
HWM,8867,0.856,4.326,0.889,0.981,0.925,0.642,0.788,0.372,0.737,-1.231,0.032,0.125,0.068,-0.214,-0.068,-0.484,-0.12,2
IBKR,8867,0.788,4.773,0.562,0.679,1.171,0.635,0.467,0.288,0.641,-3.232,-0.226,-0.109,0.383,-0.153,-0.321,-0.5,-0.147,0
IBM,8867,0.33,4.537,0.05,0.177,0.326,0.587,0.059,0.461,0.827,-2.623,-0.28,-0.152,-0.004,0.257,-0.271,0.131,0.498,0
ICE,8867,0.259,3.18,-0.038,0.316,0.266,0.216,0.198,-0.175,0.316,0.494,-0.297,0.057,0.007,-0.043,-0.061,-0.433,0.057,0
IDXX,8867,-0.173,4.684,0.265,0.025,-0.186,-0.041,-0.04,0.259,-0.533,-5.292,0.437,0.198,-0.013,0.132,0.132,0.432,-0.361,1
IEX,8867,0.09,3.148,-0.268,0.249,-0.102,0.15,0.268,0.137,0.467,-2.115,-0.358,0.159,-0.191,0.061,0.178,0.048,0.377,2
IFF,8867,0.107,4.434,0.124,-0.098,0.562,-0.063,0.417,0.35,0.126,-2.381,0.018,-0.204,0.456,-0.17,0.31,0.243,0.019,0
ILMN,8867,-0.198,6.23,-0.013,0.53,-0.165,-0.661,0.29,-0.342,0.47,-6.644,0.185,0.728,0.032,-0.463,0.487,-0.144,0.667,1
INCY,8866,0.041,4.186,0.091,0.046,-0.025,-0.237,0.305,-0.208,0.055,-0.674,0.051,0.005,-0.066,-0.278,0.264,-0.248,0.015,2
INTC,8867,-0.085,7.728,-0.05,0.034,-0.304,-0.027,-0.242,-0.276,0.269,-0.994,0.036,0.119,-0.219,0.059,-0.157,-0.191,0.354,0
INTU,8867,0.231,5.236,0.442,0.666,-0.061,-0.025,0.549,0.178,-0.289,-2.327,0.212,0.435,-0.292,-0.255,0.319,-0.053,-0.52,2
INVH,8867,0.088,3.12,0.545,-0.064,0.126,-0.088,0.652,-0.145,-0.082,-0.644,0.457,-0.151,0.038,-0.176,0.564,-0.233,-0.17,2
IOT,8050,0.34,9.627,0.614,0.452,0.629,0.499,0.476,-0.763,0.785,-2.24,0.274,0.112,0.289,0.16,0.136,-1.103,0.445,0
IP,8867,-0.018,4.874,0.55,0.248,-0.26,0.056,0.842,0.318,0.302,-0.909,0.568,0.266,-0.242,0.074,0.86,0.336,0.32,2
IPG,7725,-0.088,3.887,0.505,-0.016,0.084,-0.37,0.382,-0.08,0.014,-3.206,0.593,0.072,0.172,-0.282,0.47,0.009,0.102,1
IQV,8867,-0.047,4.962,-0.669,0.413,0.228,0.029,0.222,0.124,-0.202,-0.376,-0.621,0.46,0.275,0.077,0.27,0.171,-0.155,0
IR,8867,0.493,4.15,0.887,0.626,0.587,0.459,1.02,0.799,0.073,0.279,0.394,0.133,0.094,-0.034,0.527,0.306,-0.42,2
IRM,8867,0.519,4.371,0.543,0.334,0.373,0.508,0.727,0.274,2.233,-0.071,0.024,-0.184,-0.146,-0.01,0.208,-0.244,1.715,2
ISRG,8867,0.117,4.737,-0.041,0.523,0.3,-0.154,0.809,-0.04,0.028,-2.99,-0.157,0.406,0.184,-0.271,0.693,-0.157,-0.089,2
IT,8867,0.182,5.146,0.0,-0.117,0.146,0.26,0.182,-0.37,0.713,0.188,-0.182,-0.299,-0.035,0.078,0.0,-0.551,0.532,0
ITW,8867,0.109,2.947,0.154,0.058,0.306,0.061,0.201,0.124,-0.062,-0.149,0.045,-0.051,0.197,-0.047,0.092,0.015,-0.17,0
IVZ,8867,0.162,5.14,0.196,0.163,0.065,-0.225,0.149,-0.928,-0.771,-4.603,0.033,0.001,-0.097,-0.388,-0.013,-1.09,-0.934,1
J,8867,0.192,3.453,1.233,0.423,0.054,0.025,0.89,-0.085,1.0,-2.179,1.041,0.232,-0.137,-0.166,0.698,-0.276,0.809,2
JBHT,8867,0.214,4.285,0.21,0.621,0.241,0.21,0.681,-0.105,0.302,-4.16,-0.004,0.407,0.028,-0.004,0.468,-0.318,0.088,2
JBL,8867,0.813,5.304,1.164,0.704,0.664,0.542,1.041,0.463,1.713,-0.887,0.351,-0.11,-0.15,-0.271,0.227,-0.351,0.9,2
JBLU,6914,-0.194,7.501,-0.124,0.202,0.12,-0.371,-0.163,-1.617,-0.858,-2.838,0.069,0.396,0.314,-0.177,0.031,-1.423,-0.664,1
JCI,8867,0.478,4.019,0.446,0.641,0.186,0.308,0.911,0.209,0.375,0.415,-0.032,0.163,-0.292,-0.17,0.434,-0.268,-0.103,2
JD,8867,-0.726,7.411,0.153,-0.84,-1.365,-0.774,0.0,0.104,-1.802,-5.765,0.879,-0.114,-0.64,-0.048,0.726,0.83,-1.076,1
JKHY,8867,0.039,3.255,0.394,0.035,-0.165,0.137,0.225,0.205,-0.294,-1.29,0.355,-0.004,-0.204,0.098,0.186,0.166,-0.333,2
JNJ,8867,0.091,2.433,0.099,-0.064,-0.107,0.147,-0.162,0.484,0.09,-1.889,0.009,-0.155,-0.198,0.056,-0.252,0.393,-0.001,0
JNPR,7000,0.096,3.582,-0.079,0.135,-0.027,-0.027,0.221,0.337,-0.172,-0.145,-0.175,0.039,-0.123,-0.123,0.125,0.241,-0.268,2
JPM,8867,0.593,3.453,0.669,0.516,0.23,0.387,0.625,0.452,1.362,0.03,0.076,-0.077,-0.363,-0.206,0.032,-0.141,0.769,2
K,7785,0.072,2.952,0.278,0.025,0.012,-0.014,0.199,0.025,-0.109,0.17,0.206,-0.047,-0.06,-0.086,0.127,-0.047,-0.181,2
KDP,8867,0.15,2.958,0.313,0.209,0.15,0.058,0.32,0.344,0.273,0.326,0.164,0.059,0.0,-0.091,0.17,0.194,0.123,2
KEY,8867,0.219,5.182,-0.06,0.503,0.425,0.063,-0.272,0.0,1.686,-2.375,-0.278,0.284,0.207,-0.156,-0.49,-0.219,1.467,0
KEYS,8867,0.494,4.828,0.105,0.792,0.759,0.39,0.509,0.624,1.136,-2.258,-0.389,0.298,0.265,-0.104,0.015,0.13,0.642,0
KGC,6663,1.047,5.898,1.341,1.338,1.349,0.896,0.924,1.115,2.273,-0.745,0.294,0.292,0.302,-0.151,-0.123,0.068,1.226,2
KHC,8867,-0.162,3.135,-0.081,-0.126,-0.261,-0.126,-0.261,-0.235,0.068,-1.27,0.081,0.036,-0.099,0.036,-0.099,-0.073,0.231,0
KIM,8867,0.12,3.427,0.707,0.138,0.128,-0.165,0.748,-0.046,-0.053,-0.794,0.587,0.018,0.008,-0.285,0.628,-0.166,-0.174,2
KKR,8867,0.403,5.292,0.393,0.305,0.053,0.853,0.087,0.27,-0.111,-2.296,-0.01,-0.098,-0.349,0.451,-0.315,-0.133,-0.514,0
KLAC,8867,0.767,6.002,1.556,1.034,0.624,0.291,0.967,0.976,0.667,-0.304,0.79,0.268,-0.143,-0.476,0.2,0.209,-0.1,2
KMB,8867,-0.08,2.881,-0.293,-0.074,-0.144,-0.18,-0.271,0.2,0.473,-2.045,-0.213,0.006,-0.065,-0.101,-0.191,0.28,0.553,0
KMI,8867,0.304,3.321,0.945,0.36,0.101,0.422,0.759,0.136,0.557,-2.277,0.641,0.056,-0.203,0.118,0.455,-0.168,0.253,2
KMX,8867,-0.069,5.929,-0.472,0.557,0.165,-0.35,-0.028,0.411,0.882,-1.556,-0.403,0.626,0.234,-0.281,0.041,0.48,0.952,2
KO,8867,0.11,2.303,0.09,0.0,0.141,0.209,0.14,0.545,0.466,-0.406,-0.02,-0.11,0.031,0.098,0.029,0.434,0.355,0
KR,8867,0.136,3.749,0.812,0.219,0.262,0.089,0.817,0.63,0.11,-1.793,0.676,0.082,0.126,-0.047,0.68,0.494,-0.026,2
KVUE,5636,-0.217,3.664,-0.189,-0.386,-0.513,0.165,0.233,-0.728,-1.954,-0.573,0.029,-0.169,-0.295,0.382,0.451,-0.511,-1.737,1
L,8867,0.449,2.548,1.107,0.574,0.384,0.214,0.788,0.406,0.175,-0.857,0.657,0.125,-0.066,-0.235,0.338,-0.043,-0.274,2
LCID,8744,-1.904,11.12,-0.447,-1.973,-2.657,-1.534,-1.74,-2.402,-3.037,-7.488,1.457,-0.069,-0.752,0.371,0.164,-0.497,-1.133,1
LDOS,8867,0.343,3.99,-0.357,0.17,0.487,0.446,-0.131,0.154,0.216,-1.343,-0.7,-0.173,0.144,0.103,-0.473,-0.188,-0.127,0
LEN,8867,0.009,4.669,-0.235,0.452,0.126,-0.279,-0.196,-0.153,0.355,-2.573,-0.244,0.443,0.117,-0.288,-0.205,-0.162,0.346,0
LH,8867,0.102,3.276,0.148,0.278,0.148,0.023,-0.058,-0.028,0.749,-0.792,0.046,0.176,0.046,-0.079,-0.16,-0.13,0.647,2
LHX,8867,0.182,3.37,0.275,0.139,0.319,0.137,0.257,0.265,-0.072,0.335,0.093,-0.043,0.137,-0.045,0.075,0.083,-0.254,2
LI,8867,-0.489,8.665,0.197,-0.644,-1.222,-0.687,0.397,-0.909,-2.854,-3.213,0.686,-0.155,-0.733,-0.198,0.886,-0.419,-2.365,1
LII,8867,0.137,4.429,0.579,0.113,-0.102,-0.336,0.221,0.061,1.623,-3.67,0.442,-0.024,-0.239,-0.473,0.084,-0.076,1.486,2
LIN,8867,0.361,2.756,0.551,0.254,0.229,0.625,0.293,0.463,0.093,-0.824,0.19,-0.107,-0.133,0.264,-0.069,0.102,-0.268,0
LITE,8867,0.525,8.082,0.545,0.042,0.021,0.439,0.853,1.565,0.387,-2.907,0.02,-0.483,-0.503,-0.085,0.329,1.041,-0.138,2
LKQ,8867,0.0,3.951,0.082,0.115,0.08,-0.158,0.173,0.406,-0.616,-0.348,0.082,0.115,0.08,-0.158,0.173,0.406,-0.616,2
LLY,8867,0.724,4.69,0.927,0.34,0.701,0.614,-0.155,1.249,-0.129,-3.92,0.204,-0.384,-0.023,-0.109,-0.879,0.525,-0.853,0
LMT,8867,0.232,3.475,0.237,0.203,0.359,0.315,0.279,0.191,0.169,0.231,0.004,-0.03,0.127,0.082,0.046,-0.042,-0.064,0
LNC,8867,0.466,5.841,0.391,0.894,0.49,0.231,0.449,0.134,0.914,-0.763,-0.075,0.428,0.024,-0.235,-0.016,-0.332,0.448,2
LNG,8867,0.327,4.117,1.194,0.486,0.054,0.104,1.008,0.074,0.486,-1.93,0.867,0.159,-0.273,-0.223,0.681,-0.253,0.159,2
LNT,8867,0.255,2.682,0.268,0.534,0.514,0.188,0.627,0.071,0.514,0.039,0.013,0.279,0.26,-0.067,0.372,-0.184,0.259,2
LOW,8867,0.097,3.595,0.075,0.128,0.424,-0.117,0.234,-0.292,0.665,-0.785,-0.022,0.031,0.328,-0.213,0.138,-0.389,0.569,2
LRCX,8867,0.889,6.473,1.22,1.646,0.781,0.777,0.619,0.668,1.886,-0.973,0.331,0.757,-0.108,-0.111,-0.27,-0.221,0.997,2
LULU,8867,-0.258,5.99,-0.581,-0.396,-0.218,0.201,-1.062,0.096,0.816,-4.168,-0.323,-0.138,0.04,0.459,-0.804,0.354,1.074,0
LUV,8867,0.179,5.525,0.184,0.13,-0.417,-0.031,0.773,0.24,0.286,-3.938,0.005,-0.049,-0.596,-0.21,0.595,0.061,0.108,1
LVS,8867,-0.149,5.526,0.29,-0.179,-0.353,-0.212,0.284,-0.088,0.531,-3.886,0.439,-0.029,-0.204,-0.063,0.433,0.061,0.68,1
LW,8867,0.436,5.43,0.324,0.331,0.238,0.04,0.198,-0.156,0.184,-12.809,-0.113,-0.105,-0.199,-0.396,-0.239,-0.592,-0.252,1
LYB,8867,-0.171,4.559,0.18,0.101,-0.308,-0.442,0.302,-0.133,0.134,-3.441,0.351,0.271,-0.138,-0.271,0.473,0.038,0.305,1
LYFT,8867,-0.701,9.609,-0.496,-0.557,-1.586,-0.427,-0.785,-1.171,-0.668,-6.393,0.204,0.144,-0.886,0.274,-0.084,-0.47,0.033,1
LYV,8867,0.475,4.707,0.278,0.421,0.398,0.269,0.253,0.405,0.166,-2.485,-0.197,-0.054,-0.077,-0.206,-0.222,-0.07,-0.309,0
MA,8867,0.385,3.29,0.699,0.594,0.429,0.125,0.697,0.17,-0.114,-0.019,0.314,0.209,0.044,-0.26,0.312,-0.215,-0.499,2
MAA,8867,-0.037,3.023,0.142,-0.242,0.129,0.03,-0.149,0.375,-0.0,-1.053,0.179,-0.205,0.166,0.067,-0.112,0.412,0.037,0
MAR,8867,0.558,4.045,0.826,0.669,0.409,0.387,0.781,0.855,0.107,-1.777,0.268,0.112,-0.149,-0.171,0.223,0.297,-0.451,2
MAS,8867,-0.114,4.204,0.074,-0.434,0.194,-0.318,0.397,-0.547,0.374,-2.84,0.188,-0.32,0.308,-0.205,0.51,-0.433,0.488,1
MCD,8867,0.095,2.454,0.051,0.187,0.25,0.056,-0.088,0.144,0.168,-0.553,-0.044,0.092,0.155,-0.039,-0.183,0.049,0.073,0
MCHP,8867,-0.081,6.042,0.525,0.188,-0.082,-0.168,0.961,-0.352,-0.592,-1.945,0.607,0.269,-0.001,-0.087,1.042,-0.27,-0.511,1
MCK,8867,0.576,3.424,1.186,0.772,0.583,0.365,1.056,0.583,1.168,-0.433,0.61,0.196,0.007,-0.211,0.48,0.007,0.593,2
MCO,8867,0.272,3.672,0.013,0.494,0.218,0.135,0.159,0.422,0.116,-5.377,-0.259,0.222,-0.054,-0.137,-0.113,0.15,-0.156,0
MDB,8867,0.203,9.891,0.775,0.583,0.927,0.527,0.406,0.687,-0.286,-1.534,0.572,0.38,0.724,0.324,0.203,0.484,-0.489,0
MDLZ,8867,0.141,2.727,0.137,0.207,0.192,0.266,0.163,0.45,0.427,-0.952,-0.004,0.066,0.051,0.125,0.022,0.309,0.285,0
MDT,8867,-0.133,3.052,-0.132,-0.113,-0.118,-0.078,-0.393,-0.042,0.058,-1.81,0.001,0.02,0.015,0.055,-0.26,0.091,0.192,0
MET,8867,0.528,3.542,0.594,0.412,0.505,0.209,0.856,0.481,0.865,-0.728,0.066,-0.116,-0.023,-0.319,0.328,-0.047,0.337,2
META,7827,0.611,87.606,0.332,0.648,0.595,0.857,0.882,0.706,1.517,-1.341,-0.278,0.037,-0.015,0.247,0.272,0.096,0.906,3
MGM,8867,0.156,5.454,-0.042,0.339,0.679,-0.026,-0.118,-0.031,-0.309,-2.13,-0.198,0.183,0.523,-0.182,-0.274,-0.188,-0.465,0
MHK,8867,-0.424,5.596,-0.109,-0.139,-0.085,-0.411,0.134,-0.902,-0.68,-2.971,0.316,0.285,0.339,0.014,0.559,-0.477,-0.256,1
MKC,8867,-0.148,3.552,-0.331,-0.48,0.116,0.065,-0.473,-0.207,-0.218,-1.023,-0.183,-0.332,0.264,0.213,-0.325,-0.059,-0.071,0
MKTX,8867,-0.416,5.243,-0.644,-0.429,-0.506,-0.474,-0.387,-0.018,-0.182,-4.012,-0.228,-0.013,-0.09,-0.058,0.028,0.398,0.234,0
MLM,8867,0.216,3.61,0.231,0.249,0.546,0.029,0.559,0.288,-0.292,-0.757,0.016,0.033,0.33,-0.187,0.343,0.072,-0.508,2
MMC,7936,0.413,2.626,0.281,0.484,0.561,0.394,-0.178,0.405,0.074,-2.545,-0.131,0.071,0.148,-0.018,-0.59,-0.007,-0.339,0
MMM,8867,-0.118,3.831,-0.061,-0.143,0.054,-0.138,0.289,-0.126,0.873,-1.282,0.058,-0.025,0.172,-0.02,0.407,-0.008,0.991,2
MNDY,8817,-0.297,10.258,0.308,-0.297,-0.526,-0.974,-0.723,-0.26,-0.047,-8.61,0.606,0.0,-0.229,-0.676,-0.425,0.037,0.251,1
MNST,8867,0.358,3.237,-0.022,0.586,0.476,0.396,-0.022,-0.144,-0.02,-0.84,-0.38,0.228,0.118,0.038,-0.38,-0.503,-0.378,0
MO,8867,0.288,3.026,0.597,0.418,0.02,0.353,0.283,0.165,0.433,-0.788,0.309,0.129,-0.268,0.065,-0.005,-0.124,0.144,2
MOH,8867,0.253,5.744,-0.335,0.118,0.232,-0.18,-0.1,0.154,0.926,-1.61,-0.588,-0.135,-0.02,-0.432,-0.353,-0.098,0.674,0
MOS,8867,0.111,5.857,0.071,0.199,0.384,0.0,0.058,0.156,-0.258,-1.862,-0.04,0.088,0.273,-0.111,-0.053,0.045,-0.369,0
MPC,8867,0.821,4.75,0.925,0.503,0.731,0.934,1.009,0.372,1.684,1.448,0.104,-0.318,-0.09,0.113,0.188,-0.449,0.863,2
MPWR,8867,0.741,6.89,0.651,1.265,0.561,0.638,1.393,0.166,1.109,-5.365,-0.09,0.524,-0.179,-0.102,0.653,-0.575,0.369,2
MRK,8867,0.104,3.516,-0.06,0.15,0.249,0.249,0.078,0.191,-0.406,-1.055,-0.165,0.046,0.145,0.145,-0.027,0.087,-0.51,0
MRNA,8867,-0.327,9.887,-1.176,0.193,-0.494,-0.477,-1.061,-0.331,-2.063,-4.828,-0.849,0.52,-0.167,-0.15,-0.734,-0.004,-1.736,0
MRO,5963,0.59,5.954,1.027,0.564,-0.274,0.698,0.799,0.081,0.945,-0.253,0.437,-0.026,-0.864,0.108,0.209,-0.509,0.355,2
MRVL,8867,0.715,8.376,1.083,1.315,0.157,0.277,1.197,-1.022,-0.074,-4.478,0.368,0.599,-0.559,-0.439,0.481,-1.737,-0.789,1
MS,8867,0.44,4.121,0.319,0.599,0.69,0.361,0.741,0.469,0.141,-0.636,-0.121,0.159,0.25,-0.079,0.301,0.029,-0.299,2
MSCI,8867,0.108,4.165,0.321,0.296,-0.129,-0.418,0.061,0.594,-0.313,-1.316,0.213,0.188,-0.237,-0.526,-0.047,0.486,-0.422,2
MSFT,8867,0.368,3.731,-0.095,0.365,0.459,0.208,0.535,0.461,0.202,-3.453,-0.463,-0.004,0.091,-0.161,0.167,0.093,-0.166,0
MSI,8867,0.558,3.137,0.202,0.625,0.372,0.534,1.164,0.608,0.545,-0.472,-0.356,0.068,-0.186,-0.024,0.606,0.05,-0.013,2
MTB,8867,0.286,4.131,0.148,0.219,0.375,0.347,0.088,0.072,0.376,-2.356,-0.138,-0.067,0.089,0.061,-0.198,-0.214,0.09,0
MTCH,8867,-0.291,5.851,-0.03,-0.322,-0.248,-0.51,-0.28,-0.776,0.34,-1.692,0.261,-0.031,0.043,-0.219,0.012,-0.484,0.632,2
MTD,8852,0.263,4.458,0.445,0.613,0.372,-0.218,0.975,0.731,0.603,-1.672,0.182,0.35,0.109,-0.482,0.712,0.468,0.339,2
MTDR,8867,0.39,6.658,1.11,0.233,0.47,0.258,0.707,0.633,0.469,-3.446,0.72,-0.157,0.08,-0.132,0.316,0.243,0.079,2
MU,8867,0.57,8.018,0.043,0.418,0.632,0.393,0.452,0.932,1.735,-2.325,-0.527,-0.152,0.063,-0.177,-0.117,0.363,1.165,0
NCLH,8867,0.0,7.828,0.127,-0.149,0.301,0.491,-0.052,0.255,-1.182,-6.062,0.127,-0.149,0.301,0.491,-0.052,0.255,-1.182,0
NDAQ,8867,0.331,3.411,0.046,0.423,0.525,0.095,0.33,0.733,0.386,-1.241,-0.284,0.092,0.194,-0.236,-0.0,0.402,0.056,0
NDSN,8864,0.274,3.329,0.272,0.572,0.338,0.004,0.295,0.285,0.097,-1.352,-0.002,0.298,0.064,-0.27,0.021,0.011,-0.177,2
NEE,8867,0.401,3.723,-0.083,0.317,0.445,0.166,0.19,0.709,0.779,0.581,-0.484,-0.084,0.044,-0.235,-0.211,0.308,0.378,0
NEM,8867,0.313,5.431,0.125,0.182,0.803,0.624,0.245,0.542,0.288,-1.851,-0.188,-0.132,0.49,0.311,-0.068,0.229,-0.025,0
NET,8867,0.651,10.051,1.583,0.373,0.506,1.097,1.335,0.173,0.246,-6.636,0.933,-0.278,-0.145,0.446,0.684,-0.478,-0.405,1
NFLX,8867,0.172,6.337,0.103,-0.12,0.411,-0.143,0.0,0.068,-0.84,-0.454,-0.07,-0.292,0.238,-0.315,-0.172,-0.105,-1.012,0
NI,8867,0.401,2.728,0.843,0.811,0.492,0.22,1.082,0.075,1.464,0.0,0.442,0.41,0.091,-0.181,0.681,-0.326,1.063,2
NIO,6503,-1.342,9.926,-1.064,-0.93,-1.364,-2.268,-1.218,-2.729,-0.077,-8.729,0.278,0.412,-0.022,-0.927,0.123,-1.387,1.265,1
NKE,8867,-0.448,4.853,-0.888,-0.158,-0.493,-0.405,-0.84,-0.295,-0.466,-4.277,-0.44,0.29,-0.045,0.043,-0.392,0.153,-0.019,0
NOC,8867,0.302,3.584,0.649,0.27,0.474,0.273,0.418,0.411,0.466,-0.237,0.347,-0.032,0.172,-0.029,0.116,0.109,0.164,2
NOV,8867,0.098,6.005,0.566,0.8,-0.053,-0.371,0.972,0.107,-0.015,-1.446,0.468,0.701,-0.151,-0.469,0.873,0.009,-0.113,2
NOW,8867,0.204,6.027,0.808,0.226,-0.056,0.069,0.756,0.048,-0.058,-1.139,0.603,0.022,-0.26,-0.136,0.551,-0.156,-0.263,2
NRG,8867,0.646,5.524,1.005,0.595,0.457,0.773,0.997,1.333,0.464,-0.051,0.358,-0.051,-0.189,0.127,0.351,0.686,-0.182,2
NSC,8867,0.144,3.431,0.053,0.267,0.116,-0.024,-0.103,0.464,-0.258,-0.528,-0.091,0.123,-0.028,-0.168,-0.246,0.32,-0.402,0
NTAP,8867,0.386,5.046,0.026,0.485,0.365,0.447,0.465,0.12,0.289,0.478,-0.36,0.099,-0.021,0.061,0.079,-0.266,-0.098,0
NTES,8867,0.156,5.607,0.859,0.209,0.259,-0.044,0.504,0.278,-0.358,-2.991,0.704,0.053,0.103,-0.2,0.349,0.123,-0.513,1
NTRS,8867,0.331,3.885,0.055,0.483,0.276,-0.043,0.701,0.379,0.897,-0.109,-0.277,0.152,-0.055,-0.374,0.369,0.047,0.565,2
NUE,8867,0.55,5.508,0.091,0.523,0.633,0.417,-0.416,-0.018,-0.808,-1.604,-0.458,-0.027,0.083,-0.133,-0.966,-0.568,-1.358,0
NVDA,8867,1.184,6.957,0.789,1.628,0.776,1.114,1.256,0.58,1.484,-1.607,-0.395,0.444,-0.408,-0.069,0.072,-0.604,0.3,2
NVR,8867,0.119,3.514,0.09,0.279,-0.019,-0.217,-0.171,0.094,0.764,-1.752,-0.029,0.16,-0.138,-0.336,-0.29,-0.025,0.645,2
NWL,7545,-0.579,7.122,-0.93,-0.354,-0.232,-0.508,-0.442,0.0,-0.036,-3.715,-0.351,0.225,0.347,0.071,0.137,0.579,0.543,0
NWS,8734,0.259,3.776,-0.031,0.304,0.405,0.074,0.057,-0.017,0.227,-1.154,-0.29,0.044,0.146,-0.186,-0.202,-0.277,-0.033,0
NWSA,8867,0.189,3.695,0.236,0.386,0.419,0.099,0.039,0.285,0.265,-1.971,0.047,0.196,0.229,-0.091,-0.151,0.096,0.076,0
NXPI,8867,0.078,5.389,0.424,0.382,0.106,-0.148,0.697,0.062,0.421,-0.728,0.346,0.304,0.029,-0.226,0.62,-0.016,0.343,2
O,8867,0.075,2.658,-0.051,-0.076,0.155,0.228,-0.164,-0.12,0.314,-1.706,-0.126,-0.151,0.08,0.153,-0.239,-0.195,0.239,0
ODFL,8867,0.239,5.034,-0.185,0.552,0.283,0.457,0.041,0.015,-0.121,-0.43,-0.424,0.313,0.044,0.218,-0.198,-0.224,-0.361,0
OKE,8867,0.517,4.134,1.028,0.572,0.227,0.469,1.023,0.359,0.641,-2.333,0.511,0.054,-0.29,-0.048,0.506,-0.159,0.124,2
OKTA,8867,-0.099,8.231,0.686,-0.021,-0.261,-0.334,0.747,-1.241,-0.992,-1.629,0.785,0.078,-0.162,-0.235,0.846,-1.142,-0.893,1
OMC,8867,0.156,3.879,0.093,0.531,0.327,-0.082,0.666,0.235,-0.069,-2.544,-0.062,0.375,0.171,-0.238,0.51,0.079,-0.225,2
ON,8867,0.252,7.266,0.135,1.027,0.027,0.67,0.448,0.523,0.708,-3.812,-0.117,0.775,-0.225,0.418,0.196,0.271,0.456,2
ORCL,8867,0.198,6.203,0.125,-0.08,0.397,0.074,-0.078,0.513,0.191,-1.744,-0.073,-0.277,0.199,-0.124,-0.275,0.316,-0.007,0
ORLY,8867,0.409,3.195,1.15,0.355,0.331,0.219,0.776,0.58,0.477,-0.892,0.741,-0.054,-0.078,-0.189,0.367,0.171,0.069,2
OTIS,8867,0.135,2.961,-0.039,0.264,0.278,0.11,0.027,0.314,0.051,-1.229,-0.174,0.129,0.143,-0.025,-0.107,0.179,-0.084,0
OXY,8867,0.205,5.467,0.586,0.146,0.457,0.419,0.575,0.061,0.451,-3.632,0.382,-0.058,0.252,0.214,0.37,-0.143,0.246,0
PANW,8867,0.733,5.997,1.352,0.91,1.102,0.61,1.134,0.718,1.149,-1.574,0.619,0.176,0.369,-0.124,0.4,-0.015,0.416,2
PARA,6062,-0.092,6.84,0.128,0.485,-0.189,0.0,1.094,0.0,0.205,-0.218,0.22,0.577,-0.097,0.092,1.186,0.092,0.297,2
PATH,8867,-0.565,8.555,1.141,-0.806,-1.079,-0.81,0.38,-1.18,-2.318,-3.282,1.706,-0.241,-0.514,-0.245,0.945,-0.615,-1.753,1
PAYC,8867,-0.106,6.291,0.306,-0.161,0.219,0.218,0.318,-0.799,-0.638,-3.207,0.411,-0.055,0.325,0.323,0.424,-0.694,-0.532,1
PAYX,8867,0.168,3.235,0.0,0.029,0.351,0.177,-0.068,0.007,0.414,-0.884,-0.168,-0.14,0.183,0.009,-0.236,-0.161,0.246,0
PCAR,8867,0.342,3.478,0.901,0.391,-0.113,0.258,0.949,0.455,-0.055,-1.145,0.559,0.049,-0.455,-0.084,0.607,0.113,-0.397,2
PCG,8867,0.411,3.842,0.509,0.467,0.374,0.12,0.443,0.404,0.0,-1.624,0.098,0.056,-0.037,-0.291,0.033,-0.007,-0.411,2
PDD,8867,-0.054,9.465,0.919,-0.251,-0.028,-0.852,0.782,-0.084,-0.162,-1.325,0.973,-0.197,0.026,-0.798,0.836,-0.03,-0.108,1
PEAK,4678,-0.415,3.709,-1.064,-0.972,-0.115,0.06,-1.041,-0.28,-0.704,-1.837,-0.649,-0.557,0.299,0.474,-0.626,0.135,-0.289,0
PEG,8867,0.207,2.845,0.191,0.306,0.18,0.132,0.447,-0.161,0.211,-1.013,-0.016,0.099,-0.027,-0.075,0.241,-0.368,0.005,2
PENN,8867,-0.227,6.911,1.204,0.162,-0.551,-1.022,1.246,-1.022,-2.7,-5.847,1.431,0.389,-0.324,-0.796,1.473,-0.795,-2.473,1
PEP,8867,-0.012,2.55,0.053,0.018,-0.014,-0.026,-0.064,-0.002,0.286,-1.453,0.065,0.03,-0.002,-0.014,-0.051,0.01,0.299,0
PFE,8867,-0.209,3.582,-0.287,-0.355,-0.273,-0.589,-0.162,-0.578,0.123,-1.309,-0.079,-0.146,-0.064,-0.381,0.047,-0.369,0.331,2
PFG,8867,0.528,3.752,0.644,0.761,0.806,0.446,0.888,0.671,0.35,-2.198,0.116,0.233,0.278,-0.082,0.36,0.143,-0.178,2
PG,8867,0.221,2.423,0.335,0.197,0.194,0.348,-0.253,0.483,0.334,-0.513,0.114,-0.023,-0.027,0.127,-0.474,0.263,0.113,0
PGR,8867,0.447,3.271,0.646,0.606,0.432,0.373,0.34,0.398,0.533,-0.139,0.199,0.159,-0.015,-0.074,-0.107,-0.049,0.086,2
PH,8867,0.609,3.848,0.712,0.898,0.44,0.492,1.028,1.024,1.336,0.527,0.102,0.289,-0.169,-0.117,0.419,0.414,0.726,2
PHM,8867,0.329,4.563,0.19,0.41,0.575,-0.108,0.261,0.193,0.448,-2.169,-0.138,0.081,0.246,-0.436,-0.068,-0.135,0.12,0
PKG,8867,0.357,3.404,0.892,0.466,0.131,0.141,0.86,0.307,0.701,-0.527,0.534,0.109,-0.226,-0.216,0.502,-0.05,0.344,2
PLD,8867,0.347,3.826,-0.319,0.727,0.703,0.171,0.068,0.684,-0.363,-1.369,-0.666,0.38,0.356,-0.177,-0.279,0.336,-0.711,0
PLTR,8867,0.683,9.582,-0.186,1.185,1.164,0.674,0.304,0.15,0.364,-5.592,-0.869,0.502,0.481,-0.009,-0.378,-0.533,-0.319,0
PM,8867,0.339,3.357,0.34,0.293,0.385,0.257,0.58,0.507,0.597,-0.929,0.001,-0.045,0.046,-0.081,0.241,0.169,0.258,2
PNC,8867,0.242,3.854,0.198,0.085,0.601,0.241,0.352,0.17,0.822,-1.142,-0.044,-0.158,0.358,-0.001,0.109,-0.073,0.58,0
PNR,8867,0.151,3.929,0.074,0.299,-0.07,-0.326,0.18,-0.22,0.588,0.16,-0.076,0.149,-0.22,-0.476,0.03,-0.37,0.437,2
PNW,8867,0.27,2.839,-0.075,0.27,0.346,0.261,-0.022,0.294,0.479,0.248,-0.344,0.0,0.076,-0.009,-0.291,0.025,0.21,0
PODD,8867,-0.119,5.809,0.217,-0.075,-0.248,-0.049,-0.136,-0.256,0.782,-1.971,0.335,0.044,-0.129,0.07,-0.017,-0.137,0.901,2
POOL,8867,-0.358,4.726,0.108,-0.006,-0.668,-0.725,0.093,-1.077,0.546,-0.764,0.466,0.352,-0.31,-0.368,0.451,-0.719,0.904,2
PPG,8867,-0.056,3.741,-0.044,-0.221,-0.069,-0.234,-0.396,0.046,-0.383,-0.44,0.012,-0.165,-0.013,-0.178,-0.34,0.102,-0.327,0
PPL,8867,0.293,2.715,0.033,0.314,0.333,0.431,0.043,0.229,0.344,-2.246,-0.26,0.021,0.04,0.138,-0.25,-0.064,0.051,0
PRU,8867,0.314,3.618,0.308,0.451,0.23,0.084,0.486,0.227,1.002,-0.655,-0.006,0.137,-0.084,-0.23,0.172,-0.088,0.688,2
PSA,8867,0.155,3.413,-0.187,0.211,0.27,0.205,0.013,-0.176,0.444,-0.141,-0.342,0.056,0.115,0.049,-0.143,-0.332,0.289,0
PSX,8867,0.543,4.925,0.415,0.463,0.69,0.693,0.402,0.875,0.971,-1.107,-0.128,-0.08,0.147,0.151,-0.141,0.332,0.428,0
PTC,8867,0.06,4.156,0.551,0.124,0.016,-0.149,0.546,-0.515,0.465,-1.091,0.491,0.064,-0.044,-0.209,0.486,-0.575,0.405,2
PWR,8867,0.961,4.579,1.461,1.239,1.0,0.585,1.144,0.717,-0.217,-0.673,0.5,0.278,0.039,-0.376,0.183,-0.243,-1.178,2
PXD,4979,0.381,4.851,1.418,0.166,0.213,0.286,0.615,0.741,0.167,-2.784,1.036,-0.216,-0.168,-0.096,0.233,0.36,-0.214,2
PYPL,8867,-0.325,5.965,-0.446,0.057,0.022,-0.142,-0.339,-0.417,-0.574,-0.592,-0.121,0.382,0.346,0.183,-0.014,-0.093,-0.249,0
QCOM,8867,0.012,5.755,0.1,0.066,-0.374,-0.222,-0.161,0.251,0.107,-3.919,0.087,0.053,-0.386,-0.235,-0.173,0.238,0.095,1
QRVO,8867,-0.065,5.458,0.32,0.011,-0.397,-0.072,0.356,-0.697,0.718,-1.632,0.384,0.076,-0.332,-0.007,0.421,-0.632,0.782,2
RACE,8866,0.417,4.153,0.16,0.342,0.568,0.435,0.161,0.341,0.143,-1.039,-0.256,-0.075,0.152,0.018,-0.256,-0.076,-0.274,0
RBLX,8867,0.31,9.324,-0.19,0.526,0.181,0.263,0.049,0.06,-0.489,-10.088,-0.5,0.216,-0.129,-0.047,-0.261,-0.249,-0.799,1
RCL,8867,0.725,6.718,0.742,0.139,0.944,0.862,0.364,1.269,0.09,-0.02,0.017,-0.586,0.219,0.137,-0.362,0.544,-0.635,0
RE,3533,0.378,3.771,1.007,0.676,0.236,0.326,1.08,0.345,2.059,0.861,0.629,0.298,-0.142,-0.051,0.702,-0.033,1.681,2
REG,8867,0.224,2.918,0.763,0.422,0.224,-0.034,0.59,0.343,0.323,-0.486,0.539,0.198,0.001,-0.258,0.366,0.119,0.099,2
REGN,8867,0.239,4.357,0.292,0.329,0.162,0.047,0.436,0.386,-0.357,-1.526,0.052,0.09,-0.078,-0.192,0.196,0.146,-0.597,2
RF,8867,0.405,4.373,0.0,0.475,0.259,0.132,0.089,0.776,-0.16,-2.523,-0.405,0.069,-0.146,-0.273,-0.317,0.371,-0.565,0
RGLD,8867,0.231,4.575,0.318,-0.233,0.389,0.453,0.178,0.64,0.326,-1.384,0.087,-0.464,0.158,0.222,-0.054,0.409,0.094,0
RIG,3577,0.166,6.955,0.737,-0.175,-0.236,0.96,1.305,0.486,-0.341,2.574,0.572,-0.341,-0.402,0.794,1.14,0.32,-0.507,2
RIVN,8227,-0.785,10.804,-1.352,-0.383,-0.652,-0.347,-0.611,0.135,1.1,-7.358,-0.567,0.403,0.133,0.438,0.174,0.92,1.886,0
RJF,8867,0.476,4.013,0.566,0.372,0.418,0.355,0.544,0.428,0.979,-3.413,0.09,-0.103,-0.058,-0.12,0.068,-0.048,0.504,2
RL,8867,0.375,4.994,0.497,0.482,0.722,0.122,0.762,-0.305,1.341,-3.266,0.123,0.107,0.348,-0.253,0.387,-0.679,0.966,2
RMD,8867,0.078,4.273,0.237,0.172,-0.107,-0.287,0.373,-0.065,0.927,-1.49,0.159,0.094,-0.185,-0.365,0.295,-0.143,0.849,2
ROK,8867,0.258,4.289,0.281,0.585,0.332,0.132,0.438,0.313,0.283,-3.251,0.023,0.327,0.074,-0.126,0.18,0.055,0.025,2
ROKU,8867,-0.2,9.212,-0.516,0.238,-0.564,-0.014,-1.067,-0.388,0.349,-1.114,-0.316,0.438,-0.364,0.187,-0.867,-0.188,0.55,0
ROL,8867,0.203,3.548,0.405,0.141,0.31,0.085,0.085,0.443,1.133,0.45,0.202,-0.062,0.107,-0.118,-0.118,0.24,0.93,2
ROP,8867,0.067,3.066,0.384,0.175,0.153,-0.106,0.66,0.016,-0.05,-2.115,0.318,0.109,0.086,-0.173,0.593,-0.05,-0.116,2
ROST,8867,0.329,3.955,-0.268,0.427,0.449,0.45,0.131,0.667,0.137,-1.46,-0.598,0.097,0.12,0.121,-0.199,0.337,-0.192,0
RSG,8867,0.303,2.463,0.627,0.144,0.125,0.346,0.468,0.122,0.401,-0.873,0.324,-0.16,-0.178,0.043,0.164,-0.181,0.097,2
RTX,8867,0.358,3.36,0.667,0.48,0.45,0.566,0.782,0.369,0.824,-1.305,0.309,0.122,0.092,0.208,0.425,0.011,0.466,2
RVTY,5583,0.035,4.723,1.077,0.072,0.357,-0.043,0.728,-0.401,1.007,-0.55,1.042,0.037,0.322,-0.079,0.693,-0.436,0.972,2
SATS,7150,0.441,11.807,0.431,0.58,0.556,0.566,0.646,0.664,-1.123,-4.075,-0.01,0.139,0.115,0.125,0.205,0.223,-1.564,0
SBAC,8867,-0.24,4.152,-0.147,-0.077,-0.238,-0.269,0.13,-0.346,-0.364,-0.594,0.093,0.162,0.002,-0.029,0.37,-0.106,-0.124,2
SBUX,8867,0.084,4.232,0.37,0.282,0.082,0.038,0.222,0.569,0.617,-2.148,0.286,0.198,-0.002,-0.046,0.138,0.485,0.533,2
SCHW,8867,0.293,4.662,-0.068,0.525,0.283,-0.066,0.476,0.361,0.295,-3.05,-0.36,0.232,-0.01,-0.358,0.183,0.069,0.002,2
SEE,8342,-0.055,4.45,0.144,-0.193,-0.123,-0.12,0.144,-0.301,0.143,-4.017,0.199,-0.137,-0.068,-0.064,0.199,-0.245,0.198,1
SEMR,4700,0.084,12.007,-1.2,0.245,0.084,-0.093,-0.085,-0.623,0.084,-1.593,-1.284,0.161,0.0,-0.177,-0.169,-0.707,-0.0,0
SHOP,8867,-0.052,9.039,0.343,0.339,0.855,-0.103,0.033,-0.103,-0.359,-9.861,0.395,0.391,0.907,-0.051,0.085,-0.051,-0.307,1
SHW,8867,0.159,3.611,-0.138,0.058,0.134,0.094,-0.315,-0.095,1.214,0.235,-0.297,-0.1,-0.025,-0.065,-0.474,-0.254,1.055,0
SJM,8867,0.106,3.435,0.459,0.171,0.39,0.253,0.578,0.015,1.116,-1.261,0.353,0.064,0.284,0.147,0.472,-0.091,1.01,2
SLB,8867,0.148,5.488,0.213,0.276,0.284,-0.152,0.022,-0.416,-0.156,-0.969,0.066,0.128,0.136,-0.3,-0.125,-0.563,-0.304,2
SMCI,7144,0.836,13.784,1.094,0.675,1.403,0.424,1.419,1.032,-0.691,-5.388,0.258,-0.161,0.567,-0.412,0.583,0.196,-1.527,1
SNA,8867,0.359,3.065,1.105,0.528,0.501,-0.144,1.243,0.26,-0.662,-2.653,0.746,0.169,0.142,-0.503,0.884,-0.099,-1.021,1
SNOW,8867,0.32,8.54,0.902,0.266,0.007,0.15,-0.165,-0.145,0.048,-4.386,0.582,-0.054,-0.313,-0.17,-0.484,-0.465,-0.272,1
SNPS,8867,0.279,5.465,-0.187,0.456,-0.439,0.521,-0.076,0.575,1.062,0.44,-0.466,0.177,-0.719,0.242,-0.356,0.296,0.782,2
SO,8867,0.324,2.54,0.375,0.429,0.445,0.343,0.674,0.393,0.09,0.236,0.052,0.106,0.121,0.02,0.35,0.069,-0.233,2
SOFI,8539,0.12,9.394,-0.156,0.773,0.889,0.611,-0.186,0.897,-0.569,-0.921,-0.276,0.653,0.769,0.491,-0.306,0.777,-0.689,0
SOLV,4056,-0.03,4.468,0.286,-0.376,0.067,0.173,-0.161,-0.932,-2.447,1.061,0.316,-0.346,0.097,0.203,-0.131,-0.902,-2.416,0
SPG,8867,0.396,3.614,0.629,0.504,0.166,0.272,0.522,0.469,-0.134,-1.306,0.234,0.108,-0.23,-0.124,0.126,0.073,-0.529,2
SPGI,8867,0.262,3.525,-0.082,0.468,0.516,0.228,0.352,0.195,0.295,-1.095,-0.344,0.206,0.255,-0.034,0.091,-0.067,0.034,0
SPOT,8867,0.35,6.379,-0.305,0.29,0.393,0.131,-0.111,0.329,0.687,-1.282,-0.655,-0.061,0.043,-0.22,-0.461,-0.022,0.337,0
SPT,8791,-0.487,9.286,0.053,-0.144,-0.283,-1.168,-0.499,-0.908,0.683,-7.81,0.54,0.343,0.204,-0.681,-0.012,-0.421,1.17,1
SQ,6216,-0.449,8.69,-0.304,-0.343,-0.593,-0.468,-0.155,-1.504,-1.081,0.149,0.145,0.106,-0.144,-0.02,0.294,-1.055,-0.632,1
SRE,8867,0.242,3.19,0.525,0.288,0.218,0.251,0.731,0.379,0.466,-0.482,0.283,0.046,-0.025,0.009,0.489,0.137,0.224,2
STE,8867,0.123,3.589,0.69,0.197,0.124,-0.081,0.567,0.163,0.13,-1.185,0.567,0.074,0.001,-0.204,0.444,0.04,0.007,2
STLD,8867,0.757,5.428,0.377,1.312,0.882,0.466,0.66,0.779,0.611,-1.103,-0.38,0.555,0.125,-0.291,-0.097,0.022,-0.146,2
STT,8867,0.747,4.219,0.686,0.949,0.822,0.647,0.58,0.425,1.257,-2.504,-0.061,0.202,0.075,-0.1,-0.167,-0.322,0.51,2
STX,8867,0.905,6.835,0.684,0.844,0.662,0.61,0.741,0.856,1.057,-2.525,-0.221,-0.06,-0.243,-0.295,-0.163,-0.049,0.152,2
STZ,8867,-0.109,3.341,-0.135,-0.004,0.009,-0.203,-0.068,0.006,0.005,-3.447,-0.025,0.105,0.118,-0.093,0.041,0.115,0.114,0
SW,3590,-0.111,5.828,0.592,-0.247,0.99,-0.564,-0.182,-0.409,0.707,1.516,0.703,-0.136,1.1,-0.453,-0.072,-0.298,0.818,0
SWK,8867,-0.32,5.285,0.625,-0.035,-0.517,-0.346,0.746,0.215,0.09,-1.123,0.945,0.284,-0.197,-0.026,1.066,0.535,0.409,2
SWKS,8867,-0.262,5.24,0.023,-0.337,-0.508,-0.232,-0.215,-0.23,0.009,-0.595,0.285,-0.075,-0.246,0.03,0.048,0.032,0.272,2
SYF,8867,0.403,4.952,0.709,0.401,0.613,0.403,0.723,0.818,1.356,-2.109,0.306,-0.002,0.211,-0.0,0.32,0.415,0.954,2
SYK,8867,0.108,3.474,0.132,0.232,0.211,0.06,0.155,-0.021,0.479,-0.425,0.024,0.123,0.103,-0.048,0.047,-0.13,0.371,2
SYY,8867,0.116,3.226,0.314,0.31,0.224,0.086,0.16,0.403,0.418,-1.364,0.199,0.194,0.108,-0.03,0.044,0.287,0.302,2
T,8867,0.077,3.68,0.262,0.043,0.104,0.145,0.384,0.0,-0.068,-0.107,0.185,-0.034,0.027,0.068,0.307,-0.077,-0.146,2
TAP,8864,-0.256,3.552,0.146,-0.282,-0.118,-0.257,-0.382,-0.366,-0.385,-1.526,0.402,-0.027,0.138,-0.002,-0.126,-0.11,-0.13,0
TDG,8867,0.457,3.828,0.81,0.537,0.303,0.504,0.904,0.083,0.914,-1.107,0.353,0.08,-0.154,0.047,0.447,-0.374,0.458,2
TDY,8866,0.367,3.245,0.331,0.386,0.24,0.212,0.338,0.661,-0.012,-1.695,-0.036,0.019,-0.127,-0.155,-0.03,0.294,-0.379,2
TECH,8867,-0.181,5.601,0.0,-0.286,-0.378,-0.302,-0.343,-0.487,-0.099,-2.817,0.181,-0.105,-0.198,-0.121,-0.163,-0.306,0.082,1
TEL,8867,0.292,3.935,0.315,0.456,0.233,0.364,0.259,0.718,0.66,-5.345,0.023,0.163,-0.06,0.072,-0.034,0.426,0.368,0
TER,8867,0.646,6.777,0.496,1.089,0.481,-0.015,-0.041,-0.072,2.338,-1.931,-0.15,0.443,-0.166,-0.662,-0.687,-0.718,1.692,2
TFC,8867,0.195,4.372,0.266,0.184,-0.01,0.047,0.196,-0.052,0.233,-3.581,0.072,-0.01,-0.205,-0.148,0.001,-0.247,0.038,2
TFX,8867,-0.237,4.76,-0.229,-0.084,-0.311,-0.442,-0.239,-0.533,0.702,0.072,0.008,0.154,-0.074,-0.204,-0.001,-0.296,0.939,2
TGT,8867,-0.112,4.9,0.065,-0.334,-0.05,0.432,0.072,-0.054,-0.044,-1.599,0.177,-0.222,0.062,0.544,0.184,0.058,0.068,0
TJX,8867,0.304,3.047,0.603,0.464,0.585,0.242,0.691,0.512,0.609,0.009,0.299,0.159,0.281,-0.062,0.387,0.207,0.305,2
TKO,5019,0.308,4.713,0.66,0.337,0.398,0.19,0.673,0.971,-0.166,-1.865,0.352,0.029,0.09,-0.117,0.365,0.663,-0.474,2
TM,8867,-0.014,3.838,-0.037,0.029,0.262,-0.325,-0.205,0.247,0.61,-1.495,-0.023,0.044,0.277,-0.31,-0.191,0.261,0.624,0
TMO,8867,0.17,3.873,0.153,0.421,0.131,0.078,0.526,0.343,0.473,-0.598,-0.016,0.251,-0.038,-0.092,0.356,0.173,0.303,2
TMUS,8867,0.084,3.365,0.487,0.025,0.002,0.112,0.206,0.008,1.052,-3.319,0.403,-0.059,-0.082,0.029,0.122,-0.075,0.969,2
TOST,8473,0.193,8.352,0.687,0.63,-0.117,0.138,0.2,0.307,0.659,-2.887,0.494,0.437,-0.31,-0.055,0.007,0.115,0.466,2
TPL,8052,0.264,6.874,0.571,0.477,-0.273,-0.163,0.954,1.139,0.354,-3.02,0.307,0.213,-0.537,-0.427,0.69,0.875,0.09,2
TPR,8867,0.568,5.327,0.437,0.397,0.622,0.553,0.787,0.824,0.773,-0.255,-0.131,-0.171,0.054,-0.015,0.219,0.256,0.205,2
TRGP,8867,0.977,4.409,1.57,1.303,0.674,0.807,1.667,0.725,0.582,1.506,0.592,0.326,-0.303,-0.171,0.69,-0.252,-0.396,2
TRMB,8867,0.045,4.574,-0.254,0.212,-0.233,0.018,-0.447,0.26,0.035,-1.351,-0.299,0.167,-0.278,-0.027,-0.492,0.215,-0.01,0
TROW,8867,-0.14,4.044,0.034,-0.132,-0.442,-0.352,-0.122,-0.154,-0.491,-1.879,0.175,0.008,-0.301,-0.212,0.019,-0.014,-0.35,2
TRV,8867,0.379,2.95,0.5,0.451,0.248,0.599,0.155,0.281,0.316,-0.355,0.121,0.072,-0.131,0.22,-0.225,-0.098,-0.063,0
TSCO,8867,0.069,3.982,0.088,0.304,0.243,-0.107,0.112,-0.372,0.722,-1.223,0.019,0.235,0.174,-0.176,0.043,-0.44,0.653,2
TSLA,8867,-0.101,8.432,0.382,-0.395,-0.524,0.17,-0.112,0.034,-2.267,-2.909,0.483,-0.294,-0.424,0.271,-0.011,0.135,-2.166,1
TSN,8867,-0.055,3.507,0.361,0.018,-0.189,-0.113,0.413,-0.069,0.31,-1.073,0.415,0.073,-0.134,-0.059,0.468,-0.015,0.364,2
TT,8867,0.397,3.805,-0.071,0.038,0.276,0.2,0.105,0.449,1.038,-3.543,-0.467,-0.358,-0.121,-0.197,-0.292,0.053,0.641,0
TTD,8867,-0.106,9.293,-0.035,-0.32,0.443,-0.136,0.002,0.059,-1.139,-8.58,0.07,-0.214,0.549,-0.031,0.108,0.164,-1.033,1
TTWO,8867,0.287,4.501,0.322,0.435,0.453,0.304,0.553,-0.262,0.737,-2.284,0.035,0.148,0.166,0.017,0.267,-0.549,0.45,2
TWLO,8867,0.234,8.558,1.196,0.483,0.028,-0.092,0.914,0.088,0.783,-5.332,0.962,0.249,-0.206,-0.326,0.68,-0.146,0.549,1
TXN,8867,0.057,4.262,0.003,0.191,0.01,-0.068,0.006,-0.455,1.06,-0.707,-0.055,0.134,-0.047,-0.125,-0.051,-0.512,1.003,2
TXT,8867,0.291,3.678,0.939,0.558,0.29,0.154,0.901,0.42,0.618,-0.688,0.648,0.267,-0.001,-0.137,0.61,0.129,0.327,2
TYL,8864,-0.003,4.349,0.532,0.102,-0.112,-0.291,0.058,-0.148,0.389,-1.753,0.535,0.106,-0.108,-0.287,0.062,-0.145,0.392,2
U,8867,-0.43,10.839,-1.049,-0.493,0.0,-0.352,-1.327,-0.656,-0.226,0.306,-0.619,-0.063,0.43,0.077,-0.898,-0.226,0.204,0
UAL,8867,0.477,6.924,-0.283,0.772,1.191,0.474,-0.069,0.763,-0.359,-1.203,-0.76,0.295,0.714,-0.002,-0.545,0.287,-0.836,0
UBER,8867,0.113,6.285,1.146,0.022,-0.613,-0.422,0.923,-0.345,-0.071,-2.44,1.033,-0.091,-0.725,-0.534,0.81,-0.457,-0.183,1
UDR,8867,0.0,3.203,0.479,-0.025,0.0,0.035,-0.128,-0.235,0.259,-1.513,0.479,-0.025,0.0,0.035,-0.128,-0.235,0.259,2
UHS,8867,0.225,4.771,-0.492,0.224,0.079,0.377,0.162,0.158,-0.352,-1.799,-0.717,-0.001,-0.146,0.152,-0.063,-0.067,-0.577,0
ULTA,8867,0.387,4.775,0.703,0.255,0.769,0.125,0.676,0.954,-0.862,-0.987,0.315,-0.132,0.382,-0.262,0.289,0.567,-1.249,2
UNH,8867,0.252,4.765,0.36,0.289,0.337,0.37,0.489,0.106,-0.41,-2.778,0.107,0.037,0.085,0.118,0.237,-0.146,-0.663,0
UNP,8867,0.002,3.148,0.12,0.134,-0.057,-0.028,-0.008,0.267,-0.14,-2.119,0.118,0.133,-0.059,-0.03,-0.01,0.265,-0.142,2
UPS,8867,0.123,4.048,0.456,0.369,0.073,-0.044,0.818,0.322,0.598,-0.214,0.334,0.246,-0.05,-0.166,0.695,0.2,0.475,2
UPST,8867,-0.647,14.789,-0.92,-1.235,-0.23,0.703,-1.334,-1.233,-3.674,-3.39,-0.273,-0.588,0.418,1.35,-0.687,-0.586,-3.026,0
URI,8867,0.399,5.54,0.758,0.411,0.362,0.406,0.82,0.025,0.76,-1.12,0.36,0.012,-0.036,0.007,0.421,-0.374,0.362,2
USB,8867,0.208,4.059,0.301,0.252,-0.016,-0.031,0.425,0.204,0.022,-1.129,0.093,0.044,-0.224,-0.24,0.216,-0.004,-0.187,2
V,8867,0.329,3.078,0.498,0.469,0.565,0.239,0.824,0.177,0.801,-0.721,0.17,0.14,0.237,-0.09,0.495,-0.152,0.472,2
VEEV,8867,-0.13,5.523,0.062,0.033,0.428,-0.292,-0.092,0.175,-0.609,-0.869,0.193,0.163,0.558,-0.162,0.038,0.306,-0.478,0
VICI,8867,0.029,2.93,0.452,-0.104,-0.226,0.204,0.107,-0.356,0.065,0.039,0.422,-0.133,-0.255,0.174,0.077,-0.385,0.036,2
VLO,8867,0.643,5.169,0.541,0.603,0.595,0.554,0.66,0.482,1.675,-1.692,-0.102,-0.04,-0.048,-0.089,0.017,-0.161,1.032,2
VLTO,4921,0.2,2.955,0.441,0.103,0.078,0.094,0.446,-0.039,-0.074,0.392,0.242,-0.096,-0.122,-0.106,0.246,-0.239,-0.273,2
VMC,8867,0.271,3.545,0.29,0.181,0.222,0.239,0.519,0.407,1.303,-2.005,0.018,-0.09,-0.05,-0.033,0.248,0.135,1.032,2
VRSK,8867,0.308,3.593,0.244,0.186,0.413,0.133,0.136,0.11,1.138,-4.441,-0.064,-0.122,0.104,-0.175,-0.173,-0.199,0.83,0
VRSN,8867,0.282,3.624,0.282,0.252,0.324,0.176,0.109,0.404,0.739,-0.958,-0.0,-0.03,0.042,-0.106,-0.173,0.122,0.457,0
VRT,8867,1.286,8.78,0.695,1.507,1.377,1.336,0.521,1.524,1.8,-6.42,-0.59,0.221,0.091,0.05,-0.765,0.239,0.514,0
VRTX,8867,0.422,3.822,0.847,0.361,0.353,0.34,0.661,0.354,0.762,-0.025,0.425,-0.061,-0.069,-0.082,0.239,-0.068,0.339,2
VST,8867,0.741,6.354,2.434,0.821,0.222,0.778,1.945,0.329,1.671,-1.338,1.693,0.081,-0.519,0.037,1.204,-0.412,0.93,2
VTR,8867,0.265,3.555,0.649,0.117,0.142,0.475,0.493,0.435,0.326,-2.007,0.384,-0.149,-0.123,0.209,0.227,0.17,0.061,2
VTRS,8867,0.103,4.872,0.103,0.088,0.285,0.0,0.509,-0.396,0.365,-1.027,-0.0,-0.016,0.182,-0.103,0.406,-0.499,0.261,2
VZ,8867,-0.093,3.184,0.232,0.108,-0.327,-0.171,0.097,-0.391,-0.758,-0.81,0.325,0.201,-0.234,-0.077,0.19,-0.297,-0.665,2
WAB,8867,0.651,3.496,0.866,0.799,0.513,0.629,1.249,0.835,0.814,-0.431,0.214,0.148,-0.138,-0.022,0.597,0.184,0.162,2
WAT,8866,0.039,4.592,0.083,0.103,0.054,-0.039,0.384,0.298,1.045,-0.908,0.044,0.064,0.015,-0.077,0.345,0.259,1.006,2
WBA,7277,-0.388,5.408,-0.171,-0.358,-0.667,-0.601,0.254,-0.945,0.439,-1.907,0.216,0.029,-0.279,-0.213,0.642,-0.557,0.826,1
WBD,7505,0.074,7.783,0.583,0.228,-0.309,0.0,0.567,0.084,0.846,-1.393,0.509,0.155,-0.383,-0.074,0.494,0.011,0.772,2
WDAY,8867,-0.119,5.579,0.745,-0.313,-0.105,-0.316,0.322,-0.452,-1.677,-4.717,0.864,-0.194,0.014,-0.197,0.44,-0.333,-1.558,1
WDC,8867,1.022,7.72,-0.642,1.412,1.414,0.999,0.181,0.797,1.94,-2.731,-1.664,0.39,0.392,-0.023,-0.841,-0.225,0.918,0
WEC,8867,0.224,2.638,0.371,0.239,0.561,0.253,0.439,0.062,0.789,-0.215,0.146,0.014,0.336,0.028,0.215,-0.162,0.564,2
WELL,8867,0.494,3.384,1.053,0.52,0.121,0.453,0.906,0.662,1.218,-1.507,0.56,0.027,-0.373,-0.04,0.412,0.169,0.724,2
WFC,8867,0.5,4.304,0.137,0.334,0.768,0.437,0.067,-0.174,-0.071,-3.26,-0.363,-0.167,0.268,-0.063,-0.433,-0.675,-0.571,0
WHR,8867,-0.489,5.674,0.073,-0.246,-0.819,-0.811,0.137,-0.439,-0.094,-1.5,0.562,0.243,-0.33,-0.322,0.626,0.05,0.395,1
WIX,8867,-0.334,8.412,0.053,-0.598,-0.38,-0.733,-0.454,-0.233,-0.826,-3.354,0.387,-0.264,-0.046,-0.399,-0.12,0.101,-0.492,1
WM,8867,0.272,2.561,0.334,0.159,0.286,0.226,0.288,0.205,0.751,-1.553,0.062,-0.113,0.014,-0.047,0.015,-0.067,0.478,2
WMB,8867,0.529,3.419,0.922,0.682,0.512,0.715,0.832,0.113,0.743,0.464,0.393,0.153,-0.017,0.186,0.303,-0.416,0.214,2
WMT,8867,0.489,3.118,0.656,0.556,0.778,0.424,0.619,0.768,0.34,-0.337,0.167,0.067,0.289,-0.065,0.13,0.279,-0.149,2
WPM,8867,0.624,5.207,1.315,0.125,0.94,0.686,0.476,1.075,0.266,-1.433,0.691,-0.5,0.316,0.062,-0.148,0.451,-0.358,0
WRB,8867,0.481,3.016,1.298,0.689,0.459,0.437,0.737,0.597,0.031,-0.364,0.817,0.208,-0.022,-0.044,0.256,0.116,-0.45,2
WRK,5277,0.345,4.499,1.103,0.511,0.17,0.225,0.766,0.849,0.817,0.659,0.758,0.166,-0.174,-0.12,0.421,0.504,0.472,2
WSM,8867,0.24,5.99,0.722,0.123,-0.036,0.217,0.263,0.219,-0.132,-0.792,0.482,-0.117,-0.276,-0.023,0.023,-0.021,-0.372,2
WST,8867,0.372,5.292,0.035,0.703,0.423,0.225,0.142,0.538,0.12,-2.415,-0.337,0.331,0.051,-0.147,-0.23,0.166,-0.252,0
WTW,7946,0.31,3.323,0.964,0.458,0.22,0.045,0.855,0.479,0.754,0.168,0.654,0.148,-0.09,-0.265,0.545,0.169,0.444,2
WY,8867,-0.194,3.573,0.306,-0.336,-0.192,-0.161,0.418,-0.286,0.305,-1.13,0.5,-0.142,0.002,0.033,0.612,-0.093,0.499,2
WYNN,8867,-0.016,5.867,0.395,0.076,-0.455,-0.387,0.809,-0.343,-0.901,-4.672,0.411,0.093,-0.439,-0.371,0.825,-0.326,-0.885,1
XEL,8867,0.175,2.899,-0.066,0.388,0.164,0.047,0.175,0.044,0.767,-0.659,-0.241,0.213,-0.011,-0.128,0.0,-0.131,0.592,2
XOM,8867,0.441,3.783,0.975,0.502,0.362,0.189,0.39,-0.056,0.843,1.016,0.534,0.061,-0.079,-0.252,-0.051,-0.497,0.402,2
XPEV,8867,-0.841,10.83,-1.13,-0.591,-0.226,-1.39,-1.176,0.202,0.49,-4.283,-0.29,0.25,0.615,-0.549,-0.335,1.043,1.331,0
XRAY,8867,-0.38,5.086,-0.064,-0.591,-0.382,-0.808,-0.3,-0.585,-0.353,-1.558,0.316,-0.211,-0.002,-0.428,0.08,-0.205,0.027,1
XYL,8867,0.199,3.665,-0.098,0.268,0.079,0.198,0.198,0.108,0.823,-1.241,-0.297,0.069,-0.12,-0.001,-0.001,-0.091,0.624,0
YUM,8867,0.069,2.892,0.45,0.133,-0.024,0.017,0.133,0.102,0.914,-1.904,0.381,0.064,-0.093,-0.052,0.064,0.033,0.845,2
ZBH,8867,0.041,3.705,0.034,-0.079,0.063,0.066,0.019,0.405,0.739,-2.059,-0.007,-0.12,0.022,0.025,-0.022,0.365,0.698,0
ZBRA,8867,-0.018,5.651,-0.423,0.04,-0.257,0.256,-0.542,-0.041,0.204,-4.603,-0.406,0.058,-0.24,0.274,-0.524,-0.023,0.222,0
ZION,8867,0.434,5.722,1.077,0.337,0.263,0.189,0.638,-0.394,-0.418,-2.276,0.642,-0.097,-0.171,-0.245,0.204,-0.828,-0.852,1
ZS,8867,0.263,7.757,0.137,-0.301,0.277,0.545,0.264,-0.052,0.597,-0.979,-0.126,-0.564,0.014,0.282,0.001,-0.315,0.333,0
ZTS,8867,0.04,4.244,0.502,0.084,0.193,-0.132,0.264,0.112,0.548,-2.884,0.462,0.044,0.154,-0.171,0.225,0.072,0.508,2
