delta,est,tel,estimator,v1,v2,status,block
0.0,-1.0751671553741682,-0.25574749730522145,False,False,False,REJECT,VALIDITY
0.0,0.4488525923609432,0.10676751664286377,False,False,False,REJECT,VALIDITY
0.0,-0.31302107586086425,-0.07445759141269921,False,False,False,REJECT,VALIDITY
0.0,1.280636740660307,0.30462206713058454,False,False,False,REJECT,VALIDITY
0.0,-1.3942128889466554,-0.3316381599609982,False,False,False,REJECT,VALIDITY
0.0,0.9910607960322615,0.23574131426509634,False,False,False,REJECT,VALIDITY
0.0,0.38471441696542596,0.09151111882868537,False,False,False,REJECT,VALIDITY
0.0,0.7667280079714567,0.18237979850144997,False,False,False,REJECT,VALIDITY
0.0,0.3088517567004512,0.07346584521266647,False,False,False,REJECT,VALIDITY
0.0,-1.128582812179818,-0.2684533546936993,False,False,False,REJECT,VALIDITY
0.0,-0.20089571928105787,-0.047786595013296004,False,False,False,REJECT,VALIDITY
0.0,-1.1458047879314537,-0.27254990579751276,False,False,False,REJECT,VALIDITY
0.0,-0.27380724852221205,-0.06512988999297974,False,False,False,REJECT,VALIDITY
0.0,-2.0477748803599924,-0.4870994227072629,False,False,False,REJECT,VALIDITY
0.0,0.38203673428208185,0.09087418470972554,False,False,False,REJECT,VALIDITY
0.0,1.053874487961587,0.2506826602940639,False,False,False,REJECT,VALIDITY
0.0,-1.280942781244615,-0.3046948642887933,False,False,False,REJECT,VALIDITY
0.0,-1.8064473038156836,-0.4296953963440669,False,False,False,REJECT,VALIDITY
0.0,1.6877343143181123,0.4014574151056434,False,False,False,UNRESOLVED,EVIDENCE
0.0,-0.07790133462916016,-0.01853020832022243,False,False,False,REJECT,VALIDITY
0.0,0.9592171289652562,0.22816673563636847,False,False,False,REJECT,VALIDITY
0.0,1.0315970652133077,0.2453835818337476,False,False,False,REJECT,VALIDITY
0.0,0.5153497700817744,0.12258504482437216,False,False,False,REJECT,VALIDITY
0.0,1.9757116791345286,0.46995791752912053,False,False,False,REJECT,VALIDITY
0.0,-1.4773802630452304,-0.35142098877681666,False,False,False,REJECT,VALIDITY
0.0,2.3490307110043354,0.558758442749671,True,False,False,UNRESOLVED,MATERIALITY
0.0,-0.7353580201972576,-0.1749178928585504,False,False,False,REJECT,VALIDITY
0.0,-1.4533671538627335,-0.3457090466427553,False,False,False,REJECT,VALIDITY
0.0,1.5547716276497425,0.36982989171968217,False,False,False,REJECT,VALIDITY
0.0,-0.8278353330545551,-0.1969152550385131,False,False,False,REJECT,VALIDITY
0.0,1.2697150691287629,0.30202415466030447,False,False,False,UNRESOLVED,EVIDENCE
0.0,-1.0609788235669215,-0.252372551993228,False,False,False,REJECT,VALIDITY
0.0,-0.1549478548725669,-0.03685708394122299,False,False,False,REJECT,VALIDITY
0.0,0.07863565086322355,0.01870487840584921,False,False,False,REJECT,VALIDITY
0.0,1.108926152147327,0.2637776709327499,False,False,False,REJECT,VALIDITY
0.0,1.8441081342601584,0.4386536900237681,False,False,False,REJECT,VALIDITY
0.0,0.7925466429948291,0.1885212168456204,False,False,False,REJECT,VALIDITY
0.0,-2.43523345302033,-0.5792632874347432,True,False,False,REJECT,VALIDITY
0.0,0.3013811391203991,0.07168882687661265,False,False,False,REJECT,VALIDITY
0.0,1.8190106647356985,0.432683813630603,False,False,False,UNRESOLVED,EVIDENCE
0.0,0.05374630061251162,0.012784506857708449,False,False,False,REJECT,VALIDITY
0.0,2.122156182837048,0.5047923292099634,True,False,False,UNRESOLVED,MATERIALITY
0.0,-0.618355654889502,-0.1470868137963963,False,False,False,REJECT,VALIDITY
0.0,-1.4440578402451498,-0.34349466197947204,False,False,False,REJECT,VALIDITY
0.0,-0.9085259537600254,-0.2161089443158304,False,False,False,REJECT,VALIDITY
0.0,0.9439955602205174,0.22454601666995663,False,False,False,REJECT,VALIDITY
0.0,0.884686550760877,0.2104383212654443,False,False,False,REJECT,VALIDITY
0.0,-0.8519342990445489,-0.2026476197306243,False,False,False,REJECT,VALIDITY
0.0,0.06686643409982151,0.01590536233298774,False,False,False,REJECT,VALIDITY
0.0,2.2696461849471996,0.5398754311524573,True,False,False,UNRESOLVED,MATERIALITY
0.0,0.15785174896801868,0.0375478264398559,False,False,False,REJECT,VALIDITY
0.0,-1.42379058018966,-0.33867373621874997,False,False,False,REJECT,VALIDITY
0.0,-0.3635012423412076,-0.08646519058122654,False,False,False,REJECT,VALIDITY
0.0,-0.6999707336786509,-0.16650040175652084,False,False,False,REJECT,VALIDITY
0.0,1.231056666733371,0.29282857087315006,False,False,False,UNRESOLVED,EVIDENCE
0.0,0.7098437840543537,0.168848881164335,False,False,False,UNRESOLVED,EVIDENCE
0.0,-0.23574680318269037,-0.05607654085256875,False,False,False,REJECT,VALIDITY
0.0,-1.2446506390644207,-0.2960621372862651,False,False,False,REJECT,VALIDITY
0.0,1.226586273070801,0.2917652087852582,False,False,False,REJECT,VALIDITY
0.0,-0.4111419865575283,-0.09779738301491567,False,False,False,REJECT,VALIDITY
0.0,0.20401368142992649,0.048528257379263695,False,False,False,REJECT,VALIDITY
0.0,-0.5794784371940198,-0.13783918092544084,False,False,False,REJECT,VALIDITY
0.0,0.016556568823328233,0.003938272313623899,False,False,False,REJECT,VALIDITY
0.0,1.842454353443168,0.4382603090476821,False,False,False,REJECT,VALIDITY
0.0,0.06102760637830551,0.014516494035151395,False,False,False,REJECT,VALIDITY
0.0,-0.3389722433242981,-0.08063053493850118,False,False,False,REJECT,VALIDITY
0.0,-0.18011921037695,-0.04284453541967303,False,False,False,REJECT,VALIDITY
0.0,2.204147608327689,0.5242954378800023,True,False,False,REJECT,VALIDITY
0.0,0.444063401790451,0.10562832307989178,False,False,False,REJECT,VALIDITY
0.0,1.6650729617232074,0.3960670121504106,False,False,False,UNRESOLVED,EVIDENCE
0.0,1.309476468283155,0.3114821057075078,False,False,False,REJECT,VALIDITY
0.0,1.1596271490644072,0.2758377985209206,False,False,False,UNRESOLVED,EVIDENCE
0.0,-0.751708467496276,-0.1788071355271377,False,False,False,REJECT,VALIDITY
0.0,-1.5773245434778926,-0.3751945010747526,False,False,False,REJECT,VALIDITY
0.0,-0.4572307991162261,-0.10876042109391502,False,False,False,REJECT,VALIDITY
0.0,0.9804020804999258,0.23320595052350726,False,False,False,UNRESOLVED,EVIDENCE
0.0,-1.0396120822050825,-0.24729009518495934,False,False,False,REJECT,VALIDITY
0.0,-1.1275817583992487,-0.26821523637156786,False,False,False,REJECT,VALIDITY
0.0,1.5808236644451634,0.3760268287976324,False,False,False,UNRESOLVED,EVIDENCE
0.0,-0.40893910220355933,-0.09727338806439625,False,False,False,REJECT,VALIDITY
0.0,0.5495423376178699,0.1307183509155101,False,False,False,REJECT,VALIDITY
0.0,1.5450696610103343,0.3675221076001943,False,False,False,REJECT,VALIDITY
0.0,-0.14392956218033381,-0.03423618842136834,False,False,False,REJECT,VALIDITY
0.0,0.4842810919085172,0.11519481099172992,False,False,False,REJECT,VALIDITY
0.0,0.07189111222231648,0.017100570769340295,False,False,False,REJECT,VALIDITY
0.0,1.2417159768197794,0.2953640760399262,False,False,False,UNRESOLVED,EVIDENCE
0.0,-0.552746183263958,-0.13148044218814955,False,False,False,REJECT,VALIDITY
0.0,0.9281097085856505,0.2207672862856887,False,False,False,UNRESOLVED,EVIDENCE
0.0,1.8525484943646808,0.4406613787466767,False,False,False,UNRESOLVED,EVIDENCE
0.0,1.6168841636227227,0.3846044554207488,False,False,False,REJECT,VALIDITY
0.0,-1.8446565239672752,-0.43878413420116136,False,False,False,REJECT,VALIDITY
0.0,-0.7866214201828037,-0.18711179794961258,False,False,False,REJECT,VALIDITY
0.0,1.650932920617354,0.3927035536346448,False,False,False,REJECT,VALIDITY
0.0,-1.4252034279258363,-0.33900980700624966,False,False,False,REJECT,VALIDITY
0.0,1.9709988877671225,0.46883689686595087,False,False,False,UNRESOLVED,EVIDENCE
0.0,2.0892637706715123,0.49696828803681203,False,False,False,UNRESOLVED,EVIDENCE
0.0,1.143752982093077,0.2720618475402472,False,False,False,REJECT,VALIDITY
0.0,-1.6189560771798561,-0.38509729665405934,False,False,False,REJECT,VALIDITY
0.0,-0.6458985473448864,-0.15363837722428025,False,False,False,REJECT,VALIDITY
0.0,-1.6290405918268192,-0.38749607657363483,False,False,False,REJECT,VALIDITY
2.0,0.9251965471171908,0.22007433937870727,False,False,False,REJECT,VALIDITY
2.0,2.4485057314521717,0.5824203332722347,True,False,False,UNRESOLVED,MATERIALITY
2.0,1.6865844907940852,0.40118390927248737,False,False,False,UNRESOLVED,EVIDENCE
2.0,3.280583785310492,0.7803447943880579,True,False,False,UNRESOLVED,MATERIALITY
2.0,0.6057701043952368,0.14409311832771668,False,False,False,UNRESOLVED,EVIDENCE
2.0,2.99097470417225,0.7114561594183686,True,False,False,UNRESOLVED,MATERIALITY
2.0,2.384495585692753,0.5671943895682376,True,False,False,UNRESOLVED,MATERIALITY
2.0,2.766693805905657,0.6581069865587432,True,False,False,UNRESOLVED,MATERIALITY
2.0,2.3091488737908006,0.5492718433829463,True,False,False,UNRESOLVED,MATERIALITY
2.0,0.87129384740946,0.2072526302339096,False,False,False,REJECT,VALIDITY
2.0,1.7986765647223624,0.42784698880539246,False,False,False,UNRESOLVED,EVIDENCE
2.0,0.854610702953712,0.20328424967055972,False,False,False,REJECT,VALIDITY
2.0,1.7258216689287897,0.41051716509146524,False,False,False,REJECT,VALIDITY
2.0,-0.04758889518808318,-0.011319859226575088,False,False,False,REJECT,VALIDITY
2.0,2.38181310337629,0.5665563137717703,True,False,False,UNRESOLVED,MATERIALITY
2.0,3.0536674343347006,0.726368732554681,True,False,False,UNRESOLVED,MATERIALITY
2.0,0.719315094717049,0.17110179968595932,False,False,False,REJECT,VALIDITY
2.0,0.19365819625464797,0.046065022333698025,False,False,False,REJECT,VALIDITY
2.0,3.6877869703775046,0.8772052639020854,True,False,False,UNRESOLVED,NON_INFERIORITY
2.0,1.9222415965316153,0.4572391140035054,False,False,False,REJECT,VALIDITY
2.0,2.9588995790393535,0.7038265244006998,True,False,False,UNRESOLVED,MATERIALITY
2.0,3.0318771919706666,0.7211855385532455,True,False,False,UNRESOLVED,MATERIALITY
2.0,2.5157289888910253,0.5984105723385578,True,False,False,UNRESOLVED,MATERIALITY
2.0,3.975626720976422,0.945673032353414,True,False,False,UNRESOLVED,NON_INFERIORITY
2.0,0.5227261255924598,0.12433964126238821,False,False,False,REJECT,VALIDITY
2.0,4.349254584533013,1.0345470186451933,True,False,False,UNRESOLVED,NON_INFERIORITY
2.0,1.2648022062561326,0.3008555434559921,False,False,False,UNRESOLVED,EVIDENCE
2.0,0.5467208781809285,0.13004721695634927,False,False,False,UNRESOLVED,EVIDENCE
2.0,3.5546844474919457,0.8455444780021049,True,False,False,UNRESOLVED,NON_INFERIORITY
2.0,1.1717952977273294,0.2787322075919429,False,False,False,REJECT,VALIDITY
2.0,3.269352127225389,0.7776731461410897,True,False,False,UNRESOLVED,NON_INFERIORITY
2.0,0.9393368772889765,0.22343786665391052,False,False,False,REJECT,VALIDITY
2.0,1.845120994313293,0.4388946166763493,True,False,False,UNRESOLVED,MATERIALITY
2.0,2.0783046951851567,0.49436147837525846,False,False,False,UNRESOLVED,EVIDENCE
2.0,3.1093485906737217,0.7396134790199966,True,False,False,UNRESOLVED,MATERIALITY
2.0,3.84412528706593,0.9143930937442847,True,False,False,UNRESOLVED,NON_INFERIORITY
2.0,2.7923870812577354,0.6642185858910176,True,False,False,UNRESOLVED,MATERIALITY
2.0,-0.4354953130997652,-0.10359025185684602,False,False,False,REJECT,VALIDITY
2.0,2.301468785380095,0.5474449987101873,True,False,False,UNRESOLVED,MATERIALITY
2.0,3.8192227013473525,0.9084695739063497,True,False,False,UNRESOLVED,NON_INFERIORITY
2.0,2.0537641419848707,0.4885240743659492,False,False,False,UNRESOLVED,EVIDENCE
2.0,4.122421470010412,0.9805907560723143,True,False,False,UNRESOLVED,NON_INFERIORITY
2.0,1.3814424302849015,0.3286004808188682,False,False,False,REJECT,VALIDITY
2.0,0.5560280740982526,0.13226109788722337,False,False,False,REJECT,VALIDITY
2.0,1.0914225675135558,0.25961413418259754,False,False,False,UNRESOLVED,EVIDENCE
2.0,2.9435744189276134,0.7001811643980356,True,False,False,UNRESOLVED,MATERIALITY
2.0,2.8849473409551685,0.6862356784418979,True,False,False,UNRESOLVED,MATERIALITY
2.0,1.1480832835276067,0.27309188621741715,False,False,False,REJECT,VALIDITY
2.0,2.0664685893803436,0.49154605156251574,True,False,False,UNRESOLVED,MATERIALITY
2.0,4.269919843592252,1.0156758493172047,True,False,False,UNRESOLVED,NON_INFERIORITY
2.0,2.157766501109876,0.5132628723538792,True,False,False,UNRESOLVED,MATERIALITY
2.0,0.5764647715573723,0.13712232732697027,False,False,False,REJECT,VALIDITY
2.0,1.6363423161809443,0.38923292067294163,False,False,False,UNRESOLVED,EVIDENCE
2.0,1.299941550870276,0.3092140571969419,False,False,False,UNRESOLVED,EVIDENCE
2.0,3.2310225812469726,0.768555786660913,True,False,False,UNRESOLVED,MATERIALITY
2.0,2.710223985906973,0.6446746425127481,True,False,False,UNRESOLVED,MATERIALITY
2.0,1.7644566935698436,0.4197071880668569,False,False,False,UNRESOLVED,EVIDENCE
2.0,0.7549554342573261,0.1795794839185679,False,False,False,UNRESOLVED,EVIDENCE
2.0,3.226218140007431,0.767412965456953,True,False,False,UNRESOLVED,MATERIALITY
2.0,1.5886573646781366,0.3778902127553808,False,False,False,UNRESOLVED,EVIDENCE
2.0,2.2036818587629403,0.5241846511200459,True,False,False,REJECT,VALIDITY
2.0,1.420093083194468,0.33779422125394915,False,False,False,UNRESOLVED,EVIDENCE
2.0,2.0168746406015234,0.47974925492650555,False,False,False,UNRESOLVED,EVIDENCE
2.0,3.8426792922338637,0.9140491383345898,True,False,False,UNRESOLVED,NON_INFERIORITY
2.0,2.0614091269110455,0.49034256905492146,True,False,False,UNRESOLVED,MATERIALITY
2.0,1.6606712837209658,0.395019995295971,False,False,False,REJECT,VALIDITY
2.0,1.8196446685474321,0.4328346226348796,False,False,False,UNRESOLVED,EVIDENCE
2.0,4.204252006991388,1.0000555945687468,True,False,False,UNRESOLVED,NON_INFERIORITY
2.0,2.44387449735034,0.581318712445131,True,False,False,UNRESOLVED,MATERIALITY
2.0,3.6651927293739672,0.8718308246241717,True,False,False,UNRESOLVED,NON_INFERIORITY
2.0,3.309371532818467,0.7871924685765956,True,False,False,UNRESOLVED,MATERIALITY
2.0,3.1599288804702086,0.7516448942876278,True,False,False,UNRESOLVED,MATERIALITY
2.0,1.2484972973487996,0.2969771328981576,False,False,False,UNRESOLVED,EVIDENCE
2.0,0.4230239492908794,0.10062371770802757,False,False,False,UNRESOLVED,EVIDENCE
2.0,1.542974701448896,0.36702378446772566,False,False,False,REJECT,VALIDITY
2.0,2.980524039155946,0.7089702841665666,True,False,False,UNRESOLVED,MATERIALITY
2.0,0.9603879177949137,0.22844522843775397,False,False,False,REJECT,VALIDITY
2.0,0.8722479708702879,0.2074795853506161,False,False,False,UNRESOLVED,EVIDENCE
2.0,3.5805049901303123,0.8516863501061936,True,False,False,UNRESOLVED,NON_INFERIORITY
2.0,1.5912336242840441,0.3785030216040571,False,False,False,UNRESOLVED,EVIDENCE
2.0,2.5498309274955777,0.6065223207376571,True,False,False,UNRESOLVED,MATERIALITY
2.0,3.5451220184018917,0.8432698853532169,True,False,False,UNRESOLVED,NON_INFERIORITY
2.0,1.856399924254365,0.44157750936916623,False,False,False,UNRESOLVED,EVIDENCE
2.0,2.4842634476001324,0.5909259376040643,True,False,False,UNRESOLVED,MATERIALITY
2.0,2.0722200282708214,0.4929141328834446,False,False,False,REJECT,VALIDITY
2.0,3.2414934940835805,0.7710464782143874,True,False,False,UNRESOLVED,NON_INFERIORITY
2.0,1.4474953292946957,0.34431232946218965,False,False,False,UNRESOLVED,EVIDENCE
2.0,2.9278090019250023,0.6964310815181434,True,False,False,UNRESOLVED,MATERIALITY
2.0,3.852773433155371,0.916450208033583,True,False,False,UNRESOLVED,NON_INFERIORITY
2.0,3.6171428177590337,0.8604013044980852,True,False,False,UNRESOLVED,NON_INFERIORITY
2.0,0.15522513983959874,0.03692304106798629,False,False,False,REJECT,VALIDITY
2.0,1.213395851123511,0.2886276339583511,False,False,False,REJECT,VALIDITY
2.0,3.6508646052737292,0.8684226272463051,True,False,False,UNRESOLVED,NON_INFERIORITY
2.0,0.5751815980634178,0.136817101848265,False,False,False,REJECT,VALIDITY
2.0,3.9707096909687047,0.9445034299224221,True,False,False,UNRESOLVED,NON_INFERIORITY
2.0,4.089281952654988,0.9727079365654228,True,False,False,UNRESOLVED,NON_INFERIORITY
2.0,3.144030076755544,0.7478630830224229,True,False,False,UNRESOLVED,MATERIALITY
2.0,0.38073282169499567,0.09056402607142895,False,False,False,REJECT,VALIDITY
2.0,1.3544153641669443,0.32217161579576875,False,False,False,REJECT,VALIDITY
2.0,0.3705417408452094,0.08813989749835979,False,False,False,REJECT,VALIDITY
4.0,2.924694291295787,0.695690192583553,True,False,False,UNRESOLVED,MATERIALITY
4.0,4.4490260228153335,1.0582794173849648,True,False,False,UNRESOLVED,NON_INFERIORITY
4.0,3.6870475212426257,0.8770293728653433,True,False,False,UNRESOLVED,NON_INFERIORITY
4.0,5.280530829960678,1.2560675216455313,True,False,False,UNRESOLVED,NON_INFERIORITY
4.0,2.605753097737129,0.6198243966164315,True,False,False,UNRESOLVED,MATERIALITY
4.0,4.990888612312233,1.1871710045716395,True,False,False,UNRESOLVED,NON_INFERIORITY
4.0,4.385118413161127,1.043077863704566,True,False,False,UNRESOLVED,NON_INFERIORITY
4.0,4.766659603839852,1.1338341746160352,True,False,False,UNRESOLVED,NON_INFERIORITY
4.0,4.3085721170860065,1.024869975236857,True,False,False,UNRESOLVED,NON_INFERIORITY
4.0,2.8711705069987326,0.6829586151615172,True,False,False,UNRESOLVED,MATERIALITY
4.0,3.799139923718653,0.9036925305491336,True,False,False,UNRESOLVED,NON_INFERIORITY
4.0,2.854160587828114,0.678912505460802,True,False,False,UNRESOLVED,MATERIALITY
4.0,3.7262939558093344,0.8863648304901588,True,False,False,UNRESOLVED,NON_INFERIORITY
4.0,1.9525970899838263,0.4644597042541128,False,False,False,UNRESOLVED,EVIDENCE
4.0,4.382449591338927,1.042443037297928,True,False,False,UNRESOLVED,NON_INFERIORITY
4.0,5.053460380707808,1.2020548048152968,True,False,False,UNRESOLVED,NON_INFERIORITY
4.0,2.718713384139837,0.646693995820585,True,False,False,UNRESOLVED,MATERIALITY
4.0,2.1937636963249796,0.5218254410114629,True,False,False,UNRESOLVED,MATERIALITY
4.0,5.687839626436903,1.3529531126985288,True,False,False,UNRESOLVED,NON_INFERIORITY
4.0,3.9223845276923965,0.9330084363272346,True,False,False,UNRESOLVED,NON_INFERIORITY
4.0,4.959464112240964,1.179696132216096,True,False,False,UNRESOLVED,NON_INFERIORITY
4.0,5.031281922611281,1.1967792668452946,True,False,False,UNRESOLVED,NON_INFERIORITY
4.0,4.515246346770158,1.0740310910084896,True,False,False,UNRESOLVED,NON_INFERIORITY
4.0,5.975541762818315,1.4213881471777077,True,False,False,UNRESOLVED,NON_INFERIORITY
4.0,2.5228325142301555,0.6001002713015944,True,False,False,UNRESOLVED,MATERIALITY
4.0,6.348617406028318,1.510130778106839,True,False,False,UNRESOLVED,NON_INFERIORITY
4.0,3.2649624327095172,0.7766289797705332,True,False,False,UNRESOLVED,MATERIALITY
4.0,2.546808910224596,0.6058034805554552,True,False,False,UNRESOLVED,MATERIALITY
4.0,5.554597267334149,1.3212590642845277,True,False,False,UNRESOLVED,NON_INFERIORITY
4.0,3.172265404004926,0.7545793542957118,True,False,False,REJECT,VALIDITY
4.0,5.2698533327109995,1.253527690340753,True,False,False,UNRESOLVED,NON_INFERIORITY
4.0,2.938775631322932,0.6990396880109806,True,False,False,UNRESOLVED,MATERIALITY
4.0,3.8451898434991527,0.9146463172939215,True,False,False,UNRESOLVED,NON_INFERIORITY
4.0,4.078844675502003,0.970225245853365,True,False,False,UNRESOLVED,NON_INFERIORITY
4.0,5.108890948936795,1.2152399444728008,True,False,False,UNRESOLVED,NON_INFERIORITY
4.0,5.844142439871697,1.3901324974648002,True,False,False,UNRESOLVED,NON_INFERIORITY
4.0,4.792227519520642,1.1399159549364148,True,False,False,UNRESOLVED,NON_INFERIORITY
4.0,1.5651156937522392,0.3722904105371052,False,False,False,REJECT,VALIDITY
4.0,4.301556431639791,1.0232011705437618,True,False,False,UNRESOLVED,NON_INFERIORITY
4.0,5.819434737959006,1.3842553341820965,True,False,False,UNRESOLVED,NON_INFERIORITY
4.0,4.053781983357229,0.9642636418741899,True,False,False,UNRESOLVED,NON_INFERIORITY
4.0,6.121802466605897,1.4561788388025432,True,False,False,UNRESOLVED,NON_INFERIORITY
4.0,3.381240515459305,0.8042877754341328,True,False,False,UNRESOLVED,NON_INFERIORITY
4.0,2.5561139884416493,0.6080168577539173,True,False,False,REJECT,VALIDITY
4.0,3.0913710887871426,0.7353372126810268,True,False,False,UNRESOLVED,NON_INFERIORITY
4.0,4.943995560220521,1.1760166639153857,True,False,False,UNRESOLVED,NON_INFERIORITY
4.0,4.884338830501828,1.1618262571058882,True,False,False,UNRESOLVED,NON_INFERIORITY
4.0,3.148100866099762,0.7488313921654586,True,False,False,UNRESOLVED,MATERIALITY
4.0,4.066935624485818,0.9673924677337529,True,False,False,UNRESOLVED,NON_INFERIORITY
4.0,6.269338318971523,1.4912728470381003,True,False,False,UNRESOLVED,NON_INFERIORITY
4.0,4.157681253251727,0.9889779182679013,True,False,False,UNRESOLVED,NON_INFERIORITY
4.0,2.5758689508142973,0.6127159244626705,True,False,False,REJECT,VALIDITY
4.0,3.6361858747030906,0.8649310319271085,True,False,False,UNRESOLVED,NON_INFERIORITY
4.0,3.2998538354191975,0.7849285161504033,True,False,False,UNRESOLVED,NON_INFERIORITY
4.0,5.230988495760569,1.2442830024486746,True,False,False,UNRESOLVED,NON_INFERIORITY
4.0,4.709740092640002,1.1202948635754817,True,False,False,UNRESOLVED,NON_INFERIORITY
4.0,3.764660190322372,0.8954909169862812,True,False,False,UNRESOLVED,NON_INFERIORITY
4.0,2.7554178699231047,0.6554248060318391,True,False,False,UNRESOLVED,MATERIALITY
4.0,5.226686672997172,1.2432597379264185,True,False,False,UNRESOLVED,NON_INFERIORITY
4.0,3.5884567159137957,0.8535778085256759,True,False,False,UNRESOLVED,NON_INFERIORITY
4.0,4.204223253640649,1.0000487550764372,True,False,False,UNRESOLVED,NON_INFERIORITY
4.0,3.420557269440272,0.8136399597735977,True,False,False,UNRESOLVED,NON_INFERIORITY
4.0,4.0163091796625086,0.9553500736778107,True,False,False,UNRESOLVED,NON_INFERIORITY
4.0,5.842039081829581,1.3896321766053699,True,False,False,UNRESOLVED,NON_INFERIORITY
4.0,4.06092355532392,0.9659623908995641,True,False,False,UNRESOLVED,NON_INFERIORITY
4.0,3.6611635558965574,0.8708724145500679,True,False,False,UNRESOLVED,NON_INFERIORITY
4.0,3.8203167054549683,0.9087298021054403,True,False,False,UNRESOLVED,NON_INFERIORITY
4.0,6.204356405655087,1.4758157512574914,True,False,False,UNRESOLVED,NON_INFERIORITY
4.0,4.44368559291023,1.0570091018103704,True,False,False,UNRESOLVED,NON_INFERIORITY
4.0,5.665312497024727,1.3475946370979328,True,False,False,UNRESOLVED,NON_INFERIORITY
4.0,5.309266597353779,1.2629028314456834,True,False,False,UNRESOLVED,NON_INFERIORITY
4.0,5.159343166564828,1.2272408955131788,True,False,False,UNRESOLVED,NON_INFERIORITY
4.0,3.248703062193875,0.7727614013234528,True,False,False,UNRESOLVED,MATERIALITY
4.0,2.4225012101377175,0.5762346985906419,True,False,False,UNRESOLVED,MATERIALITY
4.0,3.5431802020140237,0.8428079900293677,True,False,False,UNRESOLVED,NON_INFERIORITY
4.0,4.980645997811961,1.1847346178096247,True,False,False,UNRESOLVED,NON_INFERIORITY
4.0,2.9603879177949155,0.7041805520604686,True,False,False,UNRESOLVED,MATERIALITY
4.0,2.87207770013983,0.6831744070728014,True,False,False,UNRESOLVED,MATERIALITY
4.0,5.581071522245601,1.3275564333985126,True,False,False,UNRESOLVED,NON_INFERIORITY
4.0,3.591406350771653,0.8542794312725117,True,False,False,UNRESOLVED,NON_INFERIORITY
4.0,4.549217674005446,1.082111771186576,True,False,False,UNRESOLVED,NON_INFERIORITY
4.0,5.545174375793444,1.319017663106238,True,False,False,UNRESOLVED,NON_INFERIORITY
4.0,3.8558623411240722,0.9171849593496485,True,False,False,UNRESOLVED,NON_INFERIORITY
4.0,4.484245803291742,1.0666570642163975,True,False,False,UNRESOLVED,NON_INFERIORITY
4.0,4.071683375770629,0.9685218042307329,True,False,False,UNRESOLVED,NON_INFERIORITY
4.0,5.242126714178907,1.2469324244205888,True,False,False,UNRESOLVED,NON_INFERIORITY
4.0,3.4468742970010178,0.8198999295852973,True,False,True,VETO,-
4.0,4.928392726619207,1.1723052543690096,True,False,False,UNRESOLVED,NON_INFERIORITY
4.0,5.852133222751088,1.3920332463043632,True,False,False,UNRESOLVED,NON_INFERIORITY
4.0,5.616539291440975,1.335993068726681,True,False,False,UNRESOLVED,NON_INFERIORITY
4.0,2.155106803646478,0.5126302163371352,False,False,False,UNRESOLVED,EVIDENCE
4.0,3.2134131224298255,0.7643670658663148,True,False,False,UNRESOLVED,MATERIALITY
4.0,5.6507962899301045,1.3441417008579655,True,False,False,UNRESOLVED,NON_INFERIORITY
4.0,2.574691564986187,0.6124358624486881,True,False,False,UNRESOLVED,MATERIALITY
4.0,5.971271072989165,1.4203722881737262,True,False,False,UNRESOLVED,NON_INFERIORITY
4.0,6.089300134638459,1.4484475850940324,True,False,False,UNRESOLVED,NON_INFERIORITY
4.0,5.1434412505978075,1.223458343943783,True,False,False,UNRESOLVED,NON_INFERIORITY
4.0,2.3812858903619283,0.5664309068447675,True,False,False,UNRESOLVED,MATERIALITY
4.0,3.3538572992570237,0.7977741938232212,True,False,False,UNRESOLVED,MATERIALITY
4.0,2.3709942137838445,0.56398284980102,True,False,False,UNRESOLVED,MATERIALITY
6.0,4.925057993787152,1.1715120292674832,True,False,False,UNRESOLVED,NON_INFERIORITY
6.0,6.448679161906556,1.5339322340143344,True,False,False,UNRESOLVED,NON_INFERIORITY
6.0,5.686653087897575,1.35267087355053,True,False,False,UNRESOLVED,NON_INFERIORITY
6.0,7.280477874610863,1.7317902489030048,True,False,False,UNRESOLVED,NON_INFERIORITY
6.0,4.605736091079021,1.0955556749051465,True,False,False,UNRESOLVED,NON_INFERIORITY
6.0,6.990802520452222,1.662885849724912,True,False,False,UNRESOLVED,NON_INFERIORITY
6.0,6.384899581888454,1.518761134444118,True,False,False,UNRESOLVED,NON_INFERIORITY
6.0,6.7666254017740455,1.609561362673327,True,False,False,UNRESOLVED,NON_INFERIORITY
6.0,6.308869234176356,1.5006759734071369,True,False,False,UNRESOLVED,NON_INFERIORITY
6.0,4.871047166588011,1.1586646000891263,True,False,False,UNRESOLVED,NON_INFERIORITY
6.0,5.798712207722079,1.3793261143678233,True,False,False,UNRESOLVED,NON_INFERIORITY
6.0,4.854576078713279,1.1547466609288743,True,False,False,UNRESOLVED,NON_INFERIORITY
6.0,5.725922873260336,1.3620118855746037,True,False,False,UNRESOLVED,NON_INFERIORITY
6.0,3.951937688010693,0.9400381774712839,True,False,True,VETO,-
6.0,6.382225960433136,1.5181251663599729,True,False,False,UNRESOLVED,NON_INFERIORITY
6.0,7.054116050526293,1.6779460910846542,True,False,False,UNRESOLVED,NON_INFERIORITY
6.0,4.718971260101501,1.1224906597953375,True,False,False,UNRESOLVED,NON_INFERIORITY
6.0,4.193869196395317,0.9975858596892293,True,False,False,UNRESOLVED,NON_INFERIORITY
6.0,7.6878922824963,1.828700961494972,True,False,False,UNRESOLVED,NON_INFERIORITY
6.0,5.922527458853177,1.4087777586509638,True,False,False,UNRESOLVED,NON_INFERIORITY
6.0,6.9591465623150555,1.655355920980426,True,False,False,UNRESOLVED,NON_INFERIORITY
6.0,7.031562049368639,1.6725812235647926,True,False,False,UNRESOLVED,NON_INFERIORITY
6.0,6.5156255655794135,1.5498566185226763,True,False,False,UNRESOLVED,NON_INFERIORITY
6.0,7.975456804660208,1.8971032620020012,True,False,False,UNRESOLVED,NON_INFERIORITY
6.0,4.522938902867846,1.0758609013407994,True,False,False,UNRESOLVED,NON_INFERIORITY
6.0,8.348841279556996,1.9859193540023614,True,False,False,UNRESOLVED,NON_INFERIORITY
6.0,5.264232512199641,1.2521906789082549,True,False,False,UNRESOLVED,NON_INFERIORITY
6.0,4.546896942268258,1.0815597441545597,True,False,False,UNRESOLVED,NON_INFERIORITY
6.0,7.554510087176353,1.7969736505669505,True,False,False,UNRESOLVED,NON_INFERIORITY
6.0,5.1718960347868155,1.230226816926169,True,False,False,UNRESOLVED,NON_INFERIORITY
6.0,7.269490390807626,1.7291766818215384,True,False,False,UNRESOLVED,NON_INFERIORITY
6.0,4.93909133217883,1.1748501066581192,True,False,False,UNRESOLVED,NON_INFERIORITY
6.0,5.845258692685007,1.3903980179114928,True,False,False,UNRESOLVED,NON_INFERIORITY
6.0,6.078513719823936,1.4458818458227742,True,False,False,UNRESOLVED,NON_INFERIORITY
6.0,7.10931338746319,1.6910757525600475,True,False,False,UNRESOLVED,NON_INFERIORITY
6.0,7.844159592677469,1.8658719011853169,True,False,False,UNRESOLVED,NON_INFERIORITY
6.0,6.7929544118785214,1.6158241827446862,True,False,False,UNRESOLVED,NON_INFERIORITY
6.0,3.5648538336728097,0.8479634461150037,True,False,False,UNRESOLVED,NON_INFERIORITY
6.0,6.301644077899487,1.4989573423773366,True,False,False,UNRESOLVED,NON_INFERIORITY
6.0,7.818763288688762,1.8598309417368728,True,False,False,UNRESOLVED,NON_INFERIORITY
6.0,6.053799824729589,1.4400032093824309,True,False,False,UNRESOLVED,NON_INFERIORITY
6.0,8.12206775377926,1.931977265664894,True,False,False,UNRESOLVED,NON_INFERIORITY
6.0,5.3818799124070225,1.2801751909137697,True,False,False,UNRESOLVED,NON_INFERIORITY
6.0,4.5561999027850515,1.0837726176206128,True,False,False,UNRESOLVED,NON_INFERIORITY
6.0,5.091319610060724,1.2110602911794548,True,False,False,UNRESOLVED,NON_INFERIORITY
6.0,6.944416701513423,1.6518521634327348,True,False,False,UNRESOLVED,NON_INFERIORITY
6.0,6.884599620696114,1.6376236142823406,True,False,False,UNRESOLVED,NON_INFERIORITY
6.0,5.148118448671918,1.2245708981135,True,False,False,UNRESOLVED,NON_INFERIORITY
6.0,6.06653777976634,1.4430331569632808,True,False,False,UNRESOLVED,NON_INFERIORITY
6.0,8.26961197761657,1.9670732652028462,True,False,False,UNRESOLVED,NON_INFERIORITY
6.0,6.157596005393579,1.4646929641819233,True,False,False,UNRESOLVED,NON_INFERIORITY
6.0,4.57612430256133,1.0885119880083909,True,False,True,VETO,-
6.0,5.636898552546632,1.3408358785620906,True,False,False,UNRESOLVED,NON_INFERIORITY
6.0,5.299766119968119,1.2606429751038648,True,False,False,UNRESOLVED,NON_INFERIORITY
6.0,7.230954410274171,1.7200102182364376,True,False,False,UNRESOLVED,NON_INFERIORITY
6.0,6.710120294492622,1.596120624923895,True,False,False,UNRESOLVED,NON_INFERIORITY
6.0,5.764015783939358,1.3710729571694118,True,False,False,UNRESOLVED,NON_INFERIORITY
6.0,4.755023943244846,1.1310664272366708,True,False,False,UNRESOLVED,NON_INFERIORITY
6.0,7.226318539933802,1.7189074945981133,True,False,False,UNRESOLVED,NON_INFERIORITY
6.0,5.589092103667537,1.329464270347716,True,False,False,UNRESOLVED,NON_INFERIORITY
6.0,6.203891430973668,1.4757051488172206,True,False,False,UNRESOLVED,NON_INFERIORITY
6.0,5.42012878982876,1.2892733619529877,True,False,False,UNRESOLVED,NON_INFERIORITY
6.0,6.0166272514407035,1.4311610562906922,True,False,False,UNRESOLVED,NON_INFERIORITY
6.0,7.842264020620276,1.8654210058922776,True,False,False,UNRESOLVED,NON_INFERIORITY
6.0,6.0613050758566605,1.4417884659193343,True,False,False,UNRESOLVED,NON_INFERIORITY
6.0,5.660807082941821,1.34652294478454,True,False,False,UNRESOLVED,NON_INFERIORITY
6.0,5.82008058437935,1.384408960159993,True,False,False,UNRESOLVED,NON_INFERIORITY
6.0,8.204460804318781,1.9515759079462347,True,False,False,UNRESOLVED,NON_INFERIORITY
6.0,6.444355345016084,1.5329037378004973,True,False,False,UNRESOLVED,NON_INFERIORITY
6.0,7.6654322646754816,1.8233584495716926,True,False,False,UNRESOLVED,NON_INFERIORITY
6.0,7.309161661889085,1.7386131943147698,True,False,False,UNRESOLVED,NON_INFERIORITY
6.0,7.159644897970635,1.7030479912798873,True,False,False,UNRESOLVED,NON_INFERIORITY
6.0,5.248051473517801,1.2483417330713267,True,False,False,UNRESOLVED,NON_INFERIORITY
6.0,4.422849702906495,1.0520529173734234,True,False,False,UNRESOLVED,NON_INFERIORITY
6.0,5.5425294502244595,1.3183885208454786,True,False,False,UNRESOLVED,NON_INFERIORITY
6.0,6.980767956467976,1.660498951452683,True,False,False,UNRESOLVED,NON_INFERIORITY
6.0,4.960387917794917,1.1799158756831831,True,False,False,UNRESOLVED,NON_INFERIORITY
6.0,4.872758783061676,1.1590717382976348,True,False,False,UNRESOLVED,NON_INFERIORITY
6.0,7.58075284793075,1.8032159547070739,True,False,False,UNRESOLVED,NON_INFERIORITY
6.0,5.590715444821226,1.3298504107122664,True,False,False,UNRESOLVED,NON_INFERIORITY
6.0,6.549506263883154,1.557915741008723,True,False,False,UNRESOLVED,NON_INFERIORITY
6.0,7.545226733185001,1.7947654408592606,True,False,False,UNRESOLVED,NON_INFERIORITY
6.0,5.856191827558765,1.3929986571401818,True,False,False,UNRESOLVED,NON_INFERIORITY
6.0,6.484228158983357,1.5423881908287318,True,False,False,UNRESOLVED,NON_INFERIORITY
6.0,6.072012291819134,1.444335366344837,True,False,False,UNRESOLVED,NON_INFERIORITY
6.0,7.241904231442714,1.7226148265950514,True,False,False,UNRESOLVED,NON_INFERIORITY
6.0,5.447115809559672,1.2956927012356367,True,False,True,VETO,-
6.0,6.928092019958553,1.6479690496014632,True,False,False,UNRESOLVED,NON_INFERIORITY
6.0,7.852358161541783,1.8678220755912707,True,False,False,UNRESOLVED,NON_INFERIORITY
6.0,7.616797945577286,1.8117899178040173,True,False,False,UNRESOLVED,NON_INFERIORITY
6.0,4.154988467453352,0.9883373916062829,True,False,False,UNRESOLVED,NON_INFERIORITY
6.0,5.21343039373614,1.2401064977742786,True,False,False,UNRESOLVED,NON_INFERIORITY
6.0,7.65072797458648,1.8198607744696258,True,False,False,UNRESOLVED,NON_INFERIORITY
6.0,4.575076590975441,1.0882627713032027,True,False,False,UNRESOLVED,NON_INFERIORITY
6.0,7.970981876190747,1.8960388212301973,True,False,False,UNRESOLVED,NON_INFERIORITY
6.0,8.08931831662193,1.9241872336226415,True,False,False,UNRESOLVED,NON_INFERIORITY
6.0,7.143718345260269,1.6992595794259573,True,False,False,UNRESOLVED,NON_INFERIORITY
6.0,4.38097478923678,1.042092229570256,True,False,False,UNRESOLVED,NON_INFERIORITY
6.0,5.354171210768854,1.2735841868432702,True,False,False,UNRESOLVED,NON_INFERIORITY
6.0,4.370576546455873,1.0396188238730146,True,False,True,VETO,-
12.0,10.924417184635704,2.5985655723611036,True,False,False,UNRESOLVED,NON_INFERIORITY
12.0,12.448505731452169,2.961096951385805,True,False,False,UNRESOLVED,NON_INFERIORITY
12.0,11.6871847154496,2.780003301421427,True,False,False,UNRESOLVED,NON_INFERIORITY
12.0,13.280319008561426,3.1589584306754266,True,False,False,UNRESOLVED,NON_INFERIORITY
12.0,10.605685071104704,2.5227495097712924,True,False,False,UNRESOLVED,NON_INFERIORITY
12.0,12.991405163472326,3.0902351698791537,True,False,False,UNRESOLVED,NON_INFERIORITY
12.0,12.385084746811486,2.946011150059552,True,False,False,UNRESOLVED,NON_INFERIORITY
12.0,12.766522795576629,3.0367429268452026,True,False,False,UNRESOLVED,NON_INFERIORITY
12.0,12.308886711652256,2.9278861016016062,True,False,False,UNRESOLVED,NON_INFERIORITY
12.0,10.871558148289578,2.585992116979849,True,False,False,UNRESOLVED,NON_INFERIORITY
12.0,11.799211209718086,2.8066507816739956,True,False,False,UNRESOLVED,NON_INFERIORITY
12.0,10.85409133934725,2.5818373279774316,True,False,False,UNRESOLVED,NON_INFERIORITY
12.0,11.726496364472428,2.789354271456436,True,False,False,UNRESOLVED,NON_INFERIORITY
12.0,9.95249564352642,2.3673768679133476,True,False,True,VETO,-
12.0,12.38241518658419,2.9453761480102205,True,False,False,UNRESOLVED,NON_INFERIORITY
12.0,13.053494889645624,3.1050043078665035,True,False,False,UNRESOLVED,NON_INFERIORITY
12.0,10.718885301447612,2.549676183879467,True,False,False,UNRESOLVED,NON_INFERIORITY
12.0,10.193306529353535,2.424657990263765,True,False,False,UNRESOLVED,NON_INFERIORITY
12.0,13.688050250674488,3.255944507884301,True,False,False,UNRESOLVED,NON_INFERIORITY
12.0,11.92206293258064,2.835873233740808,True,False,False,UNRESOLVED,NON_INFERIORITY
12.0,12.959075995664854,3.082545106324483,True,False,False,UNRESOLVED,NON_INFERIORITY
12.0,13.031527033523972,3.099778865295838,True,False,False,UNRESOLVED,NON_INFERIORITY
12.0,12.51503950014693,2.9769231833767256,True,False,False,UNRESOLVED,NON_INFERIORITY
12.0,13.976051511766958,3.324450694459089,True,False,False,UNRESOLVED,NON_INFERIORITY
12.0,10.522371496800147,2.502931904654321,True,False,False,UNRESOLVED,NON_INFERIORITY
12.0,14.34865184810965,3.4130802652550503,True,False,False,UNRESOLVED,NON_INFERIORITY
12.0,11.264713191559805,2.679510987851881,True,False,False,UNRESOLVED,NON_INFERIORITY
12.0,10.546280717962608,2.508619135187966,True,False,False,UNRESOLVED,NON_INFERIORITY
12.0,13.555120348280925,3.224324782817132,True,False,False,UNRESOLVED,NON_INFERIORITY
12.0,11.172466878123899,2.657568572964164,True,False,False,UNRESOLVED,NON_INFERIORITY
12.0,13.270129859875473,3.1565347617016504,True,False,False,UNRESOLVED,NON_INFERIORITY
12.0,10.939161487924586,2.6020727653094675,True,False,False,UNRESOLVED,NON_INFERIORITY
12.0,11.845465240242586,2.817653119764209,True,False,False,UNRESOLVED,NON_INFERIORITY
12.0,12.078391788784648,2.873058813239699,True,False,False,UNRESOLVED,NON_INFERIORITY
12.0,13.108820542515732,3.1181644915529025,True,False,False,UNRESOLVED,NON_INFERIORITY
12.0,13.84421105109478,3.2930901123468654,True,False,False,UNRESOLVED,NON_INFERIORITY
12.0,12.792475726667234,3.0429162898808766,True,False,False,UNRESOLVED,NON_INFERIORITY
12.0,9.564941120365955,2.275190179664752,True,False,False,UNRESOLVED,NON_INFERIORITY
12.0,12.301030554081615,2.9260173757694563,True,False,False,UNRESOLVED,NON_INFERIORITY
12.0,13.81939939852373,3.2871882225641142,True,False,False,UNRESOLVED,NON_INFERIORITY
12.0,12.05385334884666,2.867221911907152,True,False,False,UNRESOLVED,NON_INFERIORITY
12.0,14.121979324721472,3.3591622021198244,True,False,False,UNRESOLVED,NON_INFERIORITY
12.0,11.381274167930238,2.7072370747595644,True,False,False,UNRESOLVED,NON_INFERIORITY
12.0,10.555598502381253,2.5108355347808913,True,False,False,UNRESOLVED,NON_INFERIORITY
12.0,11.091165173881478,2.638229526674741,True,False,False,UNRESOLVED,NON_INFERIORITY
12.0,12.943995560220516,3.0789579584062414,True,False,False,UNRESOLVED,NON_INFERIORITY
12.0,12.88451269063135,3.064808907299237,True,False,False,UNRESOLVED,NON_INFERIORITY
12.0,11.148171196388379,2.6517894159576234,True,False,False,UNRESOLVED,NON_INFERIORITY
12.0,12.06707400525781,2.8703666785352833,True,False,False,UNRESOLVED,NON_INFERIORITY
12.0,14.26957777028594,3.3942710992532352,True,False,False,UNRESOLVED,NON_INFERIORITY
12.0,12.158192740400608,2.8920408790109087,True,False,False,UNRESOLVED,NON_INFERIORITY
12.0,10.57603918531232,2.5156977122355317,True,False,True,VETO,-
12.0,11.636429228113082,2.7679302123245937,True,False,False,UNRESOLVED,NON_INFERIORITY
12.0,11.300380128125658,2.6879949986567744,True,False,False,UNRESOLVED,NON_INFERIORITY
12.0,13.23085215381497,3.147191865599725,True,False,False,UNRESOLVED,NON_INFERIORITY
12.0,12.709532709811299,3.023186828397775,True,False,False,UNRESOLVED,NON_INFERIORITY
12.0,11.76462627419695,2.798424143927686,True,False,False,UNRESOLVED,NON_INFERIORITY
12.0,10.75555488789815,2.558398692668046,True,False,False,UNRESOLVED,NON_INFERIORITY
12.0,13.226887472849919,3.14624879620874,True,False,False,UNRESOLVED,NON_INFERIORITY
12.0,11.58849015737452,2.756527057658603,True,False,False,UNRESOLVED,NON_INFERIORITY
12.0,12.20376918051741,2.902882040255178,True,False,False,UNRESOLVED,NON_INFERIORITY
12.0,11.420628682708855,2.716598241171675,True,False,False,UNRESOLVED,NON_INFERIORITY
12.0,12.016697934058085,2.858383840267762,True,False,False,UNRESOLVED,NON_INFERIORITY
12.0,13.84207368779738,3.2925817027368716,True,False,False,UNRESOLVED,NON_INFERIORITY
12.0,12.060715453215149,2.8688541846283897,True,False,False,UNRESOLVED,NON_INFERIORITY
12.0,11.661435154338262,2.7738783135272045,True,False,False,UNRESOLVED,NON_INFERIORITY
12.0,11.820280379135644,2.8116624557396572,True,False,False,UNRESOLVED,NON_INFERIORITY
12.0,14.203904011445728,3.378649435795551,True,False,False,UNRESOLVED,NON_INFERIORITY
12.0,12.443788631695746,2.959974905896214,True,False,False,UNRESOLVED,NON_INFERIORITY
12.0,13.664936084408058,3.2504463951997864,True,False,False,UNRESOLVED,NON_INFERIORITY
12.0,13.309721317700763,3.1659522892022554,True,False,False,UNRESOLVED,NON_INFERIORITY
12.0,13.159662646876857,3.1302581840388526,True,False,False,UNRESOLVED,NON_INFERIORITY
12.0,11.248668768053033,2.675694538347214,True,False,False,UNRESOLVED,NON_INFERIORITY
12.0,10.423023949290883,2.4793003358215993,True,False,False,UNRESOLVED,NON_INFERIORITY
12.0,11.543145951919836,2.7457411375304033,True,False,False,UNRESOLVED,NON_INFERIORITY
12.0,12.980262699178768,3.0875847379508286,True,False,False,UNRESOLVED,NON_INFERIORITY
12.0,10.960387917794916,2.6071218465513257,True,False,False,UNRESOLVED,NON_INFERIORITY
12.0,10.87224797087029,2.5861562034641876,True,False,False,UNRESOLVED,NON_INFERIORITY
12.0,13.580682031416341,3.2304050806165163,True,False,False,UNRESOLVED,NON_INFERIORITY
12.0,11.591233624284047,2.757179639717629,True,False,False,UNRESOLVED,NON_INFERIORITY
12.0,12.549470190148442,2.985113131101937,True,False,False,UNRESOLVED,NON_INFERIORITY
12.0,13.545383805359663,3.2220087741183256,True,False,False,UNRESOLVED,NON_INFERIORITY
12.0,11.856313217297865,2.820233502701732,True,False,False,UNRESOLVED,NON_INFERIORITY
12.0,12.484175226058191,2.9695815706657323,True,False,False,UNRESOLVED,NON_INFERIORITY
12.0,12.072133471415952,2.871570161920334,True,False,False,UNRESOLVED,NON_INFERIORITY
12.0,13.242092486065648,3.1498655771501767,True,False,False,UNRESOLVED,NON_INFERIORITY
12.0,11.446977802383296,2.7228658446594216,True,False,True,VETO,-
12.0,12.928074331331457,3.0751708129172375,True,False,False,UNRESOLVED,NON_INFERIORITY
12.0,13.852167828718887,3.294982772435865,True,False,False,UNRESOLVED,NON_INFERIORITY
12.0,13.61671172753185,3.2389753801872865,True,False,False,UNRESOLVED,NON_INFERIORITY
12.0,10.1554787173963,2.4156599770820573,True,False,False,UNRESOLVED,NON_INFERIORITY
12.0,11.213482207655085,2.6673247934981696,True,False,False,UNRESOLVED,NON_INFERIORITY
12.0,13.6505230285556,3.2470179953046054,True,False,False,UNRESOLVED,NON_INFERIORITY
12.0,10.574481550810228,2.5153272013585624,True,False,False,UNRESOLVED,NON_INFERIORITY
12.0,13.970964864614372,3.3232407455944437,True,False,False,UNRESOLVED,NON_INFERIORITY
12.0,14.089372862572352,3.3514061792084724,True,False,False,UNRESOLVED,NON_INFERIORITY
12.0,13.143683708427462,3.1264573113116674,True,False,False,UNRESOLVED,NON_INFERIORITY
12.0,10.380905655653411,2.4692817557945697,True,False,False,UNRESOLVED,NON_INFERIORITY
12.0,11.354240968882594,2.7008067509108207,True,False,False,UNRESOLVED,NON_INFERIORITY
12.0,10.371063825005178,2.4669407025503314,True,False,True,VETO,-
20.0,18.925006036288387,4.501646935617738,True,True,False,UNRESOLVED,NON_INFERIORITY
20.0,20.44885259236095,4.864120752870007,True,True,False,UNRESOLVED,NON_INFERIORITY
20.0,19.68732190965658,4.682977229977512,True,False,False,UNRESOLVED,NON_INFERIORITY
20.0,21.280989776325736,5.062059279125998,True,False,False,UNRESOLVED,NON_INFERIORITY
20.0,18.60561704447228,4.425674622926153,True,True,False,UNRESOLVED,NON_INFERIORITY
20.0,20.99106079603226,4.993094550492239,True,True,False,UNRESOLVED,NON_INFERIORITY
20.0,20.385051080461846,4.848944436414538,True,True,False,UNRESOLVED,NON_INFERIORITY
20.0,20.766385987313406,4.9396516790743705,True,True,False,UNRESOLVED,NON_INFERIORITY
20.0,20.309201306218515,4.830902227966358,True,True,False,UNRESOLVED,NON_INFERIORITY
20.0,18.871064786646684,4.4888160566902835,True,True,False,UNRESOLVED,NON_INFERIORITY
20.0,19.79928249571752,4.709609032798857,True,True,False,UNRESOLVED,NON_INFERIORITY
20.0,18.854022090866383,4.484762150494061,True,True,False,UNRESOLVED,NON_INFERIORITY
20.0,19.72585540370597,4.692143102108463,True,True,False,UNRESOLVED,NON_INFERIORITY
20.0,17.952394197069015,4.270294031572583,True,True,True,VETO,-
20.0,20.38238078182945,4.848309258722512,True,False,False,UNRESOLVED,NON_INFERIORITY
20.0,21.053529398583436,5.0079538109177095,True,False,False,UNRESOLVED,NON_INFERIORITY
20.0,18.719057218755392,4.452658371938351,True,True,False,UNRESOLVED,NON_INFERIORITY
20.0,18.19372852963487,4.327699664974827,True,True,False,UNRESOLVED,NON_INFERIORITY
20.0,21.687383273922133,5.158727150174593,True,False,False,UNRESOLVED,NON_INFERIORITY
20.0,19.92174133746889,4.738738031154383,True,True,False,UNRESOLVED,NON_INFERIORITY
20.0,20.959569962216268,4.985603899483938,True,True,False,UNRESOLVED,NON_INFERIORITY
20.0,21.031772144436662,5.002778463746381,True,True,False,UNRESOLVED,NON_INFERIORITY
20.0,20.51569451445382,4.880020284589215,True,True,False,UNRESOLVED,NON_INFERIORITY
20.0,21.975711679134523,5.227311153756261,True,False,False,UNRESOLVED,NON_INFERIORITY
20.0,18.52279705135092,4.405974424811143,True,True,False,UNRESOLVED,NON_INFERIORITY
20.0,22.34868629019099,5.316029752403264,True,False,False,UNRESOLVED,NON_INFERIORITY
20.0,19.264463950410093,4.582392995933229,True,True,False,UNRESOLVED,NON_INFERIORITY
20.0,18.546632846137268,4.411644189584387,True,True,False,UNRESOLVED,NON_INFERIORITY
20.0,21.554771627649743,5.127183127946824,True,False,False,UNRESOLVED,NON_INFERIORITY
20.0,19.17182887674716,4.560358107559304,True,True,False,UNRESOLVED,NON_INFERIORITY
20.0,21.269542239650963,5.05933628034367,True,False,False,UNRESOLVED,NON_INFERIORITY
20.0,18.938670397704293,4.504897245317885,True,True,False,UNRESOLVED,NON_INFERIORITY
20.0,19.844880022162787,4.720455209798774,True,True,False,UNRESOLVED,NON_INFERIORITY
20.0,20.078809838062206,4.776099548134731,True,True,False,UNRESOLVED,NON_INFERIORITY
20.0,21.108750136094667,5.021089038633004,True,False,False,UNRESOLVED,NON_INFERIORITY
20.0,21.844279662317856,5.19604772722893,True,True,False,UNRESOLVED,NON_INFERIORITY
20.0,20.79272393381382,4.945916624825337,True,True,False,UNRESOLVED,NON_INFERIORITY
20.0,17.564766546979666,4.1780899487923975,True,False,False,UNRESOLVED,NON_INFERIORITY
20.0,20.301381139120394,4.829042063103754,True,False,False,UNRESOLVED,NON_INFERIORITY
20.0,21.819364059088457,5.190121110946133,True,True,False,UNRESOLVED,NON_INFERIORITY
20.0,20.05392471433609,4.7701801819401135,True,False,False,UNRESOLVED,NON_INFERIORITY
20.0,22.12215618283705,5.262145565437105,True,False,False,UNRESOLVED,NON_INFERIORITY
20.0,19.381307820401165,4.610186374084995,True,True,False,UNRESOLVED,NON_INFERIORITY
20.0,18.555942159754853,4.413858574247671,True,True,False,UNRESOLVED,NON_INFERIORITY
20.0,19.091817237749414,4.541325926073215,True,True,False,UNRESOLVED,NON_INFERIORITY
20.0,20.943995560220518,4.981899252897099,True,False,False,UNRESOLVED,NON_INFERIORITY
20.0,20.884686550760872,4.9677915574925855,True,True,False,UNRESOLVED,NON_INFERIORITY
20.0,19.148241526677,4.554747439749789,True,True,False,UNRESOLVED,NON_INFERIORITY
20.0,20.067212386029798,4.773340889336812,True,False,False,UNRESOLVED,NON_INFERIORITY
20.0,22.26981722160036,5.297269351468371,True,False,False,UNRESOLVED,NON_INFERIORITY
20.0,20.15785174896802,4.794901062666998,True,True,False,UNRESOLVED,NON_INFERIORITY
20.0,18.576209419810336,4.418679500008391,True,True,True,VETO,-
20.0,19.636672581523072,4.670929392722079,True,True,False,UNRESOLVED,NON_INFERIORITY
20.0,19.30002926632135,4.590852834470621,True,True,False,UNRESOLVED,NON_INFERIORITY
20.0,21.230715811869374,5.050100728750776,True,False,False,UNRESOLVED,NON_INFERIORITY
20.0,20.71018942210219,4.926284333505749,True,True,False,UNRESOLVED,NON_INFERIORITY
20.0,19.764592358071532,4.7013573708690926,True,True,False,UNRESOLVED,NON_INFERIORITY
20.0,18.75569190587319,4.461372579304252,True,True,False,UNRESOLVED,NON_INFERIORITY
20.0,21.226251606649555,5.049038838693292,True,False,False,UNRESOLVED,NON_INFERIORITY
20.0,19.588523598835245,4.65947630679153,True,True,False,UNRESOLVED,NON_INFERIORITY
20.0,20.20418832493886,4.805923035649526,True,True,False,UNRESOLVED,NON_INFERIORITY
20.0,19.420700095977438,4.619556522569751,True,True,False,UNRESOLVED,NON_INFERIORITY
20.0,20.016203155736438,4.761207442996134,True,True,False,UNRESOLVED,NON_INFERIORITY
20.0,21.84210829376518,5.195531228868374,True,False,False,UNRESOLVED,NON_INFERIORITY
20.0,20.061374443226253,4.771952231532345,True,True,False,UNRESOLVED,NON_INFERIORITY
20.0,19.66085800764964,4.676682323484717,True,True,False,UNRESOLVED,NON_INFERIORITY
20.0,19.82024405281632,4.7145951093738745,True,True,False,UNRESOLVED,NON_INFERIORITY
20.0,22.204321606100518,5.281690062550528,True,False,False,UNRESOLVED,NON_INFERIORITY
20.0,20.443891670481257,4.862940709982056,True,True,False,UNRESOLVED,NON_INFERIORITY
20.0,21.665415155011093,5.153501645094829,True,False,False,UNRESOLVED,NON_INFERIORITY
20.0,21.30930157584201,5.068793740678606,True,False,False,UNRESOLVED,NON_INFERIORITY
20.0,21.159982127188883,5.033275472564526,True,False,False,UNRESOLVED,NON_INFERIORITY
20.0,19.248634473912183,4.5786276753709725,True,True,False,UNRESOLVED,NON_INFERIORITY
20.0,18.422675456522107,4.382158735152389,True,True,False,UNRESOLVED,NON_INFERIORITY
20.0,19.543111701825644,4.648674285031438,True,True,False,UNRESOLVED,NON_INFERIORITY
20.0,20.980750533802834,4.9906420725230625,True,False,False,UNRESOLVED,NON_INFERIORITY
20.0,18.960387917794918,4.510063141042183,True,True,False,UNRESOLVED,NON_INFERIORITY
20.0,18.87241824160075,4.489137999855574,True,True,False,UNRESOLVED,NON_INFERIORITY
20.0,21.58117774701722,5.133464289818278,True,False,False,UNRESOLVED,NON_INFERIORITY
20.0,19.591060897796435,4.660079848162744,True,True,False,UNRESOLVED,NON_INFERIORITY
20.0,20.549722706291433,4.888114491017297,True,False,False,UNRESOLVED,NON_INFERIORITY
20.0,21.544720611733297,5.12479231629195,True,False,False,UNRESOLVED,NON_INFERIORITY
20.0,19.85589702390667,4.723075798243764,True,True,False,UNRESOLVED,NON_INFERIORITY
20.0,20.48410464882464,4.872506077115068,True,False,False,UNRESOLVED,NON_INFERIORITY
20.0,20.07171799851258,4.77441262884312,True,True,False,UNRESOLVED,NON_INFERIORITY
20.0,21.24205825795239,5.052798729879765,True,False,False,UNRESOLVED,NON_INFERIORITY
20.0,19.44708130776558,4.625831759733547,True,True,True,VETO,-
20.0,20.927755936043706,4.978036371465465,True,False,False,UNRESOLVED,NON_INFERIORITY
20.0,21.852202434686692,5.197932298567368,True,False,False,UNRESOLVED,NON_INFERIORITY
20.0,21.616884163622725,5.1419576916478915,True,False,False,UNRESOLVED,NON_INFERIORITY
20.0,18.155005372623794,4.318488678158648,True,True,False,UNRESOLVED,NON_INFERIORITY
20.0,19.213551292880343,4.570282521130024,True,True,False,UNRESOLVED,NON_INFERIORITY
20.0,21.65110370897643,5.150097414889425,True,False,False,UNRESOLVED,NON_INFERIORITY
20.0,18.575146595700758,4.418426688522529,True,True,False,UNRESOLVED,NON_INFERIORITY
20.0,21.970658656239568,5.226109203015159,True,True,False,UNRESOLVED,NON_INFERIORITY
20.0,22.08944559050624,5.254364773322912,True,False,False,UNRESOLVED,NON_INFERIORITY
20.0,21.14392616625712,5.029456278679553,True,True,False,UNRESOLVED,NON_INFERIORITY
20.0,18.381389590736973,4.3723381627922215,True,True,False,UNRESOLVED,NON_INFERIORITY
20.0,19.35375266208641,4.603631893005822,True,True,False,UNRESOLVED,NON_INFERIORITY
20.0,18.371133436226504,4.369898555299641,True,True,True,VETO,-
