dp,arr,arr_lo,arr_hi,rr,rr_lo,n_events,n_dates,R1,R2,R3,R4,R6,EST,verdict
0.0,2.3410883401659923,0.5206185343541677,4.816481547582105,1.0703310017676775,1.0154187945619233,40522,520,True,False,True,True,False,True,False
0.0,2.285172646519762,0.308016216910884,4.15718424457792,1.0686343195738273,1.0089797724860414,41090,520,False,False,True,True,False,True,False
0.0,0.5304274133885067,-1.509543770441598,2.6549017455118125,1.0156015103998264,0.9565002903041276,39461,520,True,False,False,True,False,False,False
0.0,0.5674813035903281,-1.4209730214352547,2.8534225739011014,1.0166985850727928,0.9583704272254716,39489,520,False,False,False,True,False,False,False
0.0,-0.7230824734912322,-2.8470450371311378,1.3533879550647498,0.979041686490399,0.9197385836680703,39509,520,False,False,False,True,True,False,False
0.0,3.1936176170162645,1.1290655375691923,5.046171690705834,1.0969283087294353,1.033342336145515,41201,520,True,False,True,True,False,True,False
0.0,0.17485678049366515,-2.0761830636379126,2.156337210573631,1.0051222669705595,0.9408661444279944,40633,520,False,False,False,True,True,False,False
0.0,-0.5161580956637712,-2.3224442965324625,1.5676488269811406,0.9850010914539261,0.9340052998119653,38856,520,False,False,False,True,True,False,False
0.0,-1.2142431048874358,-3.1096876567002716,0.5843656162255647,0.9649921126279748,0.9121600531438042,37957,520,False,False,False,True,True,False,False
0.0,0.4396468595394276,-1.3498111231028402,2.485252423007393,1.0129186918751178,0.9611760779201646,39969,520,False,False,False,True,True,False,False
0.0,-0.6020674812629023,-2.6807475460784596,1.6555462323173165,0.9825229298058522,0.9253009255608537,39102,520,False,False,False,True,True,False,False
0.0,0.9407221095386109,-1.0184806061137808,3.063355934073135,1.0278167917974126,0.9707454051360557,41612,520,False,False,False,True,True,False,False
0.0,1.1303315115985146,-1.170128032037894,3.02701610007957,1.0334875636145604,0.9664488899934213,40528,520,False,False,False,True,True,False,False
0.0,0.8721488194454674,-1.2044316926526064,2.9540281540650506,1.02575656555821,0.9656911694663498,39934,520,True,False,False,True,True,False,False
0.0,0.40455613872291685,-1.539633528691071,2.594864412916565,1.0118802236322064,0.9552877726447929,38234,520,False,False,False,True,False,False,False
0.0,0.7308091710926945,-1.6093245854944713,2.754305977246074,1.0215496617181414,0.9538307353845634,40471,520,False,False,False,True,False,False,False
0.0,0.7283684958294456,-1.3216763686951365,2.9194812051530885,1.0214695048186504,0.9613399745131649,38841,520,False,False,False,True,True,False,False
0.0,1.0031466520855403,-1.0341873811705995,3.1411916939736253,1.0296688407277892,0.9701741540055154,39791,520,False,False,False,True,True,False,False
0.0,0.5945249058778246,-1.5105664078147334,2.7768382035958012,1.0175027521477171,0.9567060593569786,40440,520,False,False,False,True,True,False,False
0.0,0.840368152502724,-1.0760309571653242,3.075100901449427,1.0248069163650404,0.969615845634256,39617,520,False,False,False,True,True,False,False
0.0,-0.0807123161996881,-2.2715461655014657,2.10190082038945,0.9976427613990922,0.9355200885224009,39046,520,False,False,False,True,True,False,False
0.0,-0.6274798460417841,-2.71846263767567,1.6107125387314385,0.981790254795345,0.9232153726252276,38976,520,False,False,False,True,True,False,False
0.0,0.9656417419794949,-1.14529047059688,3.061083060023514,1.0285456594144948,0.967122781236439,39592,520,True,False,False,True,False,False,False
0.0,1.3225567843444808,-0.8385254650810371,3.314597728608445,1.0392649969109111,0.975550461858761,40182,520,True,False,False,True,True,False,False
0.0,1.4737736453463601,-0.5615091981573183,3.5334944465416407,1.0438296285655946,0.9833611299909657,40132,520,False,False,False,True,True,False,False
0.0,1.1348483054787362,-1.1531051298566197,3.078244632906851,1.0336226644473523,0.9664656300298379,40485,520,False,False,False,True,False,False,False
0.0,0.3203295031824316,-1.5973168491919534,2.5565466660210667,1.009400097372865,0.9537460298155739,40649,520,False,False,False,True,False,False,False
0.0,-1.4636068131855529,-3.761920438451892,0.2719995006596694,0.957931983893142,0.8941931028704162,38369,520,False,False,False,True,True,False,False
0.0,1.454079013454912,-0.6009139036469554,3.497271701648472,1.043227665784389,0.9824554682828404,39786,520,True,False,False,True,False,False,False
0.0,0.6018124032846239,-1.4436820986177417,2.8772486676637836,1.0177158786147853,0.9584068286577544,39511,520,False,False,False,True,False,False,False
0.0,1.0528018636447867,-1.333734825453267,3.188258504591344,1.0311622348362162,0.9616728993752062,40512,520,False,False,False,True,True,False,False
0.0,2.1394464284193004,0.16235197276437993,4.1625253212326845,1.0640995769437254,1.0047998151967756,39876,520,True,False,True,True,True,True,False
0.0,0.11120979771345185,-1.9651246719843587,2.2049036465090355,1.0032552488208615,0.9439424776392439,40110,520,False,False,False,True,True,False,False
0.0,0.5385378617386416,-1.5644506145591413,2.7723469332216433,1.0158441593717362,0.9554565599386575,40494,520,False,False,False,True,True,False,False
0.0,-1.2156629625599324,-3.677478518537344,1.0797638279695596,0.9649698923210988,0.8948815323736625,39407,520,False,False,False,True,True,False,False
0.0,-1.8714028248030867,-3.936664944635184,0.12466564408469874,0.9464616999354893,0.8897050523362344,38115,520,False,False,False,True,True,False,False
0.0,0.16760196694799445,-2.1182282715329706,2.2341138967799794,1.0049089738442292,0.9400292736204526,39222,520,False,False,False,True,True,False,False
0.0,-0.49980542590612465,-2.608437723288275,1.5867196564072916,0.9854758609027341,0.9264548813159351,39951,520,False,False,False,True,True,False,False
0.0,2.273308844858496,0.1747862537446321,4.439847266717914,1.0682909582345053,1.0051415657515337,41569,520,True,False,True,True,False,True,False
0.0,-0.857433614874159,-2.938353986790892,1.2040177364436486,0.9751831187883363,0.9174179487003221,38847,520,False,False,False,True,True,False,False
0.0,-1.735715665054044,-3.9867977826708962,0.38262172982078135,0.9502643721847089,0.8876534248373311,38123,520,False,False,False,True,True,False,False
0.0,-0.03671148168069571,-1.871959063064949,2.0326219795212452,0.9989272830613963,0.9464856600156474,39363,520,False,False,False,True,True,False,False
0.0,1.930208244359577,-0.14234641475770624,4.090291905327107,1.0577265754608374,0.9958319681148065,40828,520,True,False,False,True,False,False,False
0.0,1.0696830305812088,-0.8911700693339055,3.3505593329998415,1.0316631559653986,0.9747410203519143,40016,520,False,False,False,True,False,False,False
0.0,-0.18415479500136223,-2.200682861220585,1.7243515746303322,0.994627912939524,0.936977299916995,38339,520,False,False,False,True,True,False,False
0.0,-0.44096809815739046,-2.674261542825991,1.4772132104968294,0.9871735397036586,0.9248281621222093,38092,520,False,False,False,True,True,False,False
0.0,0.7185511635280639,-1.2899793550188325,2.6504631830779166,1.0211855997774044,0.9633522712018939,40571,520,False,False,False,True,True,False,False
0.0,-0.8817824973662569,-2.878938737878991,1.1987957856339766,0.9744761829468094,0.919135491572666,37415,520,False,False,False,True,True,False,False
0.0,-0.9340431259166615,-2.935661751417765,0.9318706221901815,0.9729902125088195,0.9167393279327779,38864,520,False,False,False,True,True,False,False
0.0,-1.4980865131790921,-3.4479123017492013,0.54215260483524,0.9569615308169674,0.9023280319504504,38535,520,False,False,False,True,True,False,False
0.0,0.912602013146091,-1.1396953121756261,3.105478561210511,1.0269625602648425,0.9666624967865143,39757,520,False,False,False,True,True,False,False
0.0,0.805741087225742,-1.429686754252538,3.0290714751792773,1.0237767684850256,0.9585771213561878,39876,520,False,False,False,True,False,False,False
0.0,0.8412919837742727,-1.2259018651132723,2.5550902502723996,1.0248440551929456,0.9649684223751994,41163,520,False,False,False,True,True,False,False
0.0,-0.11495339557386353,-2.294559342963888,2.0802942199899106,0.9966440953214483,0.9355266893123856,39303,520,False,False,False,True,True,False,False
0.0,-1.3119054046430545,-3.316723405381374,1.057980276269875,0.9622186749855173,0.9068323325446725,37925,520,False,False,False,True,True,False,False
0.0,-0.8687456944724059,-2.997822635396459,0.8004318234968973,0.9748750049695041,0.9164197731499437,41333,520,False,False,False,True,True,False,False
0.0,-1.1618961244649118,-3.160679780984865,0.6513930588059679,0.9664841195138348,0.9110697604741793,38224,520,False,False,False,True,True,False,False
0.0,-1.543337475501344,-3.7967209300296476,0.6560614393947227,0.9556708094724983,0.894324808731864,37817,520,False,False,False,True,True,False,False
0.0,-0.09684643905618628,-2.4403525333497935,2.477160280735209,0.9971720989224909,0.930242481017487,39214,520,False,False,False,True,True,False,False
0.0,0.06199376321373018,-2.029637032971749,2.141088057853517,1.0018135555939736,0.9412675618676737,39456,520,False,False,False,True,True,False,False
0.0,1.519118247840523,-0.4165438485641161,3.659502794633247,1.0451885652381792,0.9876870739032823,39493,520,False,False,False,True,False,False,False
0.0,-0.7076005567344335,-2.6560791828298056,1.362599322118206,0.9794897374500232,0.9243365355171279,40231,520,False,False,False,True,True,False,False
0.0,-0.4938529123843849,-2.648945046558941,1.4408213610639415,0.9856479032543349,0.9241441458680315,39992,520,False,False,False,True,True,False,False
0.0,-1.236703326830102,-3.382997900936611,0.680119087054696,0.9643570727910048,0.9045195919198226,38208,520,False,False,False,True,True,False,False
0.0,-0.8626443792134397,-3.0018784507939564,1.3629485086918574,0.975030169532571,0.9149031154759308,38270,520,False,False,False,True,True,False,False
0.0,-1.6223530673475595,-3.681009071500033,0.41972395572674964,0.9534523479341415,0.8973157841959382,38193,520,False,False,False,True,True,False,False
0.0,-0.6407249461294728,-2.8927985507842684,1.4008144501609028,0.981410670328432,0.9188770039334556,39521,520,False,False,False,True,True,False,False
0.0,-0.8176488277618243,-2.84917966750226,1.4117932898358911,0.9763200019059394,0.919715070185585,38219,520,False,False,False,True,True,False,False
0.0,-0.7941054288043592,-2.7267505263678102,1.5022957063906295,0.9770006100987033,0.9229906536590158,39150,520,False,False,False,True,True,False,False
0.0,0.2605554598268778,-2.06267678531401,2.2824098226220535,1.0076400623975286,0.9414177793229653,39795,520,False,False,False,True,False,False,False
0.0,1.0292211805050577,-1.0960045795861433,3.2242812746458958,1.0304511682446145,0.9687105878531546,40009,520,False,False,False,True,True,False,False
0.0,1.5434770010415766,-0.09452892737057987,3.639615161956822,1.0459549600976024,0.9972832835452741,40874,520,False,False,False,True,False,False,False
0.0,-0.5827356618682167,-2.9341790776570025,1.5575803395585393,0.983080688141378,0.9179527750296327,39247,520,False,False,False,True,True,False,False
0.0,0.5886188665253977,-1.4887179230088863,2.469085219538218,1.0173223577330148,0.9566013782746621,38684,520,False,False,False,True,False,False,False
0.0,1.1515049597306481,-0.9663879779936325,3.1814892165699415,1.0341189489090683,0.9721475163969641,40157,520,False,False,False,True,False,False,False
0.0,0.9895637077204034,-0.9657612900391777,3.2450503996723876,1.0292647674036515,0.9719012059941334,40049,520,False,False,False,True,False,False,False
0.0,-1.6411140581658767,-3.977135718086477,0.3608863057227803,0.9529302367688944,0.8901370331045929,38449,520,False,False,False,True,True,False,False
0.0,-0.5140987342352132,-2.709971650595858,1.5260817037371504,0.9850624351856336,0.9228909399170828,39677,520,False,False,False,True,False,False,False
0.0,-1.5551054116875795,-3.681645185342,0.7125619964846617,0.9553285671362964,0.8958834986561367,37310,520,False,False,False,True,True,False,False
0.0,0.6790640247328561,-1.2203801729231463,2.7503118017439308,1.0200058873682272,0.9651084857593503,39047,520,False,False,False,True,False,False,False
0.0,-0.38556482371942535,-2.566601843973203,1.702996953483012,0.9887783619706804,0.9272389609063552,38388,520,False,False,False,True,True,False,False
0.0,-0.4300308354344917,-2.5255043879347507,1.6941502096318224,0.9874921620893394,0.9288995395486894,39382,520,False,False,False,True,True,False,False
0.0,-0.3455673050540953,-2.428599293366889,1.7215794309756214,0.9899389822223519,0.9303434878010899,39484,520,False,False,False,True,True,False,False
0.0,-2.984823382192614,-4.9368800804654205,-0.7453402560800831,0.9157346013865727,0.8639580844190187,38101,520,False,False,True,True,True,True,False
0.0,0.22706125351942275,-1.8348014878021424,2.2728413668416705,1.0066549068932582,0.948044316312919,38852,520,False,False,False,True,True,False,False
0.0,1.149032814299028,-1.0559054221135689,3.452289585652544,1.034026576538043,0.9691200138078206,38597,520,False,False,False,True,True,False,False
0.0,0.46600292930794596,-1.6165541395670822,2.167572635077005,1.0136968903884136,0.9541204456278047,39717,520,False,False,False,True,True,False,False
0.0,-0.23367567029874414,-2.260937971909702,2.0117635859993848,0.9931873034486894,0.9358392504116333,38651,520,False,False,False,True,True,False,False
0.0,0.5146415843784169,-1.5264967722216776,2.751166410984245,1.0151372562778953,0.9558138416384728,40677,520,True,False,False,True,True,False,False
0.0,0.47290407358908104,-1.4427091956836577,2.3979780490559777,1.013900342333808,0.9584582425460185,39459,520,False,False,False,True,True,False,False
0.0,0.4680808576851547,-1.50616931297054,2.6834047579069726,1.013756924722809,0.9570862291881114,38998,520,False,False,False,True,True,False,False
0.0,1.8245339311065034,-0.30743461270144795,3.785826323275272,1.0544692813401262,0.9912487919088219,39809,520,False,False,False,True,False,False,False
0.0,-1.6998821569182143,-3.7555147927540586,0.5418365617540974,0.9512710343162862,0.8968891753057894,38139,520,False,False,False,True,True,False,False
0.0,-1.132506868868316,-3.3760124373643756,1.2775465929792376,0.967329733104612,0.9044536774269786,39053,520,False,False,False,True,True,False,False
0.0,-0.7250430736596369,-2.891881963402138,1.1841432016389415,0.9789813725033681,0.9184645794115611,38623,520,False,False,False,True,True,False,False
0.0,-1.4777518459587968,-3.4849422941559363,0.5995020635656102,0.9575452262502473,0.9012541629854658,39062,520,False,False,False,True,True,False,False
0.0,-0.788145947994634,-2.795003831136311,1.313971290686118,0.9771655877458241,0.9219133567040916,38014,520,False,False,False,True,True,False,False
0.0,-1.6665618854840802,-3.491551365382931,0.5947344433775296,0.9522181625273491,0.9014255846175755,38596,520,False,False,False,True,True,False,False
0.0,-1.1734541171978252,-3.4819036367938536,0.6392895324278883,0.9661640765518371,0.9040508262932127,38979,520,False,False,False,True,True,False,False
0.0,0.10800718397094289,-2.0062949898775035,2.176824231800513,1.0031613633113532,0.941996874472431,39900,520,False,False,False,True,True,False,False
2.0,2.2162816296698304,0.12670461190468485,3.970119277921124,1.0649481545658306,1.0035554428008802,41056,520,False,False,True,True,True,True,False
2.0,2.2914748161630416,0.3963430000426782,4.4399982281828185,1.0672056785107882,1.0112381148997045,40320,520,True,False,True,True,True,True,False
2.0,0.3280827533875985,-1.6720530002817404,2.451148087568206,1.00940593887097,0.9536211314894745,40889,520,False,False,False,True,True,False,False
2.0,2.971744370312923,1.0317747073105767,4.924812818388957,1.0878711795426175,1.0296468859502006,42536,520,True,False,True,True,False,True,False
2.0,2.4146356344374342,0.7399463122639676,4.755417928347478,1.0709314089093407,1.0213924401614225,42303,520,True,False,True,True,True,True,False
2.0,1.0248744417582833,-0.8593713961888594,3.4739937246060495,1.029622767572417,0.9763530997685989,41094,520,False,False,False,True,True,False,False
2.0,2.7901259134632705,1.0432559633724117,4.9990850385175225,1.0823165940262165,1.030118740532401,41995,520,True,False,True,True,True,True,False
2.0,1.2780386236028618,-0.5946416646759496,3.3743459991978093,1.0370502642632629,0.9829162489552834,40987,520,False,False,False,True,True,False,False
2.0,1.4634488370971643,-0.5264180028166099,3.492316786881642,1.0425208704684643,0.9849943059049001,40365,520,True,False,False,True,False,False,False
2.0,1.7154060850290975,-0.201012765744067,3.7778070666337915,1.049982598521033,0.9942759405485903,40879,520,True,False,False,True,True,False,False
2.0,3.218101342133317,0.9588269437786406,5.538142532688439,1.0954244679382967,1.0276680260880768,42417,520,True,False,True,True,False,True,False
2.0,2.100266660085137,0.2064015090691024,4.044015550464956,1.0614679919432155,1.0058443360012177,41445,520,False,False,True,True,True,True,False
2.0,1.0669316865668133,-0.9907414175872815,3.1438612736643603,1.0308495000644364,0.9717638057850416,41613,520,False,False,False,True,True,False,False
2.0,2.8756432112483745,0.7188790988472034,4.757679875967175,1.084946694640002,1.0206519741412194,43137,520,True,False,True,True,True,True,False
2.0,1.8759192293692106,-0.08763536314606002,4.182105903540631,1.0547553667656364,0.9974152469027667,43525,520,True,False,False,True,True,False,False
2.0,6.140666829139435,4.105718374810457,8.310736563580441,1.1884514698823294,1.1240278429694643,43871,520,True,False,True,True,False,True,False
2.0,1.047954974506421,-1.2010826962642418,2.9802799388883754,1.030296932905885,0.965602286086289,41235,520,True,False,False,True,True,False,False
2.0,2.4780704338599078,0.375673168721683,4.69725733789576,1.072853811719728,1.010782699921317,42757,520,True,False,True,True,True,True,False
2.0,1.6895855481314892,-0.6899892323661942,3.607826073934879,1.0492167337320817,0.9804502530197547,40627,520,True,False,False,True,True,False,False
2.0,0.5267625703058332,-1.1525270034266066,2.906198895051614,1.0151325389386336,0.967460609998496,41698,520,False,False,False,True,True,False,False
2.0,-0.09952773306182716,-2.223964487972746,1.9143452936223861,0.9971618252526947,0.9387007511969431,41343,520,False,False,False,True,True,False,False
2.0,1.4305001794107985,-0.606674059872634,3.476834201943396,1.0415436352732306,0.9830483802179278,41034,520,True,False,False,True,True,False,False
2.0,1.1455813535322157,-1.007458849951895,3.062154736027861,1.03315836212135,0.9714953737564673,41101,520,False,False,False,True,True,False,False
2.0,2.7076133756768153,0.8561773419985296,4.885734013121564,1.0798007762565305,1.0243775301560272,41676,520,True,False,True,True,True,True,False
2.0,1.2319283398173009,-0.8260271203193356,3.134481157382583,1.035695659520424,0.9765034738533164,40836,520,True,False,False,True,True,False,False
2.0,1.7624444597893196,-0.1694484423346168,3.657487852035807,1.0513758829404154,0.9952233533933398,42439,520,True,False,False,True,False,False,False
2.0,0.6530907843277367,-1.1430035250188246,2.6445027023529697,1.0187900040837825,0.9677482035923178,41722,520,False,False,False,True,True,False,False
2.0,3.7582341322992594,1.4339409896265463,5.6519576196737535,1.1121194611149554,1.0412854620529397,42175,520,True,False,True,True,True,True,False
2.0,2.8797950982086262,0.7424418427958651,5.024614516845898,1.0850720594091159,1.0215514638782035,43080,520,True,False,True,True,False,True,False
2.0,2.6544241489143916,0.4173827232784257,4.773568577972222,1.0781782090560055,1.0118668105633928,41196,520,True,False,True,True,True,True,False
2.0,-0.4201963451588242,-2.5484623397189705,1.6407236714996103,0.9880537901825276,0.9307566360264056,40067,520,False,False,False,True,True,False,False
2.0,3.251211785456398,0.929804003772177,5.281244349053337,1.0964172076783922,1.0267538268368075,41655,520,True,False,True,True,False,True,False
2.0,0.876776125716433,-0.9657377692345409,2.8677219205317606,1.025304196647768,0.9724059120356372,40329,520,False,False,False,True,True,False,False
2.0,0.8596478779496819,-1.1622105891770813,2.6943571569947804,1.0247926864476438,0.9673666302602583,41869,520,False,False,False,True,True,False,False
2.0,2.383965226005275,0.29052231779141613,4.348268598230729,1.070002740567431,1.0082405686128861,41911,520,False,False,True,True,True,True,False
2.0,1.5510478592038468,-0.5304519278586772,3.762359772141117,1.0450981994158761,0.9849848006900392,42667,520,True,False,False,True,True,False,False
2.0,2.749522755245981,1.096585997368751,4.819932811867975,1.0810840694691768,1.0315746840982816,42214,520,True,False,True,True,False,True,False
2.0,0.9389271167612734,-1.0390914084591305,3.023651940422712,1.027114709544336,0.9701668090960462,40659,520,True,False,False,True,True,False,False
2.0,4.773954756367821,2.8989867569033194,6.696274322124147,1.1442093649413272,1.0845701304096549,43557,520,True,False,True,True,False,True,False
2.0,1.9475686536310044,-0.05215487194563599,3.9413297089497665,1.0568974653324505,0.9985667930622076,42330,520,True,False,False,True,True,False,False
2.0,2.9766331387038214,0.9720058668209065,5.163817263308999,1.088048038423944,1.028126287917654,43679,520,True,False,True,True,True,True,False
2.0,3.4227025997458584,1.3681316784049355,5.6467733797463175,1.1017365455718786,1.0392916619009347,42579,520,True,False,True,True,False,True,False
2.0,-0.11454113444482328,-2.1689262034552654,1.7579379958553374,0.9967316447647526,0.9395799186048769,39968,520,False,False,False,True,True,False,False
2.0,0.6615793674921044,-1.3664842563962374,2.728935096418359,1.0190448715713691,0.9613344274911065,40485,520,False,False,False,True,True,False,False
2.0,1.8481226123192973,-0.39054326435236414,3.905838798155682,1.0539317764370675,0.9890743246670745,40980,520,True,False,False,True,True,False,False
2.0,1.2913018897532713,-0.9054092009661553,3.090347123223523,1.0374302721293707,0.9737731015336413,42416,520,True,False,False,True,False,False,False
2.0,2.8703304717087152,0.7165167553837098,4.883731212252166,1.084777633079392,1.020485040903325,42807,520,True,False,True,True,False,True,False
2.0,2.3753209442400616,0.4154621860048967,4.253348094238433,1.0697471681467035,1.0115251020858067,42615,520,True,False,True,True,True,True,False
2.0,4.784554245898443,2.75389711710498,6.999581226575874,1.144597982983713,1.0808838216212995,44003,520,True,False,True,True,False,True,False
2.0,4.090272902672071,2.010931568279808,6.578901306742319,1.1225853347368642,1.0583846742229264,43567,520,True,False,True,True,False,True,False
2.0,3.3938408766516326,1.3549154829933907,5.485238266333104,1.1008211398815346,1.0390373053347277,41975,520,True,False,True,True,False,True,False
2.0,1.7975468825944863,-0.39195108953188007,3.9832254964194735,1.0524256937228786,0.9889226436047293,40792,520,True,False,False,True,True,False,False
2.0,2.3980117874146947,0.3447551634030136,4.494428762477068,1.0704203207958423,1.0097442475668943,41149,520,False,False,True,True,True,True,False
2.0,0.0312696937720347,-2.0832599621633197,1.917575994616966,1.0008935932360021,0.9418741119204453,40351,520,False,False,False,True,True,False,False
2.0,1.8573759423157032,-0.23824959755256722,3.836373935982391,1.0542070357471167,0.9932907865916532,41085,520,True,False,False,True,True,False,False
2.0,1.7958037817341233,-0.34146771907925433,3.8093945075795115,1.0523720996100772,0.9901836766236629,41390,520,True,False,False,True,True,False,False
2.0,3.557298219358007,1.6489703208675321,5.751968726774291,1.105919986435585,1.0470955913478974,42960,520,True,False,True,True,False,True,False
2.0,1.5755776146045897,-0.19927717158747635,3.612571266663887,1.0458269882586178,0.9943869227045138,42263,520,False,False,False,True,True,False,False
2.0,1.2468883140770326,-0.5781774712922545,3.286828283187844,1.0361306344524623,0.9834607962729145,41484,520,False,False,False,True,True,False,False
2.0,2.223893237701274,0.1839769652991615,4.390022642748933,1.0651781962192661,1.0052845845963085,41256,520,True,False,True,True,True,True,False
2.0,1.9523616607315553,-0.33411113779721513,4.3412712132128375,1.057041374093106,0.9904244450121108,41631,520,True,False,False,True,True,False,False
2.0,0.5300653644929321,-1.5118890723705294,2.934820303224398,1.0152355670823303,0.9583703049580319,40473,520,False,False,False,True,True,False,False
2.0,1.3791703207751582,-0.7299147379691391,3.4378572274507584,1.0400253581488712,0.9797086707830996,41526,520,False,False,False,True,True,False,False
2.0,2.2596150623514055,0.13929359515768763,4.064523773492342,1.066256405587844,1.004007547179912,42163,520,True,False,True,True,False,True,False
2.0,0.3892055910291181,-1.5983661636078714,2.3634700794765346,1.0111633137148124,0.9551117681246699,41515,520,False,False,False,True,True,False,False
2.0,1.9038215815317394,-0.19362417902936274,3.939415435606442,1.0555928890505402,0.9945004198103639,40703,520,False,False,False,True,False,False,False
2.0,2.7929257131136422,0.7690092854875927,4.694115110496757,1.0823982795467948,1.022285292055483,41824,520,False,False,True,True,False,True,False
2.0,2.2040205537258606,0.28568980339143835,4.299557028398197,1.0645883406621337,1.0082090252085671,43269,520,False,False,True,True,True,True,False
2.0,0.941743120501104,-1.0886069561823848,2.950204080321544,1.0271939582016554,0.969459857808033,41011,520,True,False,False,True,True,False,False
2.0,4.723566359384956,2.8004099754928795,6.604690602631547,1.1426850132744926,1.082902842758443,44288,520,True,False,True,True,False,True,False
2.0,1.3981176455028388,-0.906657633572534,3.446486328515127,1.040586789940854,0.9742832985892126,41162,520,False,False,False,True,True,False,False
2.0,1.2883978231961801,-0.6295300921456883,3.161749390652925,1.0373556572875178,0.9820304839223822,40957,520,True,False,False,True,True,False,False
2.0,2.402775095422233,0.2751867485739204,4.546716282475471,1.0705752710161403,1.0077724646952817,42521,520,True,False,True,True,False,True,False
2.0,2.789448812792994,0.9495063681421686,4.659763174123465,1.082279988619393,1.027441888809916,41160,520,True,False,True,True,True,True,False
2.0,2.970071789633022,0.905707945706622,4.826852654340574,1.08781721860942,1.0258806491079155,42436,520,True,False,True,True,True,True,False
2.0,2.574056134091429,0.7052911117305776,4.6058395638018315,1.0757654733260993,1.0200539146051426,43077,520,True,False,True,True,True,True,False
2.0,2.844555748847605,0.7684358599246119,4.947537753953439,1.0839729694323477,1.0219013686583311,41926,520,True,False,True,True,False,True,False
2.0,1.3838841961475723,-0.7893128291254955,3.811141087073094,1.0401633005186046,0.9775765457596338,41721,520,True,False,False,True,True,False,False
2.0,1.175860756708541,-1.0106287279732098,3.2771459045201334,1.0340387345401458,0.9710710566943707,42125,520,False,False,False,True,True,False,False
2.0,0.6380896475607523,-1.6496826956465493,2.636580534163226,1.0183611198059481,0.954564752830406,40839,520,False,False,False,True,True,False,False
2.0,3.1556541587483053,0.9033837856522401,5.4071747492332065,1.0935055437855041,1.025797751843901,42451,520,True,False,True,True,True,True,False
2.0,1.8338965550942221,-0.2306515936360405,4.078033100126932,1.0535046195349749,0.9934070785224339,42231,520,True,False,False,True,True,False,False
2.0,1.9276609958660595,-0.06677053209454868,3.9911814171249715,1.0563021986251668,0.9981329624419311,42528,520,False,False,False,True,False,False,False
2.0,3.110107252290184,1.1502090017384208,5.417954837222725,1.0921046218624417,1.0337923887360354,42338,520,True,False,True,True,True,True,False
2.0,0.8672983178598326,-1.3499285636331353,2.995865547911265,1.0250314386619872,0.9621688107129672,39861,520,False,False,False,True,True,False,False
2.0,0.5213399339787317,-1.2697558423533049,2.7880980105455415,1.0149757984126917,0.9647700764868367,41690,520,False,False,False,True,True,False,False
2.0,1.5128779940215442,-0.6633806110532314,3.500827586925294,1.0439765626703414,0.9812908340850368,41223,520,True,False,False,True,True,False,False
2.0,3.414581399598482,1.3527302282790994,5.500493993837986,1.1014623589403791,1.039135474660507,41995,520,True,False,True,True,False,True,False
2.0,0.216239487250236,-1.8318705002109879,2.4917699281224923,1.0061929592173522,0.9496637822083438,40334,520,False,False,False,True,True,False,False
2.0,0.6171643824205597,-1.519362815047251,2.627423297292738,1.0177562932400228,0.9581767080614705,40585,520,False,False,False,True,True,False,False
2.0,2.3580414401907444,0.12368758420765738,4.19945829776274,1.0692247932615042,1.0034944912733614,42571,520,True,False,True,True,True,True,False
2.0,1.8533333090388182,-0.5035233716949999,4.029239331188993,1.054086252167645,0.9856841096788175,41306,520,True,False,False,True,True,False,False
2.0,1.2065675123564212,-0.7487035025953499,3.4092380200498575,1.0349503430316265,0.9791654142150003,40851,520,False,False,False,True,True,False,False
2.0,2.883637735320338,0.4300299862709616,4.8546926498499685,1.0851995240917938,1.0123016011880226,43543,520,True,False,True,True,True,True,False
2.0,1.857629850453818,-0.3832471110088929,3.8907827372533172,1.0542135025786286,0.9888939882022646,41708,520,True,False,False,True,True,False,False
2.0,0.3900187480953665,-1.6454992974275877,2.302994854363305,1.011192467450773,0.9539325745502428,40367,520,False,False,False,True,True,False,False
2.0,2.5405855596375817,0.6140961638782112,4.438517540821006,1.0747478065480147,1.017617757274427,42865,520,False,False,True,True,False,True,False
2.0,2.209154587310552,0.11981924376593485,4.467694155392738,1.0647380811393716,1.0034388629066302,41973,520,True,False,True,True,True,True,False
2.0,0.5044819765445518,-1.656589335740628,2.477404853798128,1.0144877114989574,0.9535810420213866,41841,520,False,False,False,True,True,False,False
2.0,0.3312375521015043,-1.8881970815372244,2.55485290159139,1.0094979972690048,0.9478326520448928,40614,520,False,False,False,True,True,False,False
4.0,3.171202968809678,1.1122154667576098,5.287110348649797,1.0918120136092364,1.0310579610642077,43643,520,True,False,True,True,True,True,False
4.0,5.509348159940114,3.4901567731592102,7.618881856250288,1.1638651023326685,1.1004013369697363,43973,520,True,False,True,True,False,True,False
4.0,4.823340044674285,2.6259051269560567,6.8242929553151335,1.1423736384368295,1.0745839487878235,44846,520,True,False,True,True,True,True,False
4.0,4.069485793853911,2.073291892762421,6.1163364042838015,1.11905758206907,1.0584748738000556,43766,520,True,False,True,True,True,True,False
4.0,6.03954739526521,3.9879810476536393,8.100631538515215,1.180818750402505,1.115347259341726,45100,520,True,False,True,True,False,True,False
4.0,4.614656239791659,2.6656936151463753,6.749341038344354,1.135846415539062,1.0764010033295406,43248,520,True,False,True,True,True,True,False
4.0,3.412240755402146,1.3110128792118885,5.465887285555964,1.0990678579205235,1.0375458289091881,43793,520,True,False,True,True,True,True,False
4.0,5.883035744625459,3.8142458318448558,7.7312047698573405,1.175785826336944,1.1109913487144194,44745,520,True,False,True,True,True,True,False
4.0,3.6800626290434737,1.7965533437522454,5.687164832596472,1.1071712776222942,1.0508887506762237,44606,520,True,False,True,True,True,True,False
4.0,3.6340014900826834,1.7697452927554747,5.670881067421315,1.1057711376958326,1.0510727167564429,44626,520,True,False,True,True,True,True,False
4.0,2.9269240636302483,0.7693245870442059,4.79533512879814,1.0845323636134032,1.0215107351998949,42123,520,True,False,True,True,True,True,False
4.0,4.210716688127719,2.4252137956972177,6.606907925642458,1.1233955216853793,1.070032305994207,44366,520,True,False,True,True,True,True,False
4.0,3.745315322843018,2.007856508340405,5.961535033793356,1.1091557561640255,1.0573724290940314,44712,520,True,False,True,True,True,True,False
4.0,5.19065393884735,3.240037177267964,7.414172858669741,1.153842558355582,1.09326711369624,44235,520,True,False,True,True,False,True,False
4.0,6.199454992668202,4.015377545275778,8.390093603055554,1.1859729774410617,1.118699388833002,45338,520,True,False,True,True,False,True,False
4.0,3.8425481759792826,1.4601391707066984,5.8777204205225395,1.1121210078519195,1.0414063716638897,44144,520,True,False,True,True,True,True,False
4.0,3.537753375718328,1.5131183469488658,5.473759289835833,1.1028469100288685,1.0426594097390898,45049,520,True,False,True,True,True,True,False
4.0,2.802446157688765,0.8265732196957776,4.833401290559397,1.0807891842667148,1.0233909123134184,43435,520,True,False,True,True,True,True,False
4.0,5.494616947064923,3.4800388180340107,7.563364780200238,1.1634739184802831,1.0993586934058714,45109,520,True,False,True,True,False,True,False
4.0,4.493345302028951,2.601653333804001,6.400712279705282,1.1321179016502843,1.0746142287245826,44649,520,True,False,True,True,False,True,False
4.0,4.176981691120046,2.171045633264008,6.374567117626353,1.1223550310416845,1.0620282402540648,43823,520,True,False,True,True,True,True,False
4.0,2.3121688451055,0.17164620213628953,4.264708097336663,1.0662701664912388,1.0048122401011828,43428,520,True,False,True,True,True,True,False
4.0,4.300676616206917,2.096432985649182,6.559450247863438,1.1261445951448232,1.0597507812311855,42489,520,True,False,True,True,False,True,False
4.0,3.053439054791607,1.118022482658129,5.237625031662481,1.0883053972587424,1.03136140320232,42497,520,True,False,True,True,True,True,False
4.0,3.2289411683147753,1.2264364837588493,5.5859722139762855,1.093556005786059,1.0349980011607496,43169,520,True,False,True,True,True,True,False
4.0,3.899778121795766,2.032369030827888,5.741130392177941,1.1138671503034612,1.0582245979285716,44223,520,True,False,True,True,False,True,False
4.0,3.6659286545375425,1.4745084266243935,5.946647750040304,1.1067553793036233,1.0418292229647101,43094,520,True,False,True,True,True,True,False
4.0,4.110038072626182,2.2392665041127287,6.1702622248996795,1.1203016308577445,1.0621752427221587,44212,520,True,False,True,True,False,True,False
4.0,5.48134421727946,3.711835008560088,7.526329503912116,1.1630858681987335,1.1075877456113912,45594,520,True,False,True,True,False,True,False
4.0,2.967724553592838,0.7201152447829556,4.988376484511114,1.0857388776409265,1.0203407417226167,42613,520,True,False,True,True,True,True,False
4.0,4.650403339635495,2.496231265581097,6.712819822613216,1.1369520534987434,1.0715534413745365,43208,520,True,False,True,True,True,True,False
4.0,3.7284808181938245,2.114242988622585,5.7376112667730625,1.1086444992850966,1.0596193258632924,44526,520,True,False,True,True,True,True,False
4.0,3.3332201394863703,1.4411335889545636,5.3095477984339094,1.096669208683728,1.040680864278069,44617,520,True,False,True,True,True,True,False
4.0,5.700043451740589,3.517908743833912,7.819316038416446,1.17002585188483,1.1015874384219648,45579,520,True,False,True,True,True,True,False
4.0,2.4296734117548677,0.6683399277395506,4.668223544767398,1.069759546393196,1.018743612487537,42581,520,True,False,True,True,True,True,False
4.0,2.8926774548460212,0.8757770516969422,4.900432802230028,1.083467586457482,1.0243877302401496,43894,520,True,False,True,True,True,True,False
4.0,5.401372465456933,3.3748011314003343,7.53090611633691,1.160554805778997,1.0983952818638594,45585,520,True,False,True,True,True,True,False
4.0,5.905471136089025,3.6776876819902755,7.854938137486995,1.1765022393512896,1.108240572550788,44772,520,True,False,True,True,True,True,False
4.0,3.0464639356216905,1.1728402981270811,4.968406979411476,1.0881095227938107,1.0328726599445721,41900,520,False,False,True,True,True,True,False
4.0,5.475443147730297,3.464543441460969,7.475827986000565,1.162915247676742,1.0995398329925805,45856,520,True,False,True,True,True,True,False
4.0,3.938370917053952,1.801241690841595,6.029376589009825,1.1150466704660544,1.051018057166826,43848,520,True,False,True,True,False,True,False
4.0,5.875337726103547,3.5658953208502058,8.272784900119353,1.1755532155179294,1.1031798690103876,44893,520,True,False,True,True,False,True,False
4.0,3.7474572571823073,1.6019054121595513,5.649919191616123,1.1092297414458065,1.0459022941951264,43400,520,True,False,True,True,True,True,False
4.0,2.9999775148378314,1.181474594908884,5.055213363432966,1.0866726216959344,1.0333935930124927,43961,520,True,False,True,True,True,True,False
4.0,5.846789873727371,3.945882556579892,7.6745170492198005,1.174772655689826,1.1165323137170364,46395,520,True,False,True,True,False,True,False
4.0,4.331897682338914,2.335635112497736,6.496310148747197,1.1271130353556997,1.0673216086330557,43202,520,True,False,True,True,False,True,False
4.0,3.8160656618899003,1.6731133484473097,5.916621679347987,1.1113140902142855,1.0471960196479182,44188,520,True,False,True,True,True,True,False
4.0,5.023045980563884,3.165315496142741,7.071919687464013,1.148554644293847,1.0920995640145728,43387,520,True,False,True,True,False,True,False
4.0,1.9310009366266978,-0.013705662209305127,3.946401272197757,1.0551183160464717,0.9996209355466131,42610,520,False,False,False,True,True,False,False
4.0,3.739480610699392,1.6228996204419466,5.723704991400318,1.1089851440626362,1.0464963866278387,43732,520,True,False,True,True,True,True,False
4.0,4.064486557382718,1.951592011503955,6.087759508094608,1.1189045657358787,1.0553392232217824,43660,520,True,False,True,True,True,True,False
4.0,5.365262087266548,3.3987694059465707,7.343806149837198,1.1594045756297258,1.0987681541508731,45433,520,True,False,True,True,False,True,False
4.0,3.4365384321249026,0.9717448029208887,5.6900169175109205,1.0998038949257507,1.027698284606682,43615,520,True,False,True,True,True,True,False
4.0,3.353100092230693,1.5346816211608998,5.453179215577532,1.0972713482759884,1.043345466304826,44469,520,True,False,True,True,True,True,False
4.0,3.6452872148348803,1.4556472921169057,5.674051969122477,1.1061291053370679,1.041077479522311,43141,520,True,False,True,True,True,True,False
4.0,4.1680657090479025,2.026958108074262,6.254430916400892,1.1220839891553385,1.0574423034512412,44250,520,True,False,True,True,True,True,False
4.0,3.7408235617711947,1.8293051483949259,5.880337668122047,1.1090285242697069,1.051764390703887,43369,520,True,False,True,True,True,True,False
4.0,3.6806758883203337,1.618784688733809,5.7640927153048365,1.1071994624758856,1.0456797825161173,43527,520,True,False,True,True,True,True,False
4.0,2.235345269728156,0.37152649786866054,4.2029190559543625,1.063996122225282,1.0103517874950518,43883,520,True,False,True,True,True,True,False
4.0,4.531241081799708,2.623914588972217,6.747363504303393,1.1332826865068943,1.075505121077893,44196,520,True,False,True,True,True,True,False
4.0,3.2435008226621376,1.470605116863364,5.286594484772412,1.0939782872849921,1.041843274869302,43998,520,True,False,True,True,True,True,False
4.0,6.121332091398362,4.032187594479497,8.034109076828694,1.1834814884903613,1.1173834638684084,45511,520,True,False,True,True,False,True,False
4.0,2.723317248690887,0.7541695984140435,4.617529917860875,1.0784308095747812,1.0214230745130568,43575,520,True,False,True,True,True,True,False
4.0,4.1496196986001435,1.9304702882644356,6.078233383975412,1.12151744919921,1.0551329971666152,44431,520,True,False,True,True,False,True,False
4.0,2.9177312083772113,0.9499159142769236,4.764275527646603,1.0842235053074514,1.0266430681143022,43572,520,True,False,True,True,True,True,False
4.0,3.1969984858401688,1.3301559916054002,5.064405392720275,1.0925730219464473,1.0379429984850388,44321,520,True,False,True,True,False,True,False
4.0,4.7795570474430065,2.89999428817325,6.710697209759295,1.1409955568119454,1.0831573528090201,44384,520,True,False,True,True,False,True,False
4.0,5.486854394641333,3.490356040259768,7.655816574088516,1.1631489693390729,1.1011973607056926,43889,520,True,False,True,True,False,True,False
4.0,4.47606348284062,2.335245675517098,6.371854219628171,1.1315853796625577,1.0660287753483217,44781,520,True,False,True,True,True,True,False
4.0,3.185747359864455,1.1955206250178163,5.241648485854488,1.0922453823940377,1.0340394382561893,43802,520,True,False,True,True,True,True,False
4.0,3.735193306433382,1.6305459917915373,5.796964478043079,1.1088523560824448,1.0460647695671732,44013,520,True,False,True,True,False,True,False
4.0,4.654146367194162,2.743398672225869,6.455943372825964,1.1370780897866641,1.079350455160109,43607,520,True,False,True,True,False,True,False
4.0,6.250803654627834,4.175467782915362,8.094984246495024,1.1876880388048097,1.121862072599995,45904,520,True,False,True,True,False,True,False
4.0,4.261805629366028,2.409904439746113,6.52076526310087,1.1249687372945159,1.0682896361072791,44652,520,True,False,True,True,True,True,False
4.0,4.390061527152955,2.388622655202878,6.187767775546073,1.1289204381338727,1.0687410580587213,44380,520,True,False,True,True,True,True,False
4.0,3.776675478842928,1.7202149290122857,5.853541191140236,1.1101096302731372,1.0487107246145626,44735,520,True,False,True,True,True,True,False
4.0,5.067443787264903,3.222270139304528,6.946450184502579,1.1500527436678623,1.09254860060047,45972,520,True,False,True,True,False,True,False
4.0,4.581540440199339,2.484288919173084,6.749942218198432,1.1348513280646235,1.0709380612746682,44760,520,True,False,True,True,False,True,False
4.0,4.885849428350225,3.103622743581887,6.795210559097528,1.1442958367589204,1.0896148425650825,44016,520,True,False,True,True,True,True,False
4.0,2.317612458776519,0.17094834637766387,4.446952953936713,1.0664283899549918,1.004761053365519,43497,520,True,False,True,True,True,True,False
4.0,3.14320915894068,1.061075392159796,4.984094229191941,1.0909511073261395,1.0298446811394704,44653,520,True,False,True,True,True,True,False
4.0,2.0295587042528815,0.03464308942611356,4.1166398660843075,1.0579662717583225,1.0009500005364445,43704,520,True,False,True,True,True,True,False
4.0,4.599571913459233,2.6904850664439577,6.697553366616537,1.1353868504812195,1.0768377116622134,43610,520,True,False,True,True,True,True,False
4.0,4.100855469898818,2.2302485705523085,6.065922037634571,1.1200192725758078,1.06384013801747,43734,520,True,False,True,True,True,True,False
4.0,4.710957438821434,2.7218005376553824,6.8725434658404145,1.138823882904643,1.0779612072196834,42930,520,True,False,True,True,True,True,False
4.0,5.592693756386291,3.6112624464017133,7.799877477917946,1.1664916015709488,1.1070152367147834,43840,520,True,False,True,True,False,True,False
4.0,3.501365435501663,1.7424084729841778,5.598952807871644,1.1017729988312897,1.0491277942931014,42896,520,True,False,True,True,True,True,False
4.0,4.222477249495549,2.368071797653904,6.209343243528694,1.1237521732252216,1.067182315660739,43658,520,True,False,True,True,True,True,False
4.0,5.136141409997541,3.3063284199612823,6.959702381498941,1.152090023479673,1.0956112787535826,43338,520,True,False,True,True,False,True,False
4.0,4.419133990425911,2.677364724643006,6.536287209917882,1.1298084976287264,1.0767754437723127,43702,520,True,False,True,True,True,True,False
4.0,4.6682576577166675,2.831085706956733,6.439721632184448,1.1375269193608395,1.0812318925831372,44050,520,True,False,True,True,True,True,False
4.0,4.704935286270001,2.6241407221868744,6.578463145106244,1.138684003536415,1.075469972363299,44738,520,True,False,True,True,True,True,False
4.0,6.24494525295648,4.237577028665082,8.276354504582553,1.1873868090543005,1.1231733239103363,44912,520,True,False,True,True,False,True,False
4.0,3.657194879284953,1.7082074316600182,5.639463059080675,1.1064823864948528,1.0491436706064943,43938,520,True,False,True,True,True,True,False
4.0,4.805204018347553,2.933156094479328,6.747155885977704,1.1417935056359656,1.0845484474121556,44363,520,True,False,True,True,True,True,False
4.0,4.112551770675527,1.9135840493113991,6.047880851136358,1.1203785819483365,1.0537080441606874,44045,520,True,False,True,True,False,True,False
4.0,4.999533505459819,2.9320058848451933,6.778703198363283,1.1478172596556995,1.0833747297842087,43321,520,True,False,True,True,False,True,False
4.0,5.578796534396413,3.3939411041631633,7.831987586463013,1.1661855695188537,1.0991119112537353,45754,520,True,False,True,True,True,True,False
4.0,4.757607174028545,2.854469297585997,6.722484992027222,1.1402808391512176,1.081635011472752,43266,520,True,False,True,True,False,True,False
4.0,5.342150764790565,3.398747696833735,7.343348212133575,1.1585663889590583,1.0977120298012935,43529,520,True,False,True,True,False,True,False
6.0,6.867579291479636,4.895234646044661,8.914386958357726,1.202768899433565,1.1413881227342264,46014,520,True,False,True,True,False,True,False
6.0,5.253331901276864,3.3519913340556617,7.297995500052341,1.152232598508603,1.0947871173778267,46195,520,True,False,True,True,True,True,False
6.0,5.541501706086888,3.643311805653733,7.659281681703737,1.1611252006754267,1.1029598071816349,46363,520,True,False,True,True,True,True,False
6.0,5.622254177989633,3.452806324137562,7.544841571047616,1.1636393648521985,1.0981808068021233,45621,520,True,False,True,True,True,True,False
6.0,7.431278168893851,5.249048928345917,9.408600027299382,1.2208433850809497,1.1525565471287254,46333,520,True,False,True,True,False,True,False
6.0,7.006837683479633,4.935112148046627,8.84464906308179,1.2072947461289,1.14005872983722,47657,520,True,False,True,True,True,True,False
6.0,6.097627280515855,4.226773782021918,8.059211623630125,1.178455807706935,1.118603019522533,47057,520,True,False,True,True,True,True,False
6.0,7.976923912191158,6.273321826609877,9.777376463267752,1.2386613024897684,1.1818714709504212,47474,520,True,False,True,True,False,True,False
6.0,5.620493225434325,3.6592634452145263,7.695514011675956,1.1635836455433572,1.1037268467065298,45736,520,True,False,True,True,True,True,False
6.0,5.147946827268058,3.170167809441938,7.112352730512038,1.1490331751669876,1.0906641469482545,44948,520,True,False,True,True,True,True,False
6.0,6.126772508689482,4.227380566844634,8.251620278770545,1.1793656148848652,1.1202787903108007,46087,520,True,False,True,True,False,True,False
6.0,7.888129245756609,6.248861132878255,9.837961899825743,1.2356744479666573,1.1831503573301365,46705,520,True,False,True,True,False,True,False
6.0,6.886297142790071,4.870581847665971,8.823953938680864,1.2034050948299466,1.140500771813599,46919,520,True,False,True,True,True,True,False
6.0,6.267653863463196,3.9252995647516533,8.181832707673694,1.1837879276710117,1.1121785508550956,46029,520,True,False,True,True,True,True,False
6.0,4.807147825668806,2.9154271048792633,6.906168123944433,1.1385812026234843,1.0827055567418093,45919,520,True,False,True,True,True,True,False
6.0,6.14537410718547,4.224315952980969,8.020524329735004,1.1799422101950567,1.1198255852409935,45054,520,True,False,True,True,True,True,False
6.0,6.941288627860964,5.041347087358117,8.8500677120723,1.2051499824083507,1.1453572705245991,46696,520,True,False,True,True,True,True,False
6.0,5.542498395971523,3.506566692759826,7.36639009673073,1.1611553113453765,1.0989839493864288,46411,520,True,False,True,True,True,True,False
6.0,6.4357622634666765,4.386875194846855,8.346132962470358,1.1891068580946336,1.1243215017352288,47230,520,True,False,True,True,True,True,False
6.0,6.140180538856449,4.0458263832547745,8.019394072283909,1.1797807395578557,1.1155551993152972,45271,520,True,False,True,True,True,True,False
6.0,7.471492016543219,5.7774822705463835,9.526574270276388,1.2222620784335274,1.1683390018002375,47800,520,True,False,True,True,True,True,False
6.0,5.036423541450141,3.1009677986466473,7.163325649656814,1.145634375145752,1.088419489398144,44495,520,True,False,True,True,True,True,False
6.0,6.582830514035548,4.734008515677473,8.607629624349583,1.1937274863770728,1.1382350853014616,45906,520,True,False,True,True,False,True,False
6.0,7.126915882438867,5.2398109900319465,9.312060582122973,1.2111430715319775,1.1516509426472474,47625,520,True,False,True,True,False,True,False
6.0,6.257232151989223,4.092530665174974,8.226623355225787,1.1834685797398465,1.1174460086918243,46707,520,True,False,True,True,True,True,False
6.0,5.26858118955667,3.240558468380624,7.208727731318752,1.152705077691311,1.0914172799027202,46116,520,True,False,True,True,False,True,False
6.0,9.819152648169249,7.969929172501054,11.617192253122274,1.3001779559736795,1.2362470393840528,48177,520,True,False,True,True,False,True,False
6.0,4.102818293711535,2.27266897118979,6.119280635546729,1.1172845703227747,1.0642372045315351,46042,520,True,False,True,True,True,True,False
6.0,6.101919734842998,4.24651075730551,8.02860274413301,1.1785854677379997,1.1220185622677665,46000,520,True,False,True,True,False,True,False
6.0,6.19013506764462,4.166547694076055,8.29062058109949,1.1813540083150067,1.1197798668032728,46138,520,True,False,True,True,False,True,False
6.0,5.719142857646487,3.797605390675101,7.946518004445513,1.1666439737108651,1.1091274122498234,45761,520,True,False,True,True,True,True,False
6.0,4.84381090972803,3.1561782403745964,6.904325625848956,1.139753032347639,1.0890549026384007,44581,520,True,False,True,True,True,True,False
6.0,6.100649165291639,4.073264484621103,7.997080722358347,1.178549625022715,1.11709397957418,46620,520,True,False,True,True,True,True,False
6.0,5.843921574658878,4.067805636376438,7.796527096711981,1.1705258172405102,1.1156123385292251,45912,520,True,False,True,True,True,True,False
6.0,5.110721418055364,3.386227087199682,7.027756064251128,1.1478818248429197,1.094392329120115,45278,520,True,False,True,True,True,True,False
6.0,8.134559915938011,6.0951808980157,10.30138146248739,1.2438959124625366,1.1771103010478103,48050,520,True,False,True,True,False,True,False
6.0,4.748017136404531,2.8661068159633145,6.888700775700089,1.1367958140703736,1.0799076146309177,45588,520,True,False,True,True,True,True,False
6.0,6.900502435805383,4.870099885309637,8.84345447574941,1.2038851993704351,1.1415588452071501,47471,520,True,False,True,True,True,True,False
6.0,4.284573854292728,2.278682558315801,6.192753341739855,1.122838146144689,1.0646989196560264,44311,520,True,False,True,True,True,True,False
6.0,5.277894416119688,3.048268994103806,7.3825123746907595,1.1529991111812996,1.084857243123084,45856,520,True,False,True,True,True,True,False
6.0,5.588596598295964,4.026396453801075,7.481902148928749,1.1626005628879157,1.1144400236596115,45463,520,True,False,True,True,True,True,False
6.0,5.301883015614734,3.5574609148436425,7.224337093182551,1.153738785158104,1.100030598688657,45760,520,True,False,True,True,True,True,False
6.0,5.50491720357702,3.472534035275186,7.460496403307012,1.1599911193870895,1.0981539616796974,46467,520,True,False,True,True,True,True,False
6.0,7.329849245395204,5.3796913884655,9.322189897213683,1.2177001835225685,1.1558983599500425,48002,520,True,False,True,True,False,True,False
6.0,7.118595236755926,5.248631824710767,9.178241739282265,1.2108236501819973,1.1522762309237942,46727,520,True,False,True,True,True,True,False
6.0,4.987237410902429,3.073540124560365,6.891966275635372,1.1440736151653048,1.0878343096029077,46043,520,True,False,True,True,False,True,False
6.0,4.771619190325654,2.6864403886639474,6.914366850743807,1.1375188438724577,1.0745861253984847,45463,520,True,False,True,True,True,True,False
6.0,5.775101206537264,3.4967022974889956,7.510266736037084,1.168375252143838,1.0996720566234601,46623,520,True,False,True,True,True,True,False
6.0,4.525148123893335,2.7168666946682594,6.641530636223605,1.1300054695517976,1.0776079005085206,46163,520,True,False,True,True,True,True,False
6.0,7.659891883002529,5.4982913025468605,9.677606013850829,1.2283311003663844,1.1584349708429118,47420,520,True,False,True,True,False,True,False
6.0,5.687616249746375,3.7879470946188794,7.702554594962203,1.1656630931308225,1.1090053388068342,45921,520,True,False,True,True,True,True,False
6.0,6.272397905475802,4.457567559734132,8.442067411324764,1.183960851589211,1.128389807945516,47969,520,True,False,True,True,True,True,False
6.0,7.026558735726934,4.871165787429654,8.89286768163607,1.2079246643376589,1.1398828013175704,47641,520,True,False,True,True,False,True,False
6.0,5.748884724716419,3.615500523682156,7.61962000255659,1.1675776890331067,1.1020427219059195,44983,520,True,False,True,True,False,True,False
6.0,4.8104454845197875,2.829708479531473,6.828660729710717,1.1387086993080182,1.0794958999998265,45278,520,True,False,True,True,True,True,False
6.0,5.279188432144711,3.2638521524360495,7.198280714661686,1.1530392955663449,1.0921699160064666,45821,520,True,False,True,True,True,True,False
6.0,6.846632159587979,4.874185539715594,8.749862788482952,1.2021416573023427,1.1398635444587581,46946,520,True,False,True,True,False,True,False
6.0,5.895729517526527,4.240509539868493,7.7892836376393735,1.1721382620588918,1.119689356819157,46402,520,True,False,True,True,True,True,False
6.0,6.9317220057081075,4.923317270981426,9.010800399622346,1.2048721582207886,1.1410388046410291,47274,520,True,False,True,True,True,True,False
6.0,4.993072554782962,2.9660587427362732,7.055258666913304,1.1442599561849154,1.0847945018074538,45827,520,True,False,True,True,True,True,False
6.0,5.874028952632504,3.6903867008507634,8.00319883543188,1.1714564095949516,1.1043639945742065,47271,520,True,False,True,True,True,True,False
6.0,5.243312065357913,3.1485999379881973,7.2343650420347165,1.1519334812379827,1.0891697259632716,45874,520,True,False,True,True,True,True,False
6.0,7.437698883083954,5.275227700220103,9.142590579239965,1.2211561071502173,1.1529648604281755,47652,520,True,False,True,True,True,True,False
6.0,5.259649480790774,3.1567023527773346,7.003094942444681,1.152380983755538,1.0891023275868243,47822,520,True,False,True,True,True,True,False
6.0,5.7198322638419175,3.926901714332577,7.795988642966944,1.1666622086734124,1.1103255196250983,46141,520,True,False,True,True,True,True,False
6.0,6.324956025808248,4.584354784367925,8.200740135354568,1.1855931428231765,1.1307730763521504,46132,520,True,False,True,True,True,True,False
6.0,4.2933556831271815,1.9986257645169687,6.074009461596413,1.123067906326933,1.0561380208938966,44958,520,True,False,True,True,True,True,False
6.0,7.621098839954621,5.591891100707623,9.754068858604862,1.2270551707761022,1.1630994241345767,47226,520,True,False,True,True,False,True,False
6.0,6.975833773054063,4.797965389112456,8.883611507599506,1.2062813538672452,1.1385222906526173,47228,520,True,False,True,True,False,True,False
6.0,6.149281319430367,4.375704409005275,8.362417865212425,1.1800730709061658,1.1260282004682831,46396,520,True,False,True,True,True,True,False
6.0,5.0802369334559225,3.087522284259135,7.000199618809954,1.146947507915612,1.085298971464409,45283,520,True,False,True,True,True,True,False
6.0,6.879967074283816,4.651771440883161,8.92242044730435,1.203179303199198,1.132385757097048,46372,520,True,False,True,True,False,True,False
6.0,5.841966265182686,3.837596065156194,7.886995006970629,1.1704597396280045,1.1080267225278093,46674,520,True,False,True,True,False,True,False
6.0,6.206552851449448,4.029805427333072,8.088255691330284,1.1818797669362509,1.1138602865331073,47320,520,True,False,True,True,True,True,False
6.0,7.668262891657218,5.81160166571986,9.757448268439363,1.2285452512782549,1.1683855691289184,46814,520,True,False,True,True,True,True,False
6.0,7.056039584853297,4.945292797761714,9.008155017837778,1.2087475323938124,1.1430498719438162,45429,520,True,False,True,True,True,True,False
6.0,4.93547893532792,3.1535468747102122,6.886060885372912,1.1424900012644716,1.0893360908374585,46081,520,True,False,True,True,True,True,False
6.0,7.225164967901493,5.170791904844194,9.099232623469696,1.2142685712065224,1.1496148558513102,47135,520,True,False,True,True,False,True,False
6.0,5.140999805281288,3.2378655049760976,7.150632866307354,1.1488011954075767,1.09079565192208,45544,520,True,False,True,True,True,True,False
6.0,5.635977021072625,3.6213689784715366,7.502189613771059,1.1640395297812247,1.1011781877131113,47331,520,True,False,True,True,True,True,False
6.0,3.2382569898876836,1.344876762405927,5.222593871197827,1.091640039386884,1.0369714038489506,45547,520,True,False,True,True,True,True,False
6.0,5.880375580106845,3.9084695914627865,7.910721034865739,1.1716655097457906,1.1117044517938741,45234,520,True,False,True,True,True,True,False
6.0,5.957171279435664,4.003263771735124,7.9328064611378375,1.1740551665524104,1.114490535237576,47753,520,True,False,True,True,True,True,False
6.0,5.279061725089168,3.1753132645790374,7.19154993865849,1.15303981227499,1.0903954662427309,45638,520,True,False,True,True,True,True,False
6.0,5.119406514533031,2.935139965383864,6.941342730678381,1.1481371958251008,1.0837680767841904,45611,520,True,False,True,True,True,True,False
6.0,5.7713678187756745,3.781490218212521,7.543340606770746,1.1682599770881825,1.1085558951887373,46631,520,True,False,True,True,False,True,False
6.0,6.5714263947320495,4.580261114430329,8.474419024385623,1.1933855002043667,1.1303235093614943,46602,520,True,False,True,True,False,True,False
6.0,4.842105670609276,3.0615173714702513,6.798527660272948,1.139637285244441,1.0861489940574078,46150,520,True,False,True,True,True,True,False
6.0,4.360654549654846,2.0892113149112443,6.358833459818235,1.1250310470986842,1.0590447404868566,46214,520,True,False,True,True,True,True,False
6.0,9.613962787878211,7.480908416589221,11.805339817846294,1.2933681392726926,1.2235672108520241,48702,520,True,False,True,True,False,True,False
6.0,4.990003299055468,2.8506220991009665,7.156339086449648,1.1441953474892772,1.080269611156727,45049,520,True,False,True,True,True,True,False
6.0,6.212739794718375,4.148303448192908,8.017367113540077,1.1820749799132613,1.1180992468601614,47300,520,True,False,True,True,True,True,False
6.0,5.069043331039625,3.162969841804263,7.102958915566524,1.146573999283578,1.0889190772112842,46198,520,True,False,True,True,True,True,False
6.0,6.492936225089685,4.463073236265483,8.72893051151658,1.1909075781386869,1.1269701352043069,46869,520,True,False,True,True,False,True,False
6.0,5.630065514059107,3.3492343041776813,7.803013390885056,1.1638649095845233,1.0955310113125,46788,520,True,False,True,True,True,True,False
6.0,3.7558321279226314,1.8589167332116912,5.472365683172861,1.10697452283704,1.051976213753095,45094,520,True,False,True,True,True,True,False
6.0,5.440162446567781,3.217935359606416,7.714653830879883,1.1579612534615606,1.0902343023941559,47663,520,True,False,True,True,True,True,False
6.0,7.349619706365656,5.154098366805058,9.356646352712817,1.218269369936797,1.148459481035415,47073,520,True,False,True,True,False,True,False
6.0,5.314634931789685,3.3431216702690034,7.358061266639404,1.1541290288860186,1.0944518999504393,45886,520,True,False,True,True,True,True,False
6.0,7.097606804903273,5.367330115567039,9.122339923153318,1.2101678960988562,1.157021743795653,47044,520,True,False,True,True,True,True,False
12.0,14.133685020810827,12.105256750848035,15.842517616361299,1.423667452768128,1.3508442277847617,54535,520,True,False,True,True,False,True,False
12.0,13.279852699173517,11.359576517310934,15.227540837440861,1.394173788346173,1.3323756120929393,54934,520,True,False,True,True,False,True,False
12.0,11.277110776697452,9.298962820407795,13.385670744794586,1.32684685449094,1.261545560547222,53887,520,True,False,True,True,True,True,False
12.0,10.437718531111063,8.530352752453233,12.264946339672642,1.299520804679602,1.2378136400629987,53593,520,True,False,True,True,True,True,False
12.0,11.274271632231535,9.53942663123121,13.054737972151543,1.3268081380361083,1.2683805944311275,52809,520,True,False,True,True,True,True,False
12.0,12.117699497000899,10.25311893825756,13.972587939148196,1.3547250964582374,1.2942347177117888,53796,520,True,False,True,True,False,True,False
12.0,12.053284938136038,9.980057651364426,14.040921422349452,1.352576111309359,1.2831856269875517,55236,520,True,False,True,True,False,True,False
12.0,12.470385270002371,10.493346865337589,14.473269921348903,1.3665864543230133,1.299495835229268,54423,520,True,False,True,True,True,True,False
12.0,11.758702978935137,9.70336273113896,13.567573138215314,1.3427821032115237,1.2744237613920049,52712,520,True,False,True,True,False,True,False
12.0,9.582942104917958,7.981401632612234,11.3827890638365,1.2725170619859731,1.2206436026186718,51154,520,True,False,True,True,True,True,False
12.0,12.039328987576104,9.983536047188432,13.955343171536011,1.3521060768373394,1.2851474903058901,53926,520,True,False,True,True,True,True,False
12.0,11.38367491977093,9.38308545541569,12.985251083678945,1.3303510297253374,1.2631827180754658,53921,520,True,False,True,True,False,True,False
12.0,12.674802731640366,10.664641649686645,14.776785816243027,1.3734936097833919,1.3054201679072268,54368,520,True,False,True,True,False,True,False
12.0,12.043188854740517,10.008559098224874,13.878173706390825,1.3522369585499352,1.2809040682523678,54683,520,True,False,True,True,True,True,False
12.0,11.67831171497875,10.016097964397803,13.434630482732024,1.3400928986152278,1.282611882827277,53843,520,True,False,True,True,True,True,False
12.0,11.797439096164897,9.781136680095843,13.491729791413224,1.3440412170505067,1.2768489436810826,54285,520,True,False,True,True,True,True,False
12.0,11.854522538410405,10.023627124047126,13.91163492618853,1.3459448046132008,1.2867912388390652,53936,520,True,False,True,True,True,True,False
12.0,13.33920638059941,11.110360574255111,15.366392531991417,1.3960079005408843,1.3241290327501711,53175,520,True,False,True,True,True,True,False
12.0,13.404791019050776,11.488830751382196,15.311304382713558,1.398188977728192,1.3370295271342587,52637,520,True,False,True,True,False,True,False
12.0,11.396488316386911,9.392451850323962,13.15353771860042,1.3308126076645723,1.2624921888330574,53076,520,True,False,True,True,True,True,False
12.0,11.900026567761252,9.967584437382476,13.640101862071985,1.347464322564722,1.2843870698614352,53034,520,True,False,True,True,False,True,False
12.0,12.593555039564558,10.574982892608906,14.253280983946523,1.370738795802589,1.2986159767352599,54254,520,True,False,True,True,False,True,False
12.0,11.985868885730767,10.240384950229199,13.833613097331268,1.3503197491309247,1.2938034447551288,53494,520,True,False,True,True,True,True,False
12.0,12.953871432462371,11.027978414996916,14.833812415827357,1.3828592541574796,1.3180649358382952,52979,520,True,False,True,True,False,True,False
12.0,14.331765020540804,12.65155403281049,16.11485253453724,1.4304124195584083,1.374689511977048,53738,520,True,False,True,True,False,True,False
12.0,11.83391831759698,9.899876918274602,13.65819416777943,1.3452806941445041,1.2813150796271497,52287,520,True,False,True,True,True,True,False
12.0,12.263883516985102,10.136000049815122,14.263877181909796,1.3596334664739451,1.2891524191250818,54368,520,True,False,True,True,False,True,False
12.0,10.87950996000196,9.045226486003124,12.910423558141442,1.3138828603821646,1.251724702850848,53185,520,True,False,True,True,True,True,False
12.0,12.809617828044923,10.637795436149784,14.804998358698004,1.3780825674953197,1.3001135002824524,54605,520,True,False,True,True,False,True,False
12.0,11.41241241925276,9.44116120607519,13.207599775093,1.3313321186151148,1.2636497332902212,53171,520,True,False,True,True,True,True,False
12.0,14.197600222875478,11.983433941097648,16.0063450156405,1.425999350174761,1.3462276675223612,55022,520,True,False,True,True,False,True,False
12.0,14.67248668496357,12.727350989521877,16.56952145205857,1.4427775650933354,1.376027309935339,55349,520,True,False,True,True,False,True,False
12.0,11.89126286912855,10.031442408387056,13.780045408298173,1.3471935727611373,1.2859193158940574,50821,520,True,False,True,True,False,True,False
12.0,11.130921505860487,9.230309341257701,12.795434273388368,1.322076358697913,1.2592500743733992,53429,520,True,False,True,True,True,True,False
12.0,12.977902010362374,11.21186059731177,14.83413368586098,1.3837583291551723,1.3229451344292176,53993,520,True,False,True,True,False,True,False
12.0,11.372232721505526,9.58909467343067,13.159544955520207,1.3300382259535917,1.2706037616040557,52528,520,True,False,True,True,True,True,False
12.0,11.56764931511683,9.43883153411906,13.651323179118794,1.3364460501536115,1.268092675512402,53301,520,True,False,True,True,True,True,False
12.0,9.698494884305036,7.756171690633741,11.476883313078737,1.2761237957489866,1.2140100723049358,51507,520,True,False,True,True,True,True,False
12.0,11.313779411111213,9.389660285665206,13.2835056620429,1.328135788717203,1.2604284208593863,52168,520,True,False,True,True,True,True,False
12.0,12.03354979202626,10.198648068702537,13.991540946895398,1.3519106459567491,1.2921923789214187,53766,520,True,False,True,True,True,True,False
12.0,12.117652067760009,10.138552735189414,13.85230085968654,1.354724575412378,1.287922688893248,53881,520,True,False,True,True,True,True,False
12.0,12.373010975258419,10.358655110537375,14.451235737346556,1.3632750124228887,1.2937293872470608,53437,520,True,False,True,True,False,True,False
12.0,11.056020642060238,8.894329772470236,12.821976827354627,1.3197061930894645,1.251381693330064,52175,520,True,False,True,True,True,True,False
12.0,11.394794994393859,9.27426693025264,13.112392242834991,1.3307878138980425,1.2577164875048532,52328,520,True,False,True,True,True,True,False
12.0,10.718851698918625,8.905413764198695,12.519030911707246,1.308738436512124,1.2498936953913269,52269,520,True,False,True,True,True,True,False
12.0,11.943985313764498,10.02784492239373,13.714852760158484,1.348924688782636,1.2818605493206452,53500,520,True,False,True,True,True,True,False
12.0,11.753008839518058,9.92305131856893,13.884414256025433,1.3426016017563458,1.2830742605111802,52148,520,True,False,True,True,False,True,False
12.0,14.142261040639942,12.242553379439563,16.044121039709406,1.424011449477582,1.355721974721941,54755,520,True,False,True,True,True,True,False
12.0,12.262854620857821,10.387874965841208,14.139830857646713,1.3595601346864672,1.295687899015358,52611,520,True,False,True,True,True,True,False
12.0,9.721121282725415,8.024930886167876,11.499785146104715,1.2765836384587317,1.2225819265152493,53417,520,True,False,True,True,True,True,False
12.0,11.87202934069091,10.187720557688525,13.643675224311595,1.3465397348070565,1.2862426020587883,52686,520,True,False,True,True,True,True,False
12.0,11.76652671871915,10.015087333996947,13.579965785032009,1.3430357016722818,1.2806130814026444,52982,520,True,False,True,True,False,True,False
12.0,9.834575855052218,7.843413780432312,12.146451063608103,1.280249930763277,1.2165941554422894,52983,520,True,False,True,True,True,True,False
12.0,13.499810528566519,11.521887583055925,15.408264864133432,1.4016147012905917,1.3332370924902437,53939,520,True,False,True,True,True,True,False
12.0,9.874603135365106,7.7235375959234025,11.587148938566473,1.2816625365788623,1.2137874121982875,51915,520,True,False,True,True,True,True,False
12.0,10.160799729219589,8.35090626911289,12.063225310457101,1.2907836749945925,1.2376321629440716,52041,520,True,False,True,True,True,True,False
12.0,12.924537810808667,10.99836704977927,14.720063036904826,1.3819486989018497,1.3152212615591503,54072,520,True,False,True,True,True,True,False
12.0,12.556963697083056,10.122970025057612,14.550292088096365,1.3694444297223969,1.2896485582981094,52963,520,True,False,True,True,True,True,False
12.0,12.460368815578814,10.613823165209183,14.176943476591017,1.3662168801821197,1.298653599534419,53612,520,True,False,True,True,True,True,False
12.0,11.899655906062879,10.101636017344692,13.974776624170405,1.3474442485332785,1.2896851576030683,54492,520,True,False,True,True,True,True,False
12.0,13.245822253936634,11.560271391490224,14.842626517377305,1.392850017907174,1.3327689400249219,53490,520,True,False,True,True,True,True,False
12.0,13.121832955701334,11.173285203115821,15.249698593467555,1.3884721906225361,1.3196622753241702,51951,520,True,False,True,True,False,True,False
12.0,11.158877779992737,9.373159954857325,13.36227393838333,1.3229535219946722,1.262818886878974,54057,520,True,False,True,True,True,True,False
12.0,11.934606369106637,9.947970908802477,14.070831775910365,1.3486192115453621,1.280020481576431,52212,520,True,False,True,True,False,True,False
12.0,12.841356281502247,11.063317676820539,14.473317386734777,1.3790599860859312,1.3161347233042475,53184,520,True,False,True,True,False,True,False
12.0,12.221074112118185,10.518823843358023,14.173824013484458,1.3581567171630897,1.296397912553029,52258,520,True,False,True,True,False,True,False
12.0,9.85085217607638,8.074177511835156,11.862533053663798,1.2808323484063362,1.2233724061804019,52495,520,True,False,True,True,True,True,False
12.0,12.10913665425627,10.267521423998838,13.949721784004739,1.3544360449668151,1.2941397312366403,53478,520,True,False,True,True,True,True,False
12.0,12.109126658225083,9.91541251321423,13.939690670183163,1.3544240785867876,1.2821138755205796,52309,520,True,False,True,True,True,True,False
12.0,13.378742939100036,11.201571817370967,15.21110519622926,1.3974270292620696,1.32107228052385,53732,520,True,False,True,True,True,True,False
12.0,12.154661836202745,10.1246074094696,14.062994884961867,1.3559651895536708,1.2862925187247212,54057,520,True,False,True,True,True,True,False
12.0,14.007514809277632,12.249902545283012,15.937396605467681,1.4191450933366356,1.3563274598172068,53864,520,True,False,True,True,True,True,False
12.0,10.35909282757062,8.220720836696499,12.083526818808593,1.2969874759813929,1.2303869607968367,53552,520,True,False,True,True,True,True,False
12.0,12.667182353528295,10.561267810192538,14.334496270102486,1.373208028034406,1.303371204340646,53872,520,True,False,True,True,True,True,False
12.0,11.638577147258644,9.875097022449316,13.544263734376132,1.3387712708002362,1.2800378620668627,54086,520,True,False,True,True,False,True,False
12.0,12.028435437810476,10.124367886954193,13.95481195047851,1.3517380420548293,1.2832577182469067,53042,520,True,False,True,True,True,True,False
12.0,11.408386396628966,9.396066159157222,13.357266279097692,1.3311365779332853,1.2635558945159737,54603,520,True,False,True,True,False,True,False
12.0,11.043860179310172,9.209143637787411,12.90830264015838,1.3192462151466324,1.2571641083495686,53158,520,True,False,True,True,True,True,False
12.0,11.259658458157363,9.415139123005037,13.630318434703252,1.326343477324299,1.2695684254322352,52518,520,True,False,True,True,True,True,False
12.0,10.913866050390435,9.077752283746891,12.786327242249707,1.3150829302867035,1.2582196545377013,52085,520,True,False,True,True,True,True,False
12.0,11.845666207977978,9.866855002398543,13.7543923137856,1.3456619837255797,1.2785045836432498,52836,520,True,False,True,True,True,True,False
12.0,11.142291635355539,8.988172130304037,12.873070829441343,1.3225736828095345,1.2493872739286644,51354,520,True,False,True,True,True,True,False
12.0,11.450490953005188,9.496463181808476,13.484922302225307,1.332569292701796,1.268926829669528,53593,520,True,False,True,True,True,True,False
12.0,13.55186146259454,11.679139627941034,15.6007271943331,1.40360170191029,1.3377407446753329,55365,520,True,False,True,True,True,True,False
12.0,12.100353365395138,9.890073073030619,14.027781765813428,1.3541315944655463,1.282751302465333,51974,520,True,False,True,True,True,True,False
12.0,12.662102363604843,10.470052729139306,14.697271612662403,1.3729234099963312,1.3001638594926404,51798,520,True,False,True,True,False,True,False
12.0,9.949738641344869,7.9253241804647265,11.921461763018371,1.283874012427316,1.2192391772027622,53365,520,True,False,True,True,True,True,False
12.0,11.456310804063646,9.438819061244757,13.35014347274364,1.332820365686945,1.2687487355656029,52047,520,True,False,True,True,True,True,False
12.0,12.80027427311688,11.012131882148884,14.546918314005671,1.3777145097403365,1.3161503081195642,53867,520,True,False,True,True,False,True,False
12.0,9.579491943450947,7.646758382417124,11.725057332274586,1.2722356617438637,1.211522030276108,52376,520,True,False,True,True,True,True,False
12.0,11.245668700825995,9.403372014676727,13.032907487513048,1.3258857599266243,1.2652689374576833,52533,520,True,False,True,True,True,True,False
12.0,12.581234137065378,10.707493095663375,14.520340607448286,1.370344163669384,1.3072861044732729,54757,520,True,False,True,True,True,True,False
12.0,11.786351330164635,9.601768662604007,13.676347759103221,1.343652700168022,1.2697959676238222,55481,520,True,False,True,True,True,True,False
12.0,11.376261444412405,9.268047785096119,13.209015285106009,1.3301855540835625,1.2614662180961835,52221,520,True,False,True,True,True,True,False
12.0,10.39277758203091,8.537683844155966,12.232741644932112,1.2983013199552262,1.2378781716230578,51349,520,True,False,True,True,True,True,False
12.0,13.645734085152217,11.937086348363227,15.746238284629325,1.406847229851181,1.3439466192958214,55359,520,True,False,True,True,False,True,False
12.0,10.660984030433946,8.74421908983102,12.341153861532973,1.3066900543554372,1.2451510849255232,54228,520,True,False,True,True,True,True,False
12.0,12.70028329294397,10.826218897627655,14.377859741512488,1.3743590220364312,1.3093240068366703,54394,520,True,False,True,True,False,True,False
12.0,10.702229655107487,8.72527466718205,12.734561813622022,1.3081448919743344,1.244345282948975,52909,520,True,False,True,True,True,True,False
12.0,11.732515358875212,9.809510255309602,13.672699115358428,1.3418999820468502,1.2778653718702073,53420,520,True,False,True,True,True,True,False
20.0,19.19434906530988,17.52389017993344,20.86914097390097,1.5558045089019505,1.4916362716660176,62847,520,True,True,True,True,False,True,False
20.0,20.68287386374395,18.995362425179845,22.3689550245038,1.6094784845858616,1.543631063992261,63036,520,True,True,True,True,True,True,True
20.0,21.228454584535868,19.31865749924619,23.39114960809134,1.6295019165989129,1.5550436407093922,62786,520,True,True,True,True,True,True,True
20.0,19.907721366343917,18.23041387375082,21.682954887618237,1.58134219791118,1.517701655402629,61167,520,True,True,True,True,False,True,False
20.0,19.08263340024112,17.616985782441994,20.84839331235206,1.5518509485887992,1.49169710931633,62726,520,True,True,True,True,True,True,True
20.0,19.861854137011854,18.06230749271033,21.68722880010817,1.579702901487529,1.5108876806460727,61126,520,True,True,True,True,True,True,True
20.0,21.51759828161171,19.71215855705323,23.54464650678099,1.640306212216635,1.5653029356788983,63287,520,True,True,True,True,True,True,True
20.0,20.885937330024856,19.103263491802913,22.466680228267823,1.6169860333111434,1.5448248776372167,63692,520,True,True,True,True,True,True,True
20.0,19.75074970074307,17.930200634690266,21.596246206358003,1.5756758999457796,1.5071026033394084,63001,520,True,True,True,True,True,True,True
20.0,17.723223389978273,16.353663042468824,19.52913926443245,1.5046271697593465,1.4531814870473578,61248,520,True,True,True,True,True,True,True
20.0,20.94512410800164,19.218596837914365,22.577763923029703,1.6192295721260037,1.5479071457158526,64282,520,True,True,True,True,True,True,True
20.0,20.1749640961033,18.547692381566673,21.842627868525415,1.5909665709418574,1.5287855643620354,62071,520,True,True,True,True,False,True,False
20.0,20.71598247625338,18.984155434003778,22.641955273751584,1.6105893022910327,1.539520497220452,61806,520,True,True,True,True,True,True,True
20.0,20.70626802600866,18.98796176619116,22.337729904119975,1.6103747124541283,1.5448391653295293,63578,520,True,True,True,True,True,True,True
20.0,18.92175363728783,17.24054604179839,20.675815249277857,1.5461147198669034,1.4837497295547604,63096,520,True,True,True,True,True,True,True
20.0,20.305976558503513,18.508687567251382,22.28781947931982,1.5956576602051438,1.5252173906698199,60744,520,True,True,True,True,False,True,False
20.0,20.40870959753044,18.664700752573808,21.91908808071597,1.5994432935089002,1.5304964734488384,62427,520,True,True,True,True,False,True,False
20.0,19.16962476710336,17.681406645113253,20.787751484621236,1.5550071915824952,1.4967046644191548,61861,520,True,True,True,True,True,True,True
20.0,20.140601310661506,18.65380326634423,21.634839092617632,1.589736619823621,1.5330678432356764,63014,520,True,True,True,True,False,True,False
20.0,18.393829317739,16.55471487630933,20.10404217212009,1.5278278127911975,1.4604987544395656,61281,520,True,True,True,True,True,True,True
20.0,20.722870366151692,18.98758320018537,22.462025053047615,1.611060831375103,1.5462850515648137,64479,520,True,True,True,True,True,True,True
20.0,19.347082922725384,17.661367924145768,21.22452602410386,1.561264772188456,1.501183634523116,62472,520,True,True,True,True,True,True,True
20.0,21.167455147794715,19.43684717802306,22.933909291472894,1.626950367945395,1.5602855508264344,60601,520,True,True,True,True,True,True,True
20.0,18.573509118242328,16.73589026441041,20.34313417007696,1.5338504681467504,1.4688835096552564,63045,520,True,True,True,True,True,True,True
20.0,22.133746428259943,20.350899312513917,23.980262898736353,1.6636591620902004,1.5881289326584476,64409,520,True,True,True,True,False,True,False
20.0,18.96423965805443,17.044336285405233,20.827594612233074,1.5476756154446734,1.4765658044714007,62545,520,True,True,True,True,True,True,True
20.0,20.250971636229526,18.147020834917978,22.248386317600474,1.5936761142673723,1.5174525515477901,60785,520,True,True,True,True,True,True,True
20.0,20.58836836943923,18.752233153046923,22.583081186995773,1.6060189479125677,1.5373332263346484,63018,520,True,True,True,True,True,True,True
20.0,18.282928901201362,16.67449803074099,20.40185378243562,1.5240218287389855,1.4611606434064734,60965,520,True,True,True,True,True,True,True
20.0,17.39538449269668,15.849618899068897,19.27012943473926,1.4936897864783172,1.4412736113154012,59976,520,True,False,True,True,True,True,False
20.0,21.325079909102552,19.48864048655423,23.159382856873638,1.6329690073353678,1.562955378556578,62089,520,True,True,True,True,False,True,False
20.0,20.370327072410127,18.614120603163695,21.97593806737089,1.598074184470519,1.5301814596917955,63022,520,True,True,True,True,True,True,True
20.0,20.570878006474004,18.948894479864403,22.202869082447375,1.6053146324347498,1.5409664686755042,61985,520,True,True,True,True,False,True,False
20.0,19.873389141816745,18.022476023037136,21.753091193100495,1.5801033786237781,1.5108825628103795,61878,520,True,True,True,True,True,True,True
20.0,20.87340885336799,18.955673972158433,22.51785419580234,1.6164588813773115,1.5460775084376484,63052,520,True,True,True,True,False,True,False
20.0,21.498737243891142,19.830511309017545,23.099838815724958,1.6393605835618417,1.5705952618109602,61938,520,True,True,True,True,True,True,True
20.0,18.909349594692227,17.015090214932627,20.536144915193596,1.5459393006305948,1.4731561384552052,60746,520,True,True,True,True,True,True,True
20.0,19.725001937552328,18.025069618572342,21.305465264502427,1.5747606986085696,1.5099464845890762,62669,520,True,True,True,True,True,True,True
20.0,21.556038919315007,19.856215365079386,23.068075888033803,1.6421333686646462,1.5780108930839858,65408,520,True,True,True,True,False,True,False
20.0,21.74808148935038,20.020176238179708,23.47163264145867,1.6489919110810838,1.5782474949087986,63732,520,True,True,True,True,True,True,True
20.0,18.603188252229398,16.637867037247464,20.490490984983936,1.5351085156822446,1.4632497017617947,61497,520,True,True,True,True,True,True,True
20.0,20.21499316221783,18.47239507748554,22.04156820960068,1.592425487714658,1.5220853239951124,62638,520,True,True,True,True,False,True,False
20.0,21.008030551780095,19.358275509710463,22.734372290044263,1.6212205708316996,1.548594944091819,61411,520,True,True,True,True,True,True,True
20.0,19.18241354701589,17.45037418744799,20.889685491047082,1.5552994590461033,1.489931040037031,63823,520,True,True,True,True,True,True,True
20.0,21.14666228478098,19.206380938981997,22.897828743975648,1.6267013460324071,1.5510950280350182,64359,520,True,True,True,True,True,True,True
20.0,20.003578092765444,18.046588942843105,21.73692071531594,1.584783436733407,1.5119671072386733,63643,520,True,True,True,True,True,True,True
20.0,18.004256850141992,16.293002814735747,19.866272455966776,1.5142564248974908,1.4532815123114136,61561,520,True,True,True,True,True,True,True
20.0,19.477089940198955,17.503119751219927,21.22118544821002,1.5659702054201599,1.4927238426612615,61111,520,True,True,True,True,False,True,False
20.0,20.445940999210354,18.700376963915797,22.207530209083018,1.600755253212166,1.5329698351441252,61659,520,True,True,True,True,True,True,True
20.0,20.793789790370848,19.064606952650976,22.588823883901824,1.6134826186114273,1.546422747726721,62440,520,True,True,True,True,True,True,True
20.0,18.39270946049929,16.5133828309132,20.166420713551794,1.5276811037102012,1.4608390722936997,61970,520,True,True,True,True,True,True,True
20.0,19.418571368246244,17.647905584434344,20.966386765321015,1.5637653993353398,1.4985740110472971,63247,520,True,True,True,True,True,True,True
20.0,19.03684373680146,17.258334932258283,21.039893156577932,1.5503446820720919,1.4833996645842562,61535,520,True,True,True,True,True,True,True
20.0,20.12563964127118,18.47100955783777,21.606768312009077,1.5891826545735601,1.524219691436762,62036,520,True,True,True,True,True,True,True
20.0,21.212081626461238,19.550712910594882,22.81949235841821,1.6290425407440716,1.5642731042489417,63788,520,True,True,True,True,True,True,True
20.0,18.76259409989042,16.890743429582574,20.39589638564266,1.540560346802331,1.469377060301096,62595,520,True,True,True,True,True,True,True
20.0,18.43612725790043,16.62124900791671,20.247529721062445,1.5294963666090264,1.463673447794038,60015,520,True,True,True,True,True,True,True
20.0,21.18133983178764,19.255496834072776,22.83991165145409,1.6274966200861474,1.5541464877753044,60872,520,True,True,True,True,True,True,True
20.0,20.193906643337556,18.48285847163925,22.047247738286774,1.5916603299061731,1.5257342466008823,62674,520,True,True,True,True,False,True,False
20.0,19.021587356467045,17.177167077987797,20.735370143117603,1.5499125230881714,1.4802941182782556,60480,520,True,True,True,True,True,True,True
20.0,19.546714125945545,17.65738172407605,21.276250117852232,1.5683580488896258,1.4955560969867123,63063,520,True,True,True,True,True,True,True
20.0,20.87909199683989,19.006215438862462,22.749729225276795,1.6166025375791155,1.5400886537442693,62401,520,True,True,True,True,False,True,False
20.0,22.47904113320201,20.834682335100773,24.29113276267477,1.6761176464194105,1.6093946063964089,62419,520,True,True,True,True,False,True,False
20.0,19.322367094797244,17.606566547380954,21.345960385462615,1.5604560724021241,1.4946600879927094,61418,520,True,True,True,True,True,True,True
20.0,19.024968896730893,17.25214634970706,21.021276544639374,1.550095921546991,1.4871917119750766,59843,520,True,True,True,True,True,True,True
20.0,20.648033293734663,18.90161578573353,22.301667784088927,1.6081648009001068,1.535884516298963,62554,520,True,True,True,True,True,True,True
20.0,19.792788382046805,18.045752847414228,21.630545960357125,1.5771720814444525,1.5101144474791455,63571,520,True,True,True,True,True,True,True
20.0,19.160796799020254,17.489324057488165,20.641064447073763,1.554820839783324,1.486710602839571,60424,520,True,True,True,True,True,True,True
20.0,19.80004606074023,18.16095530172245,21.69127482702565,1.577459470095019,1.50978931418324,62420,520,True,True,True,True,True,True,True
20.0,18.816316842190865,16.951686136075768,20.494258142505977,1.542522871568648,1.472842487958854,61995,520,True,True,True,True,True,True,True
20.0,19.515761872378935,17.819693149594976,21.233162655932862,1.5673039530653017,1.5007325892621441,61947,520,True,True,True,True,True,True,True
20.0,18.4285082143407,16.5891577498386,19.936825245725913,1.5291035931750234,1.4617755554659393,60856,520,True,True,True,True,True,True,True
20.0,20.605804473490846,18.825994273855315,22.4549604696173,1.6066829689422941,1.5350943425628258,63376,520,True,True,True,True,True,True,True
20.0,19.247792230115213,17.805456416274698,20.997293963314714,1.5577316837692134,1.5024297665823703,62467,520,True,True,True,True,True,True,True
20.0,19.507493744920772,17.8641641494583,21.343302224707422,1.5669509680211333,1.504325846118973,63111,520,True,True,True,True,True,True,True
20.0,20.07983633900136,18.296212376132104,21.97786725967535,1.5875199031577603,1.5160954034444303,61106,520,True,True,True,True,True,True,True
20.0,21.504579834171267,19.828801144414903,23.197758939199,1.6397013256101243,1.5662915540810194,62616,520,True,True,True,True,False,True,False
20.0,19.95806303426686,18.09724506323162,21.71435001311124,1.5831518186541784,1.5132024354362925,60750,520,True,True,True,True,False,True,False
20.0,20.255771186276505,18.651901683933616,22.05260501075158,1.5938535329809274,1.5297960940380833,60900,520,True,True,True,True,True,True,True
20.0,21.935807251818034,20.43334581473816,23.84214737242981,1.6563402372929545,1.5910670851983448,65027,520,True,True,True,True,False,True,False
20.0,20.686064492396707,18.8028999703603,22.467383845757883,1.609647209646208,1.5299358706562127,63746,520,True,True,True,True,False,True,False
20.0,21.318490082014378,19.44313694187957,23.097765798310732,1.6331390394665553,1.5491098189932075,64731,520,True,True,True,True,True,True,True
20.0,19.654087422769933,17.864623185838955,21.443639055233437,1.5722314053884956,1.4971278419887744,62336,520,True,True,True,True,True,True,True
20.0,21.92094210579125,20.101764879196452,23.775669029731375,1.6556758953721662,1.5855271922427818,64571,520,True,True,True,True,False,True,False
20.0,21.43842186096346,19.81337310297419,22.966068029916656,1.6374708933234872,1.5690238185554275,63903,520,True,True,True,True,True,True,True
20.0,18.99740980676212,17.480552607773113,20.79715275848244,1.548854762058546,1.489702678645232,62524,520,True,True,True,True,True,True,True
20.0,19.903878497054954,18.143367932633293,22.02555581252944,1.5811656915725982,1.5098779179219102,65113,520,True,True,True,True,True,True,True
20.0,19.9546644433774,18.411967740189137,21.79102392134942,1.5830163773290724,1.5179595904436702,63281,520,True,True,True,True,True,True,True
20.0,19.191236235527892,17.37798918850776,20.992272001345686,1.5557434734340367,1.4843812822295983,62239,520,True,True,True,True,True,True,True
20.0,18.70973235984166,16.907145650594263,20.31006584482466,1.5386319471235586,1.4718706737791227,63119,520,True,True,True,True,True,True,True
20.0,21.312989668170346,19.73816341832306,22.92567781179096,1.6327852940295482,1.5667637500884102,63790,520,True,True,True,True,False,True,False
20.0,20.099080683043397,18.161147104702156,21.95447600472677,1.58822797341235,1.516493700408722,62470,520,True,True,True,True,True,True,True
20.0,19.239376916543627,17.599771123074763,20.834688429605908,1.5573972363900146,1.493082336140373,62904,520,True,True,True,True,False,True,False
20.0,20.297215507678267,18.35565618166688,21.800356770725195,1.5954187497392194,1.5179781711384535,63144,520,True,True,True,True,True,True,True
20.0,18.279273645589246,16.628517507743688,20.060094301108215,1.523696396031222,1.4613822894008113,62161,520,True,True,True,True,True,True,True
20.0,20.068945565883055,18.455243466016398,21.631889417921307,1.5871363764004058,1.524878216843665,62164,520,True,True,True,True,True,True,True
20.0,19.3379827924412,17.68483011310216,21.22099529029647,1.5609763856279533,1.4922882326907427,61924,520,True,True,True,True,True,True,True
20.0,19.204296260775433,17.613535191375764,20.973347183832985,1.5562231291702706,1.4886591462125736,62026,520,True,True,True,True,True,True,True
20.0,18.649337810951906,16.89012231302796,20.23907234642088,1.5360144048761735,1.4684007811207154,66788,520,True,True,True,True,True,True,True
20.0,20.496540732854257,18.803980914540745,22.349320936458373,1.6025999439095069,1.5357202441092608,61731,520,True,True,True,True,True,True,True
