est,lo,hi,L1,L2,L2a,L2b,L3,n_eff,n,delta
-0.002017320329161798,-0.28459596411258226,0.32295423329581746,False,False,False,False,True,7280,36495,0.0
0.0862302802787096,-0.18662112797176084,0.44628034927637955,True,False,False,False,True,6801,37808,0.0
-0.04978520418263965,-0.3815408633926162,0.36328069618024433,False,False,False,False,True,6533,38789,0.0
0.0366643004276801,-0.3103228246131337,0.4878471032863936,True,False,False,False,True,6823,37645,0.0
-0.10722261213551576,-0.45445977190758796,0.22723928547632166,False,False,False,False,True,6559,37682,0.0
-0.0335757506528811,-0.37762658132410143,0.28742241247061545,False,False,False,False,True,6085,38958,0.0
-0.10689801446577274,-0.44455126998746763,0.2251796697918291,True,False,False,False,True,6061,40791,0.0
-0.10349550394201934,-0.4337470098334681,0.23405428884273669,False,False,False,False,True,6414,38701,0.0
0.03917506155273198,-0.2600406533388108,0.33258717653036796,False,False,False,False,True,6740,37058,0.0
-0.07853508359344508,-0.4176319692347408,0.21716977075021587,False,False,False,False,True,7371,39128,0.0
0.04895181125411652,-0.2115585338107845,0.3154634111552341,True,False,False,False,True,7519,37436,0.0
-0.1248664595245419,-0.4708637868979035,0.18597283686722818,False,False,False,False,True,6308,39812,0.0
-0.06760173233705258,-0.37205207394782003,0.25428892022367533,False,False,False,False,True,6520,37462,0.0
0.1974680023075326,-0.10051557275232437,0.5314294478946824,True,False,False,False,True,6844,39418,0.0
-0.15776675750279745,-0.49387472301818086,0.17932829203866174,False,False,False,False,True,6806,38908,0.0
-0.10260555618766265,-0.4745078390738258,0.205405434173232,False,False,False,False,True,6463,37669,0.0
0.008590105127437297,-0.2871401107809332,0.3036104648255263,True,False,False,False,True,7342,37366,0.0
-0.15088118312115428,-0.49220325739380427,0.19149215975384049,False,False,False,False,True,6832,38912,0.0
-0.1219779050149139,-0.436161369662946,0.1598387312724604,False,False,False,False,True,7109,38343,0.0
-0.30777761518322455,-0.6498722961989641,0.08632762793473583,False,False,False,False,True,6639,37823,0.0
0.19764232537287096,-0.11999785206847578,0.495921050659184,True,False,False,False,True,6327,37583,0.0
-0.019225968324798615,-0.3758063289702551,0.25575968905149593,True,False,False,False,True,6988,39716,0.0
0.00037694942824906263,-0.32945410920192125,0.3708045400895294,False,False,False,False,True,6936,37895,0.0
-0.05869885753932991,-0.36017844696587975,0.25785348139500697,False,False,False,False,True,6889,39340,0.0
-0.012934688286403428,-0.3485041910772346,0.3102522192504437,False,False,False,False,True,6977,37920,0.0
-0.08470406237230943,-0.4577494105711005,0.17064434323816285,False,False,False,False,True,6727,38975,0.0
0.0235830529159764,-0.3692733552374411,0.34056885001363013,False,False,False,False,True,6105,39482,0.0
-0.11762668196835246,-0.5104256191613612,0.1760367095830801,False,False,False,False,True,6931,37210,0.0
0.09861314175938496,-0.24428338950519657,0.44106822849672883,True,False,False,False,True,6924,37021,0.0
-0.005734291745218556,-0.37583624325149306,0.40293144745111753,False,False,False,False,True,6900,38516,0.0
-0.09199567194267955,-0.4046767237503354,0.23208267671535276,False,False,False,False,True,7151,37910,0.0
-0.14000384056891413,-0.47566876897041727,0.17322505674190694,False,False,False,False,True,6532,38595,0.0
-0.034104984964089535,-0.38952791277470616,0.3104978828234541,False,False,False,False,True,6616,37070,0.0
-0.03776641610929721,-0.3962269060160242,0.27653485266928074,False,False,False,False,True,6091,40158,0.0
-0.08591525878480777,-0.4297879746428257,0.23593156450574043,False,False,False,False,True,7104,39478,0.0
-0.037557709137292505,-0.3267915434646762,0.33488059018892086,False,False,False,False,True,6909,38151,0.0
-0.060587429136704785,-0.38954493273682333,0.2927433397547238,False,False,False,False,True,6525,38383,0.0
0.01002806171892523,-0.27441732324507084,0.2964112768982841,False,False,False,False,True,6862,39363,0.0
-0.10616115094357337,-0.41025505953060065,0.2131861089814705,False,False,False,False,True,6805,39393,0.0
-0.09668397044930721,-0.4371640441370306,0.2303638170739765,False,False,False,False,True,6898,38197,0.0
0.022512818788777977,-0.3013044935987641,0.3153217574178924,False,False,False,False,True,6667,37544,0.0
0.052125216491449855,-0.3493136361521243,0.384964119002439,False,False,False,False,True,6487,38566,0.0
-0.036961101121568696,-0.3464014071958671,0.26842602689200357,False,False,False,False,True,7424,38576,0.0
-0.11810370291530647,-0.5268620463035745,0.22495332089596817,False,False,False,False,True,6339,39654,0.0
-0.1786511835640825,-0.5713822905605178,0.1406153412101204,False,False,False,False,True,6933,38074,0.0
0.0013128236344917,-0.29595700781835044,0.2986617693862492,True,False,False,False,True,6204,37295,0.0
-0.04889056509095324,-0.46110154498869377,0.24937982610483245,False,False,False,False,True,7167,38404,0.0
0.03591772487135936,-0.22742282756941679,0.3333075895525473,True,False,False,False,True,6458,38554,0.0
-0.041877601366602235,-0.382160976757403,0.2907414074220825,False,False,False,False,True,6849,38528,0.0
-0.11835573587040127,-0.4714558080467923,0.18354986369270276,False,False,False,False,True,6271,39043,0.0
0.04331693374270973,-0.2420165568372054,0.31988625532767,False,False,False,False,True,6294,37189,0.0
-0.10352641008597452,-0.4832885075636989,0.25075036514929894,False,False,False,False,True,6405,39010,0.0
-0.03393705743430786,-0.38250068726190106,0.30877680190609835,False,False,False,False,True,7158,38075,0.0
0.041613133616524856,-0.27263674434500673,0.3217662136902994,True,False,False,False,True,7092,38711,0.0
-0.1137722908305161,-0.4370492776632784,0.20451871147978534,False,False,False,False,True,6245,37547,0.0
0.15854586596173448,-0.18327703656213973,0.5167787682189482,True,False,False,False,True,6849,37187,0.0
-0.11374420472977098,-0.407322293837844,0.18934464751483862,False,False,False,False,True,6313,36882,0.0
0.021089251615935556,-0.3255469845657677,0.3271827576518278,False,False,False,False,True,7108,38140,0.0
0.027025492700838427,-0.33624359387709024,0.31457238419853617,False,False,False,False,True,7129,38773,0.0
-0.08097108588398516,-0.454250973536488,0.2631833409811381,False,False,False,False,True,6954,37883,0.0
0.06295161724807485,-0.25662073124255974,0.38716251371408833,True,False,False,False,True,7024,38222,0.0
-0.09183394742884321,-0.44126825198618796,0.2747932277691074,False,False,False,False,True,6583,38106,0.0
0.05277525559169716,-0.24537129297459406,0.36146923159845973,True,False,False,False,True,6707,40070,0.0
0.1050331176406405,-0.2461868053051286,0.40937221348867936,True,False,False,False,True,6450,39000,0.0
0.045691171415152,-0.27259380729915905,0.35228737172664676,False,False,False,False,True,7246,37436,0.0
0.01747248971692983,-0.2978941891804801,0.3407183416761495,False,False,False,False,True,6453,38649,0.0
0.07307946464234494,-0.23935028532920732,0.4019327920460515,True,False,False,False,True,7252,38207,0.0
0.03632003705322795,-0.29556969582896914,0.3725132137359044,False,False,False,False,True,5922,39134,0.0
0.02838815391004168,-0.2605271562349559,0.3961368257838536,False,False,False,False,True,6440,38219,0.0
-0.06217919833794161,-0.3947192901048771,0.25271006554697,False,False,False,False,True,6579,37680,0.0
-0.09850692389667959,-0.4430626402296639,0.26042907201464877,False,False,False,False,True,6175,38633,0.0
-0.10511286490139105,-0.3970472868474245,0.17298433821546283,False,False,False,False,True,6167,38482,0.0
-0.2131220556771507,-0.5431772800283204,0.08592200657354557,False,False,False,False,True,6380,38495,0.0
-0.1097331959693193,-0.4232673197072412,0.16986376229187874,True,False,False,False,True,6494,39601,0.0
-0.06436546927837128,-0.41172492713214576,0.2802726470463629,False,False,False,False,True,6372,38771,0.0
-0.13698451689740931,-0.5088208318910331,0.19673470453119354,False,False,False,False,True,6963,38301,0.0
-0.2080232835372342,-0.537888637442678,0.08694267168448455,False,False,False,False,True,7059,37236,0.0
0.023997906590345064,-0.263603579353541,0.42079993799147075,False,False,False,False,True,6478,37944,0.0
0.06666159022248319,-0.22110952248702936,0.36378190435261976,False,False,False,False,True,6931,38965,0.0
-0.11132971537671787,-0.4214023979160317,0.13907295640302633,False,False,False,False,True,7210,38648,0.0
0.11120388889969135,-0.24570453178477558,0.41369346905927323,True,False,False,False,True,7013,37513,0.0
0.00795467144127926,-0.40670448607295295,0.31538503064412204,False,False,False,False,True,6968,39636,0.0
0.01365650874360913,-0.32095901476883376,0.2937879248804477,False,False,False,False,True,7124,37699,0.0
-0.1149771363029739,-0.5289710276799666,0.19729793552799924,True,False,False,False,True,6650,39072,0.0
0.029276466800776113,-0.245520700844096,0.34383239432574214,False,False,False,False,True,7180,36624,0.0
0.021870171960292062,-0.32966908136772416,0.36570131087846514,True,False,False,False,True,6149,39311,0.0
0.06525125546030797,-0.2687813805774017,0.39344648625005646,False,False,False,False,True,6984,39317,0.0
-0.011279795262453263,-0.32554081612841346,0.29645245215704724,False,False,False,False,True,7451,37771,0.0
0.04129016540952435,-0.2851049174127354,0.40836386024685206,False,False,False,False,True,6863,39263,0.0
-0.1786511835640825,-0.5445126938236222,0.10944291828310364,False,False,False,False,True,6146,39396,0.0
0.012165884425274776,-0.28278489841207066,0.44184682755560367,False,False,False,False,True,7019,39394,0.0
0.08913956616659613,-0.2218899160686444,0.3761592646662188,True,False,False,False,True,7102,37860,0.0
0.06121449165779058,-0.2140037140309592,0.34149380034396337,True,False,False,False,True,6257,37577,0.0
0.017377834070786413,-0.28653480391554187,0.3263902652270801,True,False,False,False,True,6211,37210,0.0
-0.09585822650630682,-0.46027625279866174,0.27672476642143345,False,False,False,False,True,6778,39524,0.0
0.17161151345870262,-0.1652368943434998,0.5708891817611096,False,False,False,False,True,5982,39155,0.0
-0.1786511835640825,-0.5393378675484795,0.19957500918201707,False,False,False,False,True,6931,38203,0.0
-0.2095306302043909,-0.5323981735439378,0.14253386106085567,False,False,False,False,True,6650,38068,0.0
-0.08431156092256753,-0.4432738671710962,0.27315382443122826,True,False,False,False,True,6358,39077,0.0
0.04161313361654706,-0.3294066794142181,0.4826901554163515,False,False,False,False,True,5729,39977,0.0
-0.09355219085827038,-0.4093045561221053,0.2501895455024134,False,False,False,False,True,6853,38333,0.0
0.06855266756667922,-0.2686488836751133,0.4505128258084196,False,False,False,False,True,6775,39108,0.0
-0.04458295475856522,-0.38598612789118997,0.23883875974722252,False,False,False,False,True,6466,38622,0.0
-0.1786511835640825,-0.48509016285221085,0.10034579708825156,False,False,False,False,True,6904,39314,0.0
0.07146217340271432,-0.308536013367359,0.4208351050087467,True,False,False,False,True,6877,38596,0.0
0.07859858257248664,-0.2413070611185139,0.3569639045584006,True,False,False,False,True,5995,37431,0.0
0.007548041723648424,-0.3058737066918582,0.2880592831118084,False,False,False,False,True,7684,38070,0.0
-0.1378265237695797,-0.46101990088578515,0.15517377107271543,False,False,False,False,True,6441,38998,0.0
-0.12737566477492024,-0.434244826355365,0.26660187395459894,False,False,False,False,True,6139,38908,0.0
-0.0720792475072507,-0.4382763883242116,0.23528854695507823,False,False,False,False,True,6138,38825,0.0
-0.1882303451516687,-0.5210806440645355,0.2404516435760007,False,False,False,False,True,5990,39522,0.0
-0.1000350278076767,-0.4444923185834268,0.20676854109955853,False,False,False,False,True,7165,37912,0.0
0.06866016561397625,-0.22305726426433414,0.42144972878690024,True,False,False,False,True,6121,38868,0.0
-0.011334943038576739,-0.33407355577513037,0.3537803546073704,False,False,False,False,True,6651,38988,0.0
-0.00777358223260638,-0.32348772931357933,0.3532764414156892,False,False,False,False,True,6777,38074,0.0
-0.10742578714453277,-0.48869926218468,0.30089468016152204,True,False,False,False,True,6720,38904,0.0
0.07481894317098448,-0.2905687969959547,0.3583905859532761,False,False,False,False,True,6704,38011,0.0
0.11633406717337369,-0.22731257911413838,0.4426528400724567,True,False,False,False,True,6881,39029,0.0
0.04978970735538546,-0.29092848853510406,0.37168243017737096,False,False,False,False,True,6960,38043,0.0
-0.09138462072066922,-0.3970515509511091,0.2419926139460471,False,False,False,False,True,6807,38032,0.0
0.1213488164359175,-0.19091368114359433,0.4089878255698224,False,False,False,False,True,6582,37727,0.3
0.16480195298499395,-0.15589557492518336,0.4736971232285668,True,False,False,False,True,5764,39910,0.3
0.22469468050534375,-0.10426023042376883,0.5753042637336901,True,False,False,False,True,6696,38208,0.3
0.25024594794775784,-0.10892931832750362,0.5862828767165201,True,False,False,False,True,6291,37814,0.3
0.20178693119965424,-0.12031092275055277,0.5203751512866788,True,False,False,False,True,7379,37814,0.3
0.470666060005309,0.1817108750326466,0.7463420225067284,True,False,False,True,True,7308,36935,0.3
0.1088033390805207,-0.2171128954678117,0.43200061530073924,True,False,False,False,True,6861,39707,0.3
0.2958942477166768,-0.0761425281509198,0.6743906044247601,True,False,False,False,True,6436,38724,0.3
0.2971318119654562,0.028733177635846836,0.5537139987143525,True,False,False,True,True,6872,38180,0.3
0.19964081536910622,-0.23349508618128983,0.488653201183512,True,False,False,False,True,6900,39006,0.3
0.38456968267185343,0.06265067110165223,0.6878443877313738,True,False,False,True,True,6555,38657,0.3
0.16899188577060825,-0.12198986315931663,0.44684120471986544,True,False,False,False,True,6466,37935,0.3
0.46762379874064597,0.16717415932966356,0.8416013141667661,True,False,False,True,True,6961,38748,0.3
0.1213488164359175,-0.2292455503682686,0.4427931045141945,True,False,False,False,True,6564,38833,0.3
0.20316848588445263,-0.12508458198636802,0.4803871705288757,True,False,False,False,True,6469,39015,0.3
0.2853286458861401,-0.09035607037588765,0.643130824855894,True,False,False,False,True,6837,39070,0.3
0.1592188215134513,-0.2209412795366153,0.5394730526859103,True,False,False,False,True,6743,38140,0.3
0.2526973529981322,-0.09347822537603717,0.5770038936531262,True,False,False,False,True,5991,37356,0.3
0.3000424310890423,-0.061470972268585486,0.6081775257885862,True,False,False,False,True,6551,39890,0.3
0.07708144149124435,-0.2652588236706366,0.4000277141799308,False,False,False,False,True,6976,37833,0.3
0.22695207998376626,-0.0879132611153413,0.543098079656356,True,False,False,False,True,6639,39298,0.3
0.13780701261761868,-0.20646502316351512,0.4456995440187975,True,False,False,False,True,6129,39463,0.3
0.18044355296040732,-0.16551690290904975,0.4585388983831849,False,False,False,False,True,6594,37890,0.3
0.2335792135499279,-0.06706877568077416,0.6117545653129746,True,False,False,False,True,6994,37636,0.3
-0.01595095473113678,-0.35996649590513824,0.34460781362094184,False,False,False,False,True,6013,37547,0.3
0.4077581070825007,0.10139905841411057,0.7297128838201244,True,False,False,True,True,6553,39557,0.3
0.1213488164359175,-0.2199221013296454,0.39917129361683495,False,False,False,False,True,6652,39351,0.3
0.08197984480969839,-0.31924961384788675,0.35654353684540874,False,False,False,False,True,6090,37225,0.3
0.3662547725487795,0.006376676453571666,0.7183009273617678,True,False,False,True,True,7003,38821,0.3
0.2624422908627075,-0.043014870987282405,0.5532946995583413,True,False,False,False,True,6027,38971,0.3
0.27007402890050186,-0.06935469576112906,0.5540877484959004,True,False,False,False,True,7465,36403,0.3
0.4177329302474162,0.12191893703912465,0.7373572539574629,True,False,False,True,True,6427,39095,0.3
0.1213488164359175,-0.21305179143448372,0.48088267787336314,False,False,False,False,True,6190,39354,0.3
0.073059633212946,-0.28159755636091494,0.4055868946898126,False,False,False,False,True,6838,37773,0.3
0.21440849153894187,-0.06763047481412987,0.5130122510611589,True,False,False,False,True,7108,37010,0.3
0.32439471099222605,0.011260671909343064,0.6574195685061266,True,False,False,True,True,6552,39256,0.3
0.2116504238045211,-0.2228180101554722,0.5900327123000235,True,False,False,False,True,7000,37039,0.3
0.2201405230677242,-0.1139786357353581,0.579494969937817,True,False,False,False,True,6665,39702,0.3
0.22255684528545955,-0.07364759639435531,0.5708217525459629,True,False,False,False,True,6357,38382,0.3
0.19140895116578321,-0.14182281117129322,0.5553472438781908,True,False,False,False,True,6345,38016,0.3
0.327759000016836,0.04724414077852319,0.6163182184157989,False,False,False,True,True,6713,38388,0.3
0.22178112324783256,-0.10387989306561152,0.4769590283718331,False,False,False,False,True,6492,38924,0.3
0.27456642534915393,-0.009364665872881591,0.6083117339895214,True,False,False,False,True,6724,37230,0.3
0.15150783533930373,-0.20319636421825715,0.4696490477028237,False,False,False,False,True,6373,38826,0.3
0.5014918951223521,0.20485194062421413,0.8363331615834634,True,False,False,True,True,7183,36798,0.3
0.3991062917887753,0.08737306952736253,0.7826822261147042,True,False,False,True,True,6887,38584,0.3
0.25196540658541905,0.016291423557795174,0.5263966049927519,True,False,False,True,True,7616,36772,0.3
0.2711989662860789,-0.05508618035991841,0.6581349845746352,False,False,False,False,True,6496,38883,0.3
0.3061617719667173,0.004341010481048199,0.6205153116290156,True,False,False,True,True,6983,37628,0.3
0.23254278675902657,-0.10846277773269464,0.6157164996398344,True,False,False,False,True,6654,39980,0.3
0.2086291469895471,-0.1409874271118491,0.560713567774192,True,False,False,False,True,6922,37896,0.3
0.23447098838161845,-0.12695994759922752,0.5836051678486079,False,False,False,False,True,6830,38961,0.3
0.2870763603537105,-0.12278919819808748,0.6232638786490228,True,False,False,False,True,6061,38617,0.3
0.32043074428834667,-0.03579127409734817,0.6382501838030307,True,False,False,False,True,7250,38214,0.3
0.2171735939855532,-0.10588105753256194,0.5184519424064503,True,False,False,False,True,6797,38531,0.3
0.42741921262704463,0.07407743776338878,0.7981836363560079,True,False,False,True,True,6215,39047,0.3
0.16406560413347843,-0.1772712730666942,0.48455032736140313,True,False,False,False,True,6856,38491,0.3
0.08680635372657036,-0.22936505738227586,0.4179410779511998,False,False,False,False,True,6887,39206,0.3
0.2953034874549118,-0.01081526287180056,0.6393014039775788,True,False,False,False,True,7284,40124,0.3
0.29523161942669435,-0.031245249360850044,0.6125646598151921,True,False,False,False,True,6992,37291,0.3
0.46587939352463725,0.17361948472807337,0.8012333440963908,True,False,False,True,True,6454,38753,0.3
0.317283178424643,-0.0038246450784532007,0.6656671967811509,True,False,False,False,True,7175,37977,0.3
0.05732204109410416,-0.35186686040430515,0.36516126083922557,True,False,False,False,True,6490,38528,0.3
0.1213488164359175,-0.17982092928762045,0.42105667357380633,True,False,False,False,True,6014,38288,0.3
0.4358944255492434,0.058159886257394,0.8508845683369313,True,False,False,True,True,7157,38759,0.3
0.1213488164359175,-0.2953326141930365,0.4137069233728717,False,False,False,False,True,6631,39105,0.3
0.38125710339537133,0.01488503452189846,0.7127388693864234,True,False,False,True,True,6836,37538,0.3
0.20615746533882956,-0.133754655941474,0.5332518458372141,True,False,False,False,True,6345,39880,0.3
0.2476812923908553,-0.05974556208182408,0.6447013940782259,True,False,False,False,True,6291,38946,0.3
0.5387455479915702,0.20329721308439824,0.8499050594282984,True,False,False,True,True,7268,38730,0.3
0.3734193961982488,0.05080942787603265,0.6634691589212647,True,False,False,True,True,7370,38193,0.3
0.38646439500897833,0.08235539280747467,0.7523555570157703,True,False,False,True,True,6143,38404,0.3
0.2979826796708382,0.01705670705829832,0.6063574416762327,True,False,False,True,True,6921,38733,0.3
0.5331257904982787,0.19861761917690707,0.830061648182736,True,False,False,True,True,7291,36878,0.3
0.3297907132571718,0.041234829055586404,0.7102134423829479,True,False,False,True,True,7098,37447,0.3
0.352821792884461,0.04005114791614227,0.6597597289508847,True,False,False,True,True,6007,39149,0.3
0.07708144149124435,-0.2876376746864237,0.37350231896601094,False,False,False,False,True,7483,36293,0.3
0.18391398849012502,-0.2210894793296822,0.4951980036381979,True,False,False,False,True,6340,38879,0.3
0.15905135118335884,-0.21389612910201666,0.5574446444328517,True,False,False,False,True,6575,39144,0.3
0.43082657272218694,0.14933271711499635,0.7295420130125355,True,False,False,True,True,7077,37251,0.3
0.1213488164359175,-0.2850411322894106,0.47505580009858805,False,False,False,False,True,5541,38705,0.3
0.18292373145564172,-0.12463856737515293,0.5090245932858959,True,False,False,False,True,6761,38388,0.3
0.19298682463553235,-0.14392601784190995,0.5411720393417562,True,False,False,False,True,6994,37922,0.3
0.30195588726809025,-0.055488349373375434,0.6641888919469977,True,False,False,False,True,6594,38696,0.3
0.3775516211824146,0.09249675846842528,0.6683246961212517,True,False,False,True,True,6225,37347,0.3
0.4788251089226645,0.13755587084776874,0.8077327466064198,True,False,False,True,True,6737,37766,0.3
0.24518782572385794,-0.03230554201655492,0.5763475816931122,True,False,False,False,True,6962,36537,0.3
0.2526398448822961,-0.055859001683779545,0.5523055119953878,True,False,False,False,True,6951,36767,0.3
0.35502579679612656,0.020205094592822007,0.6821069846966892,True,False,False,True,True,6739,39084,0.3
0.18237331803164752,-0.21425279492113675,0.5004069245647313,False,False,False,False,True,6528,37768,0.3
0.2922078962134031,-0.0462769748856312,0.6001099388798401,True,False,False,False,True,7026,38066,0.3
0.17267034581750468,-0.16220711753129638,0.516842316093735,True,False,False,False,True,6721,40033,0.3
0.3250839607483178,-0.02681516447449322,0.6591740025418711,True,False,False,False,True,6391,40129,0.3
0.16055843271380849,-0.2097015217851586,0.45798134220337944,True,False,False,False,True,6719,38630,0.3
0.030064037843346714,-0.30760124221576757,0.3766920943670913,False,False,False,False,True,6872,37638,0.3
0.37490696160433745,0.03136376428014232,0.7204393806914958,True,False,False,True,True,7163,37396,0.3
0.23251139170222784,-0.11600306915596574,0.4942382099413076,True,False,False,False,True,6058,36875,0.3
0.36398313186053444,0.09245765198355876,0.7384708196360619,True,False,False,True,True,6781,39123,0.3
0.17238658438419846,-0.13555100128678554,0.45525870249621825,True,False,False,False,True,6956,37499,0.3
0.35933072981048064,0.05343613730836472,0.7375250637483293,True,False,False,True,True,6750,38761,0.3
0.3503127546156668,-0.02854449532459418,0.666636092201559,True,False,False,False,True,6790,37899,0.3
0.1213488164359175,-0.22174647379591184,0.38857761319597434,False,False,False,False,True,6684,38218,0.3
0.37429991255734074,0.05175816563280645,0.6549963890643251,True,False,False,True,True,7028,37919,0.3
0.2769923479331357,-0.07711239341580495,0.5985104492005431,True,False,False,False,True,6533,39712,0.3
0.3283318099746022,-0.05938409482230206,0.611093206981159,True,False,False,False,True,6427,38426,0.3
0.3612144916577906,-0.02694206468249027,0.7186157242011347,True,False,False,False,True,6875,38625,0.3
0.045729665577415035,-0.29181146856095935,0.36136294315667933,False,False,False,False,True,6189,37238,0.3
0.10293261017441074,-0.29331374856292086,0.4474865543463228,True,False,False,False,True,5843,39445,0.3
0.2543142573543708,-0.20898882438434796,0.5915624397956657,True,False,False,False,True,6506,39002,0.3
0.1661048958033648,-0.20781913861654425,0.5549052310969675,True,False,False,False,True,6670,39289,0.3
0.290093853639872,-0.018325512736321044,0.635969941885877,True,False,False,False,True,6372,37452,0.3
0.23668764866027175,-0.1064348642565474,0.5186198203837509,True,False,False,False,True,7202,37456,0.3
0.37437460494208463,0.1107662641731294,0.6776146083272465,True,False,False,True,True,6383,37592,0.3
0.25902665030467203,-0.065991290709122,0.5232068589830006,True,False,False,False,True,7224,37635,0.3
0.25081470079809626,-0.08086604508744794,0.5887694974052475,True,False,False,False,True,7108,38229,0.3
0.27650785444986975,-0.05042122381230002,0.6609892761663897,True,False,False,False,True,6917,38961,0.3
0.09881010288086939,-0.22140648434946592,0.38653059020331937,False,False,False,False,True,6854,38388,0.3
0.20946757603851313,-0.09690464834400307,0.5604133339829132,True,False,False,False,True,5987,39754,0.3
0.21087433120762195,-0.09946206807074642,0.5262690720880123,False,False,False,False,True,6839,38193,0.3
0.28731841080623627,-0.04398496512290932,0.6247570921826089,True,False,False,False,True,6247,40093,0.3
0.621749618039113,0.24619077894326075,0.9352265034462999,True,False,False,True,True,6101,37103,0.6
0.6443477602036446,0.3372285131624106,0.9353438564430641,True,False,False,True,True,7020,38820,0.6
0.5511683672602569,0.2266944138747795,0.9255149814599619,True,False,False,True,True,5637,39487,0.6
0.47489491237229176,0.1271465335563121,0.8109917547474084,True,False,False,True,True,6602,38416,0.6
0.40315598733930924,-0.010604336087756957,0.7425941345826754,True,False,False,False,True,6469,39246,0.6
0.6727361469255672,0.34736527873649364,0.991918712150898,True,False,False,True,True,6934,38894,0.6
0.4435159886520096,0.06211428101786321,0.7610698436391118,True,False,False,True,True,6509,38290,0.6
0.4213488164359175,0.1440458060188632,0.6953367256743959,True,False,False,True,True,7146,38737,0.6
0.5860934622349262,0.2782948210854225,0.8738780313087041,True,False,False,True,True,6073,39117,0.6
0.46889239805241123,0.07651246989166693,0.7387521260227319,True,False,False,True,True,6689,38677,0.6
0.4766891595460393,0.06618077140825934,0.8126617379063612,True,False,False,True,True,6705,38209,0.6
0.880064412766179,0.5747056694876401,1.186270894515822,True,False,False,True,True,6406,37947,0.6
0.4213488164359175,-0.014220366108479982,0.7620374536086495,True,False,False,False,True,6637,36839,0.6
0.604600468278837,0.2565180712762985,0.9735503254346352,True,False,False,True,True,7210,39240,0.6
0.5908403418596436,0.28059187868081065,0.9243696549062959,True,False,False,True,True,7018,35700,0.6
0.5345670445706435,0.21509673230246665,0.864714366662816,True,False,False,True,True,6716,38905,0.6
0.5658062221082111,0.2274452113740863,0.9053307603143663,True,False,False,True,True,6903,38836,0.6
0.3860091560962503,0.020311683626662587,0.6361417153217293,True,False,False,True,True,6539,38728,0.6
0.6670757535489286,0.29492968446878515,1.0134931391623176,True,False,False,True,True,7216,39234,0.6
0.5620125129677239,0.19863932565232528,0.9764678490663771,True,False,False,True,True,6356,39618,0.6
0.6078089426550631,0.29747009525840196,0.991684409942138,True,False,False,True,True,7099,38297,0.6
0.542914583515896,0.20161061832992794,0.8352401588414544,True,False,False,True,True,6214,39445,0.6
0.5457269258886338,0.20189083817884645,0.8501773061782687,True,False,False,True,True,6669,37883,0.6
0.6556018096685928,0.34884770886161265,0.9268586186707861,True,False,False,True,True,6986,37453,0.6
0.5270123836379476,0.14117738904463273,0.8377165736659328,True,False,False,True,True,6409,39599,0.6
0.5939803556477602,0.32384149841110044,0.9510684505578739,True,False,False,True,True,6760,38740,0.6
0.5058138786312333,0.13560838735356018,0.8397679730283003,True,False,False,True,True,6750,39532,0.6
0.35747962028855274,0.0385328168593932,0.6621468506738016,True,False,False,True,True,7131,37384,0.6
0.4213488164359175,0.03479284264368859,0.7240322646603561,True,False,False,True,True,6740,38322,0.6
0.50828643869194,0.13774667441317556,0.8813232805217703,True,False,False,True,True,6720,38855,0.6
0.6364852597677823,0.4208790694990494,0.9167505827245065,True,False,False,True,True,7564,36514,0.6
0.5736949468442049,0.28203757230085197,0.919769310548931,True,False,False,True,True,7102,37739,0.6
0.60849466359224,0.23877504751295214,0.9518254376618341,True,False,False,True,True,6266,38402,0.6
0.5878204870389919,0.23542298032989603,0.9796936797180614,True,False,False,True,True,6892,38204,0.6
0.5259966960565848,0.20657259905369457,0.8472776299613066,True,False,False,True,True,6824,37206,0.6
0.5187745601089916,0.1827501664218159,0.8122008738553368,True,False,False,True,True,6681,38026,0.6
0.4396270105503358,0.04865591531053287,0.7529949949379017,True,False,False,True,True,5916,38753,0.6
0.5521425789003048,0.26416653941980756,0.8031252520824295,True,False,False,True,True,6768,37658,0.6
0.6894403972708013,0.34738690547860274,1.0343832543378175,True,False,False,True,True,7242,37404,0.6
0.4762034516525787,0.15241277441480683,0.8089961220710069,True,False,False,True,True,6568,38009,0.6
0.6802120691089758,0.36600266361220657,0.9930319170334452,True,False,False,True,True,7065,37673,0.6
0.8497453892633451,0.5518125028644344,1.183852768112961,True,False,False,True,True,6839,38259,0.6
0.5814928492823496,0.23802543238794438,0.8938703726386366,True,False,False,True,True,7115,37376,0.6
0.49066904650650833,0.09767301862251082,0.7833491339717477,True,False,False,True,True,6708,40000,0.6
0.483913988490125,0.06491031976463446,0.8031607462466696,True,False,False,True,True,7078,37865,0.6
0.5205551656422663,0.2386367684537799,0.8784807948915803,True,False,False,True,True,6275,39345,0.6
0.5695309393673459,0.23239216311782637,0.9414582126982364,True,False,False,True,True,6164,38472,0.6
0.4878529175221574,0.1510535489742343,0.7786673404949668,True,False,False,True,True,6588,38699,0.6
0.39957181295158184,0.06295873506757005,0.7410946058957681,True,False,False,True,True,5759,38761,0.6
0.40272914539368154,0.05677148132480354,0.7626911751601858,True,False,False,True,True,6931,39168,0.6
0.5582860898612257,0.1807465362538796,0.9254535104626361,True,False,False,True,True,6045,37924,0.6
0.3876137072039426,-0.10844127335660175,0.7782813919978138,True,False,False,False,True,5789,37914,0.6
0.6026058611506174,0.2670317379542167,0.9623478263730495,True,False,False,True,True,7096,38098,0.6
0.5111960760945106,0.1239315914386985,0.8193447699014877,True,False,False,True,True,6948,37289,0.6
0.6902348599698621,0.3759761519099819,0.9988548780326574,True,False,False,True,True,7433,37357,0.6
0.6823237957550238,0.3900924414081952,0.9870634510200751,True,False,False,True,True,6517,37030,0.6
0.3872540329377999,0.08956145729639738,0.6639825484212148,True,False,False,True,True,7579,38279,0.6
0.5401842293889952,0.17346816195231599,0.9102156890794212,True,False,False,True,True,6789,39007,0.6
0.6404177325218469,0.33578764421472035,0.909753630218816,True,False,False,True,True,7079,36948,0.6
0.7356730193995625,0.3899319519504496,1.0973704258756574,True,False,False,True,True,5897,37051,0.6
0.6489836900985585,0.2842776426561122,0.9335125771906552,True,False,False,True,True,7315,38831,0.6
0.490338196973627,0.15568832283629708,0.837732178144567,True,False,False,True,True,6764,37990,0.6
0.6543404287378868,0.3496261499090936,1.004129923897485,True,False,False,True,True,7142,38359,0.6
0.38431177939887096,0.025719734356292052,0.7407636840656835,True,False,False,True,True,6449,38211,0.6
0.4213488164359175,0.07041338502552674,0.7002174394245467,True,False,False,True,True,6038,38569,0.6
0.5502147958173603,0.173286548043399,0.86928181706102,True,False,False,True,True,7135,39711,0.6
0.6279959664273077,0.28653713660736796,0.9288820582893389,True,False,False,True,True,7387,38305,0.6
0.4927773878644842,0.14015384174241197,0.808922342019898,True,False,False,True,True,6799,38956,0.6
0.5545196629124333,0.22791779659819628,0.8277972035788352,True,False,False,True,True,6883,36654,0.6
0.4858649454681835,0.18096313786416685,0.8245497199561064,True,False,False,True,True,6633,36845,0.6
0.6011942276556209,0.2810029304930278,0.922498210493549,True,False,False,True,True,6870,38562,0.6
0.4907691565955824,0.12189725574397405,0.8249366369571722,True,False,False,True,True,5821,39561,0.6
0.48512299513442325,0.20976651160270976,0.787167554903668,True,False,False,True,True,7118,37882,0.6
0.5635906010555741,0.24082451804375404,0.8859377733745512,True,False,False,True,True,7190,37510,0.6
0.5896281601464709,0.29018706327038624,0.9363153799397042,True,False,False,True,True,7073,38261,0.6
0.557352791626286,0.17740818338971065,0.9305405626834226,True,False,False,True,True,6470,38544,0.6
0.45737187119094747,0.11017115275798017,0.7958263460412546,True,False,False,True,True,6532,37035,0.6
0.6741433912129108,0.3156159922303925,0.9501863148833735,True,False,False,True,True,6126,37702,0.6
0.7349730875581878,0.44395929889235686,1.0288390361799977,True,False,False,True,True,7475,37778,0.6
0.5142280734018673,0.15419613357277706,0.8231015932030894,True,False,False,True,True,7089,38219,0.6
0.544026699366173,0.2217120025060515,0.8719762039470287,True,False,False,True,True,6300,37851,0.6
0.547521869628797,0.2153030719135027,0.8661541788315769,True,False,False,True,True,7375,37872,0.6
0.5164310165314928,0.20481341299871922,0.8510204951615309,True,False,False,True,True,6148,37666,0.6
0.49197028536247467,0.18308345495844008,0.7748593338810418,True,False,False,True,True,7292,38487,0.6
0.6484409022767362,0.34956876286041383,0.9380369257985306,True,False,False,True,True,6445,37847,0.6
0.5527548611139682,0.15571532219520956,0.8200757841393848,True,False,False,True,True,6605,37447,0.6
0.6075480417236484,0.3238380505000685,0.9060117063026342,True,False,False,True,True,7593,38666,0.6
0.49763132366555884,0.19400443065982517,0.7747160436649464,True,False,False,True,True,7371,38028,0.6
0.48901133660454954,0.14508495928808984,0.8007981347521277,True,False,False,True,True,6938,38333,0.6
0.3927610519991015,0.07723929852167412,0.6981040954325368,True,False,False,True,True,6598,39079,0.6
0.6577554358212495,0.36725044560751957,0.9939237172063861,True,False,False,True,True,6294,36751,0.6
0.5912242411244767,0.2375807530050539,0.8933277092525751,True,False,False,True,True,6472,37801,0.6
0.7550380849890453,0.44309381184378327,1.0099487230251878,True,False,False,True,True,6340,38141,0.6
0.40134481563575075,-0.030235660399364744,0.6770673157778114,True,False,False,False,True,6108,37587,0.6
0.44419203580696676,0.05596089573500303,0.7491051810768623,True,False,False,True,True,6840,37835,0.6
0.5636951586433175,0.2015993686125617,0.9161925456867277,True,False,False,True,True,6399,39129,0.6
0.6252620120032909,0.28179458631078014,0.9670751287235592,True,False,False,True,True,7222,38902,0.6
0.4901484695739583,0.1474162107261648,0.8365708392786076,True,False,False,True,True,6944,38820,0.6
0.549596644364258,0.1923273215454516,0.8728112923791521,True,False,False,True,True,7000,37722,0.6
0.6203700990365707,0.22198041757592962,0.9362568030719758,True,False,False,True,True,5877,39046,0.6
0.5187672516291703,0.15783893326931145,0.9091156123562796,True,False,False,True,True,6805,37510,0.6
0.47384225475610664,0.045410450623479544,0.7681373394949252,True,False,False,True,True,6180,38839,0.6
0.6790807751988032,0.3978155926601312,1.0384140365329,True,False,False,True,True,6089,37111,0.6
0.37809848059800977,0.03594686649479817,0.6763725962117945,True,False,False,True,True,6888,38262,0.6
0.4213488164359175,0.06202727478948901,0.7909467788982599,True,False,False,True,True,6538,37743,0.6
0.47737350370311515,0.09627690214921798,0.7815501376218371,True,False,False,True,True,5933,38928,0.6
0.6418865820463687,0.365399602137029,0.998051575044325,True,False,False,True,True,6504,39236,0.6
0.5433685522536752,0.18698922279767882,0.8310192663968416,True,False,False,True,True,6995,38570,0.6
0.5979826796708382,0.25330592833879256,0.9028637438603838,True,False,False,True,True,6566,36897,0.6
0.5411092954778368,0.14533696980204486,0.9601826925902891,True,False,False,True,True,5755,38917,0.6
0.4213488164359175,0.024173282377858155,0.7629866870570057,True,False,False,True,True,7309,37671,0.6
0.5242136400640746,0.1731885055754792,0.8335625991634977,True,False,False,True,True,7763,37550,0.6
0.49846963905801844,0.19798337370315391,0.7432076065521838,True,False,False,True,True,7145,35853,0.6
0.5866927317798248,0.2538870267123222,0.9191468429657186,True,False,False,True,True,7038,37211,0.6
0.6832812960634088,0.38738346612097074,1.0252761428227033,True,False,False,True,True,6369,38397,0.6
0.3300141891953706,-0.0019506842153713118,0.6148526407462991,True,False,False,False,True,6442,37689,0.6
0.5940493409338105,0.26305123245353973,0.9117039848858973,True,False,False,True,True,6716,39021,0.6
0.47297813869245864,0.15340225302429067,0.8606412331016337,True,False,False,True,True,6703,39418,0.6
0.6363200370532279,0.3607039090108555,0.9431387407691934,True,False,False,True,True,6598,38094,0.6
0.567121411188109,0.2400637860360133,0.8972263967627826,True,False,False,True,True,6014,38697,0.6
1.2619654028086058,0.8777069575215521,1.6187715345229599,True,True,True,True,True,7335,39374,1.2
1.2981237863516781,0.9583862717356512,1.61459660461658,True,True,True,True,True,6074,38647,1.2
1.173532081718519,0.8268105727799924,1.4648207925373935,True,True,True,True,True,6117,37304,1.2
1.2360474126374077,0.8097663109819356,1.5921474546964416,True,True,True,True,True,6808,38053,1.2
0.9417309820410102,0.64618119339244,1.2133472533532108,True,False,False,True,True,7204,37329,1.2
1.3754286374894054,1.0556520962361755,1.7452504581427997,True,True,True,True,True,6560,37674,1.2
1.1374703569816835,0.7696299409933677,1.4947450657065389,True,True,True,True,True,6845,37327,1.2
1.1892422316384976,0.7760908103110951,1.5395625897690912,True,True,True,True,True,7000,38548,1.2
1.1379866159840868,0.8151264464933777,1.4132589283680985,True,True,True,True,True,7631,37506,1.2
1.147050023331252,0.8016997848058947,1.4577178140855758,True,True,True,True,True,6858,38514,1.2
1.0213488164359175,0.7010918644403835,1.2960788393599398,True,True,True,True,True,6887,39247,1.2
1.2277856320618385,0.8790717224449451,1.6004479214360319,True,True,True,True,True,6396,38584,1.2
1.1314895248298973,0.8252345829287339,1.423901663841915,True,True,True,True,True,6762,38740,1.2
1.0213488164359175,0.585544829865769,1.3198426765931237,True,True,True,True,True,6675,37527,1.2
0.9107817057845236,0.5365715359539245,1.224542755042114,True,False,False,True,True,6717,38142,1.2
1.1916259898348425,0.8847642622748051,1.5053334955748916,True,True,True,True,True,7197,36355,1.2
0.9919301296860905,0.651094390734853,1.2744645794450378,True,False,False,True,True,6732,36235,1.2
1.2692050028693547,0.9247917448415416,1.6068458781587014,True,True,True,True,True,6685,37403,1.2
1.2908387105648778,1.002656645374391,1.655242565696406,True,True,True,True,True,6857,38203,1.2
1.0129235068057951,0.6449377026474604,1.3310129659722987,True,True,True,True,True,7319,38107,1.2
1.0878529175221574,0.735469402623446,1.4533169883837689,True,True,True,True,True,6005,38511,1.2
1.0213488164359175,0.6515188170144862,1.312903944421796,True,True,True,True,True,5931,38360,1.2
1.139838252870261,0.8396827452331712,1.4819553992612888,True,True,True,True,True,7367,38742,1.2
1.3053462314595687,1.0252231457589251,1.6439372256668374,True,True,True,True,True,7377,38878,1.2
1.0213488164359175,0.6546838928011889,1.3870945289522791,True,True,True,True,True,6362,37956,1.2
1.0424827479235554,0.6605335298730097,1.3513172300701315,True,True,True,True,True,7153,38453,1.2
1.0999649721923233,0.7665770616804085,1.3983980825707587,True,True,True,True,True,7358,39406,1.2
1.1175711279141176,0.8022375450224526,1.4472111193332482,True,True,True,True,True,6678,39084,1.2
1.061110247847451,0.7130721944902849,1.3676682588623907,True,True,True,True,True,7323,38443,1.2
1.2027472333224531,0.8058341640491166,1.5485197458829953,True,True,True,True,True,7153,38639,1.2
1.0877989050360293,0.7589936772555483,1.3583836711484494,True,True,True,True,True,7185,37599,1.2
1.0213488164359175,0.6689318888620743,1.4126274656159477,True,True,True,True,True,6864,39545,1.2
1.0890095758436458,0.6990279427098722,1.4259588927671658,True,True,True,True,True,6925,38876,1.2
1.1583351178057855,0.847011969162185,1.5002946895904212,True,True,True,True,True,6672,38075,1.2
1.171198966286079,0.8948343439847953,1.48440712144159,True,True,True,True,True,6155,38541,1.2
1.3029474598337687,0.9368558564882506,1.663188907843668,True,True,True,True,True,6764,36740,1.2
1.201194227655621,0.8699339805051742,1.5546717505466807,True,True,True,True,True,5992,38256,1.2
0.9939515561619527,0.6126777732670566,1.3127597474356834,True,False,False,True,True,6109,39035,1.2
1.1879846246195969,0.9179056732776162,1.5013058267471047,True,True,True,True,True,6974,37615,1.2
1.0312409367230313,0.6396524633364801,1.3391328238482625,True,True,True,True,True,6298,37570,1.2
1.0812290559568882,0.7037948979091994,1.388124055955819,True,True,True,True,True,5881,37287,1.2
1.0384457560837157,0.7055172711607272,1.3853931684976617,True,True,True,True,True,7113,38923,1.2
1.2493044686999288,0.9626653978704336,1.639394226517621,True,True,True,True,True,6681,38237,1.2
1.146199434746208,0.8092832723692315,1.5393910130235555,True,True,True,True,True,6409,39186,1.2
1.274093465357805,0.9841003022013245,1.6309122798880837,True,True,True,True,True,6543,38207,1.2
1.2058714227908485,0.8818368081637377,1.531432254279814,True,True,True,True,True,6489,40510,1.2
1.1370560770665106,0.7617881850692432,1.4143023831782309,True,True,True,True,True,6382,37921,1.2
1.0542989045977602,0.7133930225474389,1.3711855349760182,True,True,True,True,True,6977,37462,1.2
1.190093853639872,0.8487372099712237,1.4825006521641655,True,True,True,True,True,6161,38446,1.2
1.3113841470293253,0.9622258923787746,1.6674714958960168,True,True,True,True,True,6429,36798,1.2
1.1091108837201646,0.7404455838614016,1.4458852964723896,True,True,True,True,True,6705,38973,1.2
1.0213488164359175,0.6880425601547768,1.4393833563152962,True,True,True,True,True,5821,39061,1.2
1.1276960089541255,0.7758317037001655,1.4821828983087881,True,True,True,True,True,6187,37280,1.2
0.9853322383026986,0.6658810000091534,1.2847695315205006,True,False,False,True,True,7457,36766,1.2
1.0213488164359175,0.6458212104744169,1.3644362281464617,True,True,True,True,True,6718,39740,1.2
1.158903795685594,0.8198777073121555,1.4502803850295343,True,True,True,True,True,7054,40046,1.2
1.3285692034108998,0.9796551291242509,1.6521679793189776,True,True,True,True,True,6696,37680,1.2
1.1983847407591053,0.8926988392948879,1.4984684397664627,True,True,True,True,True,6790,37120,1.2
1.149596644364258,0.8277645801592531,1.4455313081768963,True,True,True,True,True,6864,40124,1.2
1.1378019856257404,0.8279603183277504,1.5173399932836429,True,True,True,True,True,6687,39019,1.2
1.1696727559197473,0.8498987102869837,1.4772144149279816,True,True,True,True,True,7296,37191,1.2
1.2299635658465802,0.8821391719774966,1.5492594460617592,True,True,True,True,True,6849,39138,1.2
1.031322883860607,0.689001110492746,1.3557811276587635,True,True,True,True,True,6866,39209,1.2
1.231320793358447,0.9104004001209093,1.594241577262579,True,True,True,True,True,7003,37942,1.2
1.1272455463853792,0.7892839051386469,1.4578027026528129,True,True,True,True,True,6876,40164,1.2
1.2464050805019322,0.8355646633754347,1.5592098966146346,True,True,True,True,True,6809,38449,1.2
1.0213488164359175,0.5672034218847575,1.341408845154052,True,True,True,True,True,6497,37733,1.2
1.1582929091706429,0.8243343154915023,1.4455411590695033,True,True,True,True,True,6540,36110,1.2
1.0839499117019857,0.7381057330792482,1.4411728982069671,True,True,True,True,True,6938,37922,1.2
1.2356239671350566,0.8834181341729478,1.5605136561678807,True,True,True,True,True,6808,39730,1.2
1.3455949760238217,1.0693453938565984,1.6198583276418532,True,True,True,True,True,6385,37852,1.2
1.2499403409655485,0.8385922982014807,1.557400965703476,True,True,True,True,True,6612,39073,1.2
1.2079011524612981,0.9559335189284796,1.540237295994189,True,True,True,True,True,6766,37500,1.2
1.0213488164359175,0.7307477294738893,1.3261909257036733,True,True,True,True,True,7003,38580,1.2
1.0213488164359175,0.6962243653854986,1.297448042674942,True,True,True,True,True,7008,38562,1.2
1.2935586654831954,0.9805385628755775,1.6065152923474502,True,True,True,True,True,7174,37401,1.2
1.2194399640482512,0.8890427234134896,1.550981227007521,True,True,True,True,True,7373,37848,1.2
1.342606506114662,0.9735265417791816,1.6724052230038031,True,True,True,True,True,6732,37567,1.2
0.893356989040921,0.5494310457797308,1.1741233068910497,True,False,False,True,True,7300,39080,1.2
1.274093465357805,0.9457978069861389,1.5967417003297264,True,True,True,True,True,6567,38215,1.2
1.2043314330873345,0.7215283804336678,1.556052775977722,True,True,True,True,True,6384,38239,1.2
1.1610307337540193,0.82125417740392,1.4660011948637381,True,True,True,True,True,6384,38055,1.2
1.3116245784097857,1.0386889186019073,1.6732196211003043,True,True,True,True,True,6722,37481,1.2
1.2438185021572778,0.9000785266434844,1.5508007209636516,True,True,True,True,True,6867,38132,1.2
1.0213488164359175,0.7382495362412311,1.3254617679819505,True,True,True,True,True,7065,39459,1.2
1.1488193708596983,0.7657852728725534,1.468842360971931,True,True,True,True,True,6847,38562,1.2
1.3212354874895016,1.0224378632999316,1.6528971642647894,True,True,True,True,True,6889,38814,1.2
1.2078089426550631,0.8632410369679611,1.5688706061237996,True,True,True,True,True,6885,39191,1.2
1.1610136209051924,0.7979586620363077,1.4743079930118155,True,True,True,True,True,5788,36425,1.2
1.2119806247147913,0.8569045015150337,1.5712470080824898,True,True,True,True,True,6293,37759,1.2
1.2172591903783714,0.845588363392864,1.5772250621841228,True,True,True,True,True,7199,38428,1.2
1.262225099739488,1.0162855400371231,1.4765553828579803,True,True,True,True,True,7080,37888,1.2
1.1216497191440344,0.7498898736296411,1.5181266205565602,True,True,True,True,True,7130,39419,1.2
1.2451041772414395,0.8914226759589697,1.6161592267983316,True,True,True,True,True,6801,38837,1.2
1.0931578479847148,0.709600278894291,1.4137046151986716,True,True,True,True,True,7044,38276,1.2
1.0499062676681092,0.706994846048373,1.3528850861919968,True,True,True,True,True,6648,36656,1.2
1.0688923980524112,0.7506518309644131,1.4093696345621827,True,True,True,True,True,7061,38749,1.2
1.309180119254959,0.9886698841338352,1.6681905080519477,True,True,True,True,True,6888,40960,1.2
1.2410889750061538,0.9433455240729558,1.5655650792053655,True,True,True,True,True,7209,37494,1.2
1.0766687500520111,0.7521439668733879,1.346326701320465,True,True,True,True,True,7003,37915,1.2
1.0404717129173002,0.6881495346237321,1.3481373666031848,True,True,True,True,True,6740,39411,1.2
1.175399660010178,0.8298760892826945,1.4723404128765183,True,True,True,True,True,7227,37152,1.2
1.2743852536828848,0.9357188145227741,1.6485212843877046,True,True,True,True,True,6423,37949,1.2
1.2286676535218966,0.9175313808119684,1.558542291172081,True,True,True,True,True,7142,37403,1.2
1.0832683210798988,0.7358122596587258,1.4124057406494368,True,True,True,True,True,6502,38609,1.2
1.0708455991450527,0.7503802962729295,1.380336249927457,True,True,True,True,True,6980,38593,1.2
1.360140567593292,1.0382614073390684,1.6749512101749027,True,True,True,True,True,6917,38554,1.2
1.0994199989847064,0.7767727112585165,1.4537879131940281,True,True,True,True,True,6215,40139,1.2
1.039905134862339,0.7125147825329275,1.324019008165768,True,True,True,True,True,6660,38909,1.2
1.1394125708632952,0.7657729033080927,1.4643959184024442,True,True,True,True,True,7219,37433,1.2
1.1035687582448206,0.806210835136966,1.43634279345082,True,True,True,True,True,6691,39252,1.2
1.0637306789027845,0.7504385377775339,1.3852572621585282,True,True,True,True,True,6546,39254,1.2
1.2022285093816298,0.8962341387466397,1.5331818421469952,True,True,True,True,True,5976,37513,1.2
1.1809514673704935,0.7710271398487301,1.4697358677187895,True,True,True,True,True,6488,37450,1.2
1.0970363111798542,0.7240532550997014,1.3832613344412181,True,True,True,True,True,6567,38697,1.2
1.2551757844795552,0.9194443015766185,1.575377712129531,True,True,True,True,True,6998,38359,1.2
1.0567144975789355,0.736034974156434,1.395038051062305,True,True,True,True,True,6136,38633,1.2
1.198620310169639,0.9065611962404962,1.5275575183000945,True,True,True,True,True,7044,38796,1.2
1.49304692964347,1.1930792011838482,1.7709557007930719,True,True,True,True,True,7372,37649,1.2
1.3160121363093402,0.9921006634482427,1.6508092634666256,True,True,True,True,True,7130,37185,1.2
