est,se_boot,width,se_iid,width_iid,n,n_dates,n_distinct
0.7526646511296969,0.19593734708085472,0.7346112086307055,0.037966969497320806,0.14703561083636796,36852,898,185
0.6479583447519749,0.16130139194672613,0.6427745178901982,0.03619256853848566,0.13136649792594846,37885,898,171
0.6913916145993121,0.18672542514881485,0.7234571881143573,0.03755136229483487,0.15130812654303993,37688,898,179
0.7069518716577455,0.19121419044249754,0.7679971549273572,0.037730215245790365,0.14275640588707117,38815,898,186
0.8199739863583239,0.1923226093387241,0.7640528737793544,0.03909330282951115,0.1431476636615736,39118,898,179
0.7096491228070428,0.1751280430590983,0.6914161817475443,0.03819976219449646,0.15314402827861728,37019,898,176
0.728783054040793,0.18803095346243862,0.7336629468487875,0.0347669129681753,0.1241984458552381,38640,898,184
0.6440614954322571,0.19527101948858708,0.807188259983426,0.03682864841063442,0.12384357326087225,39672,898,178
0.6524109014675034,0.17062171085464758,0.6378044032444867,0.03770621497768841,0.12322967407789265,38575,898,173
0.621133931487638,0.16139609065049987,0.6192794773468824,0.04149208553925607,0.1487214115328711,35939,898,168
0.7707067258450045,0.17744786405399232,0.6687844792126856,0.03637711604376508,0.14791722459951528,38625,898,174
0.7761942051683673,0.1943326247391714,0.7712485747407467,0.0331869536294154,0.1170572364493272,39151,898,192
0.554995499549959,0.1915836486740036,0.7167607721443301,0.04108762746623558,0.15109582113464082,38019,898,182
0.7293864753065143,0.1805234788121197,0.686478183453783,0.03431433608133529,0.13619310375338756,38392,898,185
0.5348109517601002,0.20070987525072695,0.7158695279183941,0.044730493475495,0.1767949397294727,38103,898,172
0.781484799802345,0.1619583589026082,0.6199672199139784,0.040536883415629416,0.16590891579132072,37228,898,174
0.707533123631276,0.19121321701563257,0.7534236242607144,0.04090779791297421,0.16267512293986763,37944,898,177
0.5374609130706637,0.2092321861750015,0.7602926878487264,0.043938808890361544,0.15218459669945505,39118,898,176
0.6664500886001118,0.18866853381349405,0.7161200501287708,0.03757674489289673,0.1359780689601675,38403,898,175
0.7848968470221868,0.18716049112023014,0.761012725062268,0.03744894470412638,0.14658277751702975,37975,898,186
0.693103184245924,0.1925023690412299,0.765578709880123,0.03654331041058533,0.14622174325405468,37594,898,179
1.1173688100517327,0.19013019584222285,0.6896126775141334,0.04480705117330831,0.18204027231295106,37573,898,187
0.6289855072463707,0.2031747853330276,0.8191551862189909,0.03396652513855333,0.1334633297288229,39643,898,177
0.6,0.18662610339510113,0.7551573837897333,0.0397764549217047,0.16323927075353595,37910,898,184
0.8302803887126003,0.17998568685493738,0.6835176796020888,0.03256349747021052,0.12231550940296043,37866,898,187
0.7406636965318064,0.18713807358361467,0.7701134082950982,0.03818382344993262,0.13698777076323165,39680,898,179
0.9283093182525953,0.20759305558817226,0.8178582565221245,0.03511786368148371,0.1323042163955318,38968,898,188
0.6816375023865001,0.23446047008745521,0.884095516215184,0.03718678953972434,0.13893694730817752,38640,898,188
0.7309823677581923,0.18751797694208078,0.7116050802757793,0.03851787209449832,0.13221307448006592,38257,898,174
0.5698067632850295,0.2040915027672357,0.7436608049877855,0.03596604225129516,0.131608926508765,38601,898,178
0.6473036896877943,0.19992659871584442,0.7843240785795988,0.03389846532848084,0.10916666205514236,39499,898,175
0.8056367390462332,0.1632329091128824,0.6324262213122294,0.03322422679714655,0.13672135630474536,38350,898,184
0.7918868877293422,0.1799845055758135,0.701170312500425,0.03833001350291758,0.14536831479929402,37620,898,180
0.9645358677255572,0.17643467866176843,0.7279345398541064,0.04100241758220057,0.15419907244992492,37525,898,184
0.7412429378531143,0.17176234726226197,0.606497210729269,0.0340423730936978,0.13478812831141995,38136,898,186
0.8197401585702363,0.20032115810987314,0.7728068099436437,0.038684344460043825,0.16558966166754396,38952,898,177
0.8289639381797492,0.1588314984399199,0.6503552134306003,0.03328306721111298,0.12917241218737718,36467,898,184
0.7068090787716969,0.19075171493076878,0.7484084873112429,0.03930225832395477,0.14528851645741525,37757,898,175
0.8027820856243201,0.21259699947734292,0.8938249928200558,0.03958962744974586,0.15869412933397165,38136,898,179
0.607627474161942,0.1784291082024386,0.687192154964016,0.03631088326179395,0.14086662288787488,36729,898,171
0.8487040171450849,0.18934598450305537,0.6983323783852095,0.03805027422473227,0.13727109127253,38770,898,186
0.8597182640089013,0.20737416784843413,0.8591425489708489,0.041923249997977266,0.15318492741672352,39352,898,187
0.5828869221437988,0.18603727593723166,0.668094725824371,0.035926154465841596,0.14509255152237788,37932,898,178
0.6649350649350566,0.20676608886063866,0.8105048178385252,0.03644293446465229,0.13801635957006253,38021,898,178
0.7959103739424539,0.184532272917195,0.734547423239956,0.036128212245691266,0.15008670156348825,37428,898,183
0.5085646995609033,0.19216431201500772,0.677238074199137,0.04422461173516253,0.16698636107241677,36724,898,175
0.6413308534821244,0.18944478218933544,0.7085103721293057,0.03925849623415125,0.13676343354656562,36225,898,178
0.7802276286483328,0.19946869209155813,0.7618248730308674,0.04059290629074325,0.1485964606661505,37580,898,184
0.8667448357136504,0.1616155973624835,0.6261533165127796,0.030283388895358632,0.1281262670907607,39152,898,188
0.8201028330771182,0.17827087472537145,0.7333274329567587,0.03253557152283833,0.12618652132246,40056,898,183
0.6,0.17809761557306714,0.640797841628544,0.034701904867768384,0.14330571809878812,37649,898,178
0.7843317972350267,0.18207642977125565,0.6550845414011093,0.03718018934657309,0.1397634411119386,39035,898,181
0.7294777729822893,0.18941916313492888,0.7235157312191847,0.03721414521098422,0.14371829569291117,38869,898,180
0.7889877038667609,0.1924729206073013,0.7476594534575938,0.03797356308413201,0.15014123082120245,37728,898,180
0.6946736980023899,0.1685151837246516,0.6200464312636541,0.038866297012095846,0.15386977538760782,37870,898,174
0.68943663805695,0.20042839011099384,0.7231140644986818,0.04024568037205238,0.170287912210077,39372,898,178
0.7166377995481693,0.18131373343342763,0.6961668273867194,0.03357042441452294,0.12413609668631809,37562,898,177
0.7678254615200103,0.1921195671114957,0.7065304518694996,0.03540289796632062,0.13013228312290126,38693,898,184
0.8377289889526013,0.18314142701751904,0.7100602935920108,0.040162297751228794,0.14086376034783132,38363,898,182
0.6828729281767693,0.18523475444138401,0.7374006138196569,0.03383836425756633,0.12506399779655786,37659,898,179
0.6857503152585037,0.19526856880446727,0.7839140834834502,0.03436296508146755,0.14279511703202352,37671,898,181
0.5874545226446032,0.19679256973114,0.7753656590391206,0.03977022705507468,0.15722480439855857,39473,898,187
0.6399771787282788,0.18755724717843536,0.6698645729424477,0.03530864241286418,0.1293008076781621,38368,898,187
0.8812092250859876,0.18768479266934257,0.7028190392591667,0.041514158509341106,0.15730026016874454,37410,898,184
0.8804612028669551,0.18426533867409225,0.7103066080093439,0.035100135288615754,0.14618644148634952,39279,898,188
0.7024065540194518,0.1667929490339546,0.6882263154326083,0.04057154772201722,0.15377953154671498,38449,898,179
0.6285784857076976,0.19334609602858643,0.7382431694488814,0.035971729069747035,0.1380849247000412,38508,898,177
0.663463008104303,0.19370984340263447,0.716438559560304,0.03661878002741174,0.12395421774708171,38650,898,173
1.055353712816209,0.20503340398717051,0.738384276880037,0.04164155437448989,0.15883550918204437,38084,898,188
0.720144173007608,0.17753400078967144,0.6885255648309114,0.037037901370346404,0.14031029712655407,37933,898,171
0.5258984809188622,0.18324999088616326,0.6514956584980933,0.040444368904261195,0.13821989528796097,36751,898,177
0.9249431448992812,0.18872747678903962,0.6943730206329101,0.03647330820687638,0.1470113291929337,37754,898,185
0.6595961102705766,0.21408851384796135,0.8433698276589634,0.037957549651880106,0.13831253400660437,38554,898,178
0.7962936637524892,0.18772293645281574,0.7397438989055685,0.03736240794845448,0.14796365502018516,40426,898,181
0.8893205951773892,0.18842653088668415,0.723366696959125,0.03801268359965233,0.14468182162377163,37480,898,187
0.7765003531342124,0.17831531735955222,0.6940722589877838,0.037591909739862144,0.14702285822020322,37020,898,174
0.7050420168067223,0.18199071501762254,0.6995396546265972,0.03931325580381084,0.14399984053687642,36749,898,176
0.743843498273899,0.20352625467189542,0.8786976119948187,0.03920921521942603,0.15572244045445327,37763,898,175
0.8245174689108342,0.20366926415845285,0.7573385303819189,0.038987660244876134,0.14003269562011267,37834,898,186
0.5651689306861657,0.20059316850203845,0.7986895293957168,0.03940469273861825,0.16596160004594185,38125,898,177
0.6,0.2015952187319991,0.7701858011120273,0.03525237353639453,0.1469784120374431,38889,898,174
0.6762582613116347,0.19604545970791917,0.7976964719201967,0.03761393631301212,0.14265737332544492,37539,898,175
0.765727543917793,0.1876486277261268,0.6820368211851899,0.036215341230172414,0.1356414418999441,38413,898,181
0.7925045181758844,0.19362686943294413,0.7074480413885658,0.03884935845272922,0.14733300108285718,38886,898,188
0.8183538939137697,0.1837105231314867,0.7296694909951703,0.035917806391180675,0.13519615481205338,37600,898,183
0.6315226122205025,0.21133569403874028,0.8415085075706181,0.037521259946580524,0.12953695278535848,38012,898,181
0.7362498158786307,0.1898762273721095,0.7534637971080801,0.037768173611581045,0.1387541532748987,38595,898,176
0.8802866238424295,0.15330435112652155,0.564029581629908,0.03482795002019743,0.14011496237396848,37658,898,183
0.9995248538527618,0.1653754452330683,0.6044541891021545,0.03819976621844813,0.13596683434119594,37838,898,190
0.6590318772136777,0.18984292410693152,0.7091962634298039,0.040258776431385354,0.1468421102136802,38841,898,181
0.7404624275856081,0.1901945805879145,0.7745639878883719,0.04128284595278067,0.1551947533462239,36252,898,183
0.6995770261591588,0.17190374862933436,0.6304516841927877,0.039112296381645574,0.15887541005087769,38652,898,175
0.6778426466499837,0.1842196913191792,0.7555561494144798,0.03771676055481716,0.14295193492726455,36743,898,178
0.8097902097901949,0.18630198931122974,0.7059001885060112,0.034310028953294575,0.13090517939464752,38967,898,187
0.7985241088292344,0.19329509244375315,0.750621691927605,0.03615584358655062,0.13276623281674504,37720,898,179
0.6,0.18024974968286814,0.6688270085343307,0.0353381567733421,0.13693050379015326,37354,898,188
0.6751556796220631,0.20208879045835737,0.8707009348389088,0.040173295454559825,0.15294753744728606,39113,898,178
0.8094156501322386,0.17518925672860378,0.648385241014772,0.0341968477761327,0.13640558064857033,39646,898,180
0.9214285714285614,0.1975881943004029,0.734498896174056,0.03979455814823054,0.1508413778042823,36773,898,185
0.7408847674547853,0.18163700036304778,0.7205903525556201,0.03742170901458207,0.13843626174849744,38426,898,173
0.7423487544483848,0.20695284943647396,0.7586004259909706,0.036879633756016994,0.13207968095772737,38783,898,183
0.7704619784605898,0.1856806431988919,0.6631645220483958,0.037387865688358383,0.14223412340161778,39862,898,184
0.767284024375669,0.21666114446432,0.8424012866699203,0.038811897533993375,0.14578316385268297,38313,898,184
0.7848129555307998,0.1892269345371787,0.7478411444937713,0.03625907980395797,0.14400262727121593,38738,898,181
0.43516030660182226,0.18626695869476306,0.6887845062494757,0.0392112375686719,0.1562791554198329,38343,898,187
0.777305521935267,0.1858298598465402,0.7471501568499868,0.03644805186672387,0.13170845371653472,38424,898,186
0.6676333152492825,0.18116282123495864,0.7059875408711556,0.03891805849320285,0.14389787853322733,38758,898,179
0.7034126163391935,0.17770517288975,0.7250152505080285,0.03842721628476498,0.13915287051900593,38607,898,172
0.7694556314115747,0.17473748352556426,0.6142316186355983,0.03752828642514203,0.14190019034862555,38204,898,179
0.8084418968212542,0.22463158598456695,0.860494045697386,0.04401343571283601,0.17610268214245994,35819,898,173
0.5480654375486943,0.18228660751563916,0.6341649193113006,0.0446216450032361,0.168271576227689,36949,898,180
0.8341763682590647,0.20510701516475044,0.8609677101010778,0.040081780642932816,0.1553599489294788,39021,898,180
0.9086419753086433,0.20030612204548875,0.7610725715718885,0.04417655794123083,0.17324276990705156,37772,898,187
0.7376462491397223,0.1804928295418513,0.6435856317310897,0.0333364916858136,0.1205444483121626,38879,898,179
0.6713775874375377,0.17332534610344225,0.6678440383104782,0.03366784215922808,0.153313926541912,38977,898,178
0.6866555116214029,0.20257784744489787,0.7506035629192457,0.0363846294989039,0.12942048822952645,38316,898,187
0.6768862324652453,0.18071642483077435,0.672580058895294,0.03710450361035469,0.1397109961457127,38358,898,174
0.7646161843701144,0.19541031333000697,0.8004696635184976,0.04038385596202679,0.15094558750896603,39245,898,176
0.7865671641791078,0.18343863861182835,0.716487930474428,0.04020685689199524,0.16691466948923372,37011,898,184
0.7678934152025801,0.17428001608819182,0.7068670260085836,0.04161519071373375,0.16225946738638697,36566,898,175
0.6440765953278799,0.188118494882905,0.7396337701135913,0.03852344614349062,0.1385263248299159,38367,898,172
0.6842059017353902,0.1852756878938989,0.7650116545073555,0.039308708672506625,0.16535101396904894,39379,898,177
0.7905902943833415,0.15415733630751188,0.6256538529137667,0.036805523023530295,0.13664719987760532,37286,898,187
0.8061857861470839,0.17994854873628177,0.6807583008214254,0.03538848052893175,0.14781847255358582,39558,898,184
0.5048149221106019,0.1870124427062799,0.7300805743855796,0.0423918785569747,0.16264539135600697,37822,898,170
0.8747252747252737,0.22058647656162356,0.8279207156850437,0.0409692501242515,0.14958336087766977,36817,898,185
0.8088918288479569,0.17451111048078338,0.6457831319738339,0.03674609198467292,0.1510910281888489,37179,898,189
0.7060928667029781,0.20719116921057446,0.843999137849164,0.03698107595643697,0.14110269177658508,38240,898,176
0.8343488449949804,0.19459194514482905,0.7569958918407751,0.0409524913825524,0.16771160573702926,37615,898,188
0.67114913831332,0.18239516732695527,0.7311655703244095,0.039249316346945645,0.13694971916121568,36700,898,179
0.8267797278643346,0.1815432972866647,0.7229797459014117,0.03597281843025456,0.1390280259137583,38001,898,179
0.8750876586712358,0.18141263137071942,0.6633276446695053,0.03947547146600189,0.14539057727830595,37120,898,190
0.6769822940723585,0.18958199205892393,0.759580694000064,0.03962295444213488,0.15452112029495035,38429,898,179
0.6785128153175884,0.20310923618656088,0.7791699544866892,0.03688451589535621,0.13601850754187184,38907,898,183
0.7786936146531248,0.20735845482221982,0.765549153578057,0.03494833745546873,0.14325367597318728,38940,898,179
0.5244189708383135,0.20088006613878637,0.7651716885017769,0.04224573651094302,0.148257357510031,38515,898,177
0.5915746903698776,0.18181579421350424,0.7497704771359024,0.0400067060937613,0.1570638676447711,38681,898,174
0.8669336002669498,0.18457419146387674,0.7928623124162224,0.038994748121653225,0.15646246033893252,36629,898,181
0.8673744671209954,0.1894854682772456,0.7557676539672534,0.036184231696321935,0.13066688017425387,38490,898,185
0.8034266193880252,0.1812682075741522,0.6963275530987265,0.0375176467019032,0.14794341651485077,38044,898,186
0.8139037433155133,0.1746351488932552,0.6269657381666098,0.03264241479790493,0.12486565347847034,37983,898,177
0.7756366829757771,0.2111352383521194,0.7620965902493937,0.03548149892604829,0.1305076228776625,38305,898,186
0.8345280097914015,0.17014300825981465,0.6216113088775359,0.03303917937710078,0.14359080017942394,38816,898,184
0.8123194358183311,0.18046425741319463,0.7209849654631246,0.036141559261449456,0.14493096805518357,37478,898,183
0.9060703961911271,0.1795041260800014,0.7048494743368032,0.04081436931868883,0.16095670443427967,38543,898,189
0.6,0.19314940079767112,0.7415520254943153,0.04112345804828782,0.14875219746247115,38616,898,172
0.64799761854265,0.17671796078346963,0.6929251123113459,0.03595973318367736,0.1218458153424079,37670,898,171
0.6191228964813827,0.17906539991584963,0.6845900197200874,0.036931890939220516,0.13130039405529004,39307,898,168
0.7052924883501949,0.19563878478605085,0.7471019293238639,0.037662909673878024,0.16020917269631452,36558,898,179
0.6262846996725185,0.18214919795297405,0.6953676842146232,0.03854471618836079,0.14753702475138541,38710,898,174
0.686696850014456,0.2279074570723685,0.8813094914864413,0.036812649614560905,0.14586831957897395,38587,898,176
0.6449842555105606,0.18488059461984435,0.6710351728810865,0.040136268425425774,0.13899821063429962,39079,898,187
0.730890052356003,0.17050111592371792,0.6827730850777622,0.0348020667727773,0.1473153960666701,38389,898,182
0.6182781941144183,0.1827465131258962,0.707289507536183,0.040414616133899434,0.15096674479759986,38913,898,179
0.7001160999706374,0.19457916099975353,0.7969619056249135,0.03497166963515566,0.1259306938425908,38542,898,183
0.5787505312367042,0.19014174068234083,0.74020277072587,0.041256297972296345,0.1712308315193911,37131,898,173
0.765727543917793,0.19873626824433074,0.7977420846965688,0.04318780174285962,0.1635289076105001,38597,898,180
0.7544004526325082,0.18916816883755233,0.7110449930409124,0.03608020060870329,0.13528710617257744,39312,898,179
0.6896863872151487,0.19567767438922978,0.7641289958550004,0.037866550480263564,0.15329586101175963,37896,898,179
0.8596039152222285,0.19600804531110425,0.7782700037135005,0.04245061155541589,0.16678889569814725,37748,898,183
0.6823482478873538,0.18402406854298986,0.7022519355729477,0.03834873271300336,0.15236205644435785,39100,898,181
0.847770069375619,0.16973885333570404,0.6315187474494002,0.03285965445492182,0.13387338717157582,37989,898,188
0.7499750041659808,0.18605160935865295,0.7235199198010546,0.03562008871862953,0.1359079804001434,38113,898,180
0.6181060984919323,0.1961477059665033,0.8518369997623088,0.03965659589373657,0.1539789664783886,37522,898,174
0.7314578881990935,0.16333267133668636,0.6479099384332584,0.03220442830265546,0.11327015435315002,37648,898,180
0.8147318484363114,0.18677138701153967,0.7370501364757704,0.03780801072129195,0.15025003127131287,37474,898,190
0.7481795088907667,0.1996184385913566,0.7901963842665651,0.04073272759424844,0.147389995320919,37731,898,169
0.7600527232500148,0.19758216804900927,0.7976431863235853,0.036563870789374724,0.13380425636207283,39423,898,181
0.6776509902498556,0.18796961457179057,0.7443372385155611,0.03579334806731824,0.15006589639911028,38706,898,182
0.6178571428571361,0.183656936501772,0.7161354596711134,0.03993746275549512,0.15413944949651315,37695,898,174
0.8997002997003006,0.20250624082975904,0.7583529681545613,0.04048446928976559,0.17151410088923125,39121,898,183
0.7709401709401925,0.20416600821872505,0.7488411906445788,0.040143712137304666,0.16147849169966422,37172,898,185
0.9525020735416051,0.19946869019683983,0.7825027877050265,0.04208440164567422,0.15655526094083783,37201,898,188
0.7826441233391151,0.1582188784086648,0.6175885885873498,0.03924016857885441,0.13937629869132329,38152,898,174
0.7180776967696584,0.19646458635406347,0.7203725231296076,0.03723343555402509,0.14126284537503753,37408,898,181
0.7219106727252672,0.17357980347825058,0.6346290219450663,0.03849356886572545,0.13468168305536987,37405,898,188
0.8322340919647114,0.19478995103684482,0.712632137864758,0.040180858415930165,0.15880419588731987,37339,898,182
0.572219837792331,0.19555014269544363,0.7497378282567158,0.04089497836036538,0.1567298609840087,38284,898,181
0.6580383248313887,0.17673796227329633,0.7069022647692056,0.0383599412546515,0.13997686995208813,38468,898,170
0.8173913043478359,0.17696925298672417,0.7123000904744714,0.03402919987152177,0.13524919034339666,37839,898,182
0.865279055919454,0.20180860159310055,0.770712715974891,0.03825122868422933,0.15509489499309748,37806,898,185
0.6,0.19928687148500812,0.8000687933246832,0.03849672620386245,0.14520287967043521,37852,898,175
0.7297016861219191,0.17491323323045388,0.6916040745218541,0.0389194736957896,0.15719375419087855,37997,898,178
0.8153583343491361,0.17823975061570188,0.6775075747726023,0.03937949421829352,0.15822055293353843,38234,898,193
0.847809435868962,0.2097815668403456,0.8352420668114022,0.03564667336537327,0.12839867465810562,38542,898,184
0.7291176749465439,0.18820605024651652,0.7090580169614203,0.039040539084746737,0.1533877260130001,38532,898,178
0.9131524008350705,0.17667119232819734,0.7418043208808468,0.03549575086568519,0.1291973132504276,39325,898,191
0.8135231316725994,0.18545169405875503,0.7526089519277626,0.03598030582389752,0.15151012556519627,37901,898,181
0.6889943636902979,0.1847701596367459,0.7584501146293551,0.03736188251429703,0.14562510395049966,37855,898,180
0.5443362049840578,0.1972792547127116,0.7325128649962642,0.044225118532699455,0.15917075594023,37566,898,171
0.7914660831509929,0.1993163441351853,0.8110582600533485,0.03846755370754939,0.1481146656528065,37547,898,186
0.7453488372092915,0.1828641547423544,0.6779451083039221,0.038678400686647574,0.15202140800705144,38179,898,178
0.8431410351922958,0.17235086242809602,0.6545383454928534,0.03971477437475292,0.1638844651851784,37814,898,181
0.6992145521457543,0.18321892795340877,0.7365556701124832,0.04027472536549716,0.16854263115733903,37980,898,180
0.6773994271723532,0.20271347180686283,0.7921311244379869,0.03761899707343402,0.1514861533017482,37616,898,178
0.4952331063383991,0.1943579812743655,0.8068372200390587,0.03762096061504239,0.15475311117674834,38185,898,178
0.7175088131609936,0.18461253988115087,0.709795706155715,0.04041102364601149,0.15123725736540528,37699,898,183
0.6747205032590958,0.17005612505473452,0.6131165633003843,0.035416532001174936,0.13179741532508726,37140,898,171
0.7034121509395191,0.19303628117083696,0.8119695256659406,0.03586227622508671,0.1330163693987524,39558,898,180
0.7556435314972182,0.18470291505499545,0.7206928618663968,0.033363972472087326,0.13819351613520936,38822,898,179
