est,lo,hi,se_boot,width
0.5146669639585205,0.1881479230084318,0.7961244530938016,0.16836966641613513,0.6079765300853699
0.5884296494466085,0.22519071019754783,0.9302126861166,0.17091047705594822,0.7050219759190521
0.5688218626193281,0.2638776062712761,0.8999791296636248,0.16420093306598307,0.6361015233923487
0.8738112357992818,0.529774958906935,1.1664098979312019,0.16818767903360268,0.6366349390242668
0.6864260912203374,0.38405432125075634,1.0920450120235927,0.18215720664624846,0.7079906907728364
0.4478922207735708,0.0812536848541684,0.7854302861489316,0.182734161288733,0.7041766012947632
0.5946948378465761,0.2685001397841033,0.9006804937902981,0.16248258828079631,0.6321803540061948
0.6927272748469598,0.4268891847772627,1.0270898695806399,0.16188398921113403,0.6002006848033772
0.47967885638220353,0.10048004974763382,0.8095418270366523,0.19169107190578943,0.7090617772890185
0.4777762981401418,0.12231438937593375,0.8707632858632491,0.18029232410703772,0.7484488964873154
0.5511017190189865,0.2116635543418982,0.8432052356344166,0.15926959821768003,0.6315416812925184
0.581085128113778,0.24839657896352174,0.8369784339653047,0.1451092788974107,0.588581855001783
0.6100852336259338,0.2769923051400705,0.9443619304639396,0.18760729439110557,0.667369625323869
0.24159384660339345,-0.0834871723648392,0.5434062107529636,0.16225220182537348,0.6268933831178027
0.5267918960331514,0.2209542341596124,0.8243028285699612,0.16346695323063287,0.6033485944103487
0.6830310408352908,0.3825525303264579,0.9914743818756333,0.16193947402305492,0.6089218515491754
0.49776557064963256,0.17308994327575933,0.8630849816515304,0.1857983990413502,0.689995038375771
0.5903816948465973,0.27200406302299335,0.8913822545757261,0.1620978494534119,0.6193781915527328
0.5087995345631308,0.10520816753059466,0.8496294364378099,0.1892075267188922,0.7444212689072152
0.5643976289834146,0.20393358906281134,0.8711625975362759,0.17594332209546681,0.6672290084734646
0.6118103743307673,0.29310040366802376,0.9782208792149106,0.16423571988480473,0.6851204755468869
0.708737969560635,0.3788384848575471,1.0776670689749575,0.19472642831198939,0.6988285841174103
0.39543054431404545,0.17016021789792002,0.717962081958044,0.14113372154790849,0.547801864060124
0.6866184618274035,0.3670601419092326,1.0109967771395092,0.18696770728429393,0.6439366352302767
0.6925768524427717,0.36201582069967875,0.9982609080313732,0.16867637925088172,0.6362450873316945
0.5940392779173681,0.2617240885844946,0.9524032304416183,0.17998301540807232,0.6906791418571238
0.5477858397187946,0.18288084148324113,0.884763346816819,0.18627390564890206,0.7018825053335779
0.6543460105144944,0.32739443935736967,0.975994076814592,0.17424321869230447,0.6485996374572224
0.6034543156163691,0.22369995227636386,0.9546183516408565,0.19293271858719777,0.7309183993644927
0.7168511916616599,0.39776853219025465,1.085036875183521,0.18367076963050058,0.6872683429932664
0.519751932896661,0.16232398696149705,0.8632165012084166,0.18426140016918963,0.7008925142469196
0.5715598687877071,0.20820865726296822,0.8583192358928912,0.16362369805872054,0.6501105786299229
0.5742123204655053,0.28830916647451577,0.8689878426378701,0.14675159207101687,0.5806786761633543
0.5286395050404175,0.256954781622126,0.8927012742989089,0.17349736548909095,0.6357464926767828
0.5187949731427993,0.22519666617832834,0.8910010619101651,0.17495631427224353,0.6658043957318368
0.6848307811834536,0.36330780783294825,1.0198787873395334,0.16351348153173353,0.6565709795065852
0.6584117403236162,0.38293542127806307,1.0092659043067926,0.16676256263515946,0.6263304830287295
0.5002652072006336,0.11554896200565962,0.8089428019479894,0.17727990608306976,0.6933938399423298
0.5381500329672878,0.21427993818087301,0.8469008867728046,0.16985333061452498,0.6326209485919316
0.7287111271829122,0.38415642844358777,0.9947547217247157,0.1626645161023879,0.6105982932811279
0.8884667509358675,0.5451442570630871,1.1802924464861968,0.16961481607374002,0.6351481894231097
0.6387733840648829,0.29251124871623985,0.9689196585991345,0.1621682627367948,0.6764084098828946
0.5310360103974782,0.20827929713260698,0.8159685736135686,0.17002408543406747,0.6076892764809616
0.5907115338960928,0.25798862557611074,0.900817403408889,0.17464010166669308,0.6428287778327784
0.5622690851972195,0.2144981271360527,0.8849844676832935,0.1777350606043049,0.6704863405472408
0.39035639412996426,0.03954696484984367,0.6734928468627417,0.16048183090461401,0.633945882012898
0.5588960341312615,0.23029777979428484,0.9295513084997999,0.1783028575425307,0.699253528705515
0.6142424692253673,0.29408546494519017,0.8904497986481393,0.15559808894354857,0.5963643337029492
0.47891996326319075,0.06591837009079729,0.8829325487980789,0.20513885022399084,0.8170141787072817
0.5153714583816965,0.15342554147896675,0.8790827280608604,0.17885428782026644,0.7256571865818937
0.4713952597171106,0.03950767755677571,0.8379261074868368,0.19429559460637283,0.7984184299300611
0.5516367959131568,0.18299496982816466,0.9038873996816005,0.17885344269769385,0.7208924298534358
0.38025361562185,0.11385138013262713,0.6753119595228058,0.14893950334258305,0.5614605793901786
0.4868617810091175,0.20915462495708276,0.8282952606558278,0.16681412565644374,0.619140635698745
0.6473256758548146,0.3055904631574721,0.9438462719324644,0.17378561305690363,0.6382558087749923
0.6628187266490609,0.36099707503237627,1.0016567601469326,0.1753611315905447,0.6406596851145563
0.7933677478656137,0.4666995194411336,1.0981833081278543,0.16422187539148891,0.6314837886867206
0.6717767252905288,0.32906924871564547,0.9917930806611082,0.17679421018170113,0.6627238319454627
0.42300884955752627,0.05497892964800856,0.7422363084848783,0.1870841609672042,0.6872573788368698
0.45633319197402267,0.2040222219240076,0.7413366173383867,0.14646248959887276,0.5373143954143791
0.5463270785816204,0.2617680554472829,0.8267674324025059,0.1547555725845738,0.5649993769552231
0.23676154354121903,-0.13200315079707842,0.5518173619775912,0.17615314075268146,0.6838205127746697
0.6324958051145296,0.19967913588436667,0.9658379231414844,0.1802736363079883,0.7661587872571177
0.7017437648592523,0.30750306887908724,1.035884751882415,0.18489963451817348,0.7283816830033278
0.3500831303220814,-0.014236693406364796,0.6257762580296647,0.1607816738846065,0.6400129514360295
0.6253546490785239,0.26608309251225676,1.0117027282740712,0.19327285385092802,0.7456196357618143
0.566081314414823,0.19247555074032893,0.8559175719495277,0.17331297142392538,0.6634420212091987
0.5322221292281654,0.17495273279559964,0.8370732220702611,0.1661205417178199,0.6621204892746615
0.4984005188146451,0.0723614636278161,0.8374675597926062,0.19381832045530453,0.7651060961647901
0.5859009908398377,0.21840610417857176,0.9434054200434084,0.18407282714053014,0.7249993158648367
0.524146047956841,0.22836165320805513,0.878934971408418,0.16942206929938752,0.6505733182003629
0.633639129756513,0.30451399931270773,0.9498013584072935,0.17119123053203095,0.6452873590945858
0.473552305512292,0.13538432747443238,0.7683760545251329,0.1609847032638242,0.6329917270507005
0.6916597514125872,0.42116854273555215,0.9643470383653289,0.14473433960331308,0.5431784956297767
0.6134394183156527,0.3496647816387305,0.8892139021604318,0.148891759425596,0.5395491205217013
0.6674559110574013,0.3287603884008311,1.0317245334026017,0.17572598301638848,0.7029641450017706
0.4032315296915495,0.058612746477524624,0.7009817934042395,0.1785434283171743,0.6423690469267149
0.6729211690203457,0.3610497343718161,1.01269445659273,0.16606617278380836,0.651644722220914
0.7050348891962427,0.3575823083366103,1.013744003513189,0.17243926063915305,0.6561616951765787
0.5619900179392839,0.2015440292810214,0.9544269445223131,0.19618035076860016,0.7528829152412917
0.46979166666665184,0.07323968100012068,0.802066347716453,0.18448983160531374,0.7288266667163323
0.3603276268221317,0.012031898609343731,0.6719670786227628,0.17837119671833712,0.6599351800134191
0.6865286014285149,0.435680678566866,0.9354355544243222,0.14738895392012358,0.49975487585745626
0.5366092341254175,0.2199360250983201,0.9182582043270971,0.17727388752609108,0.698322179228777
0.6573873386687129,0.35528407156999814,0.9425907436493871,0.15301493668384555,0.5873066720793889
0.6416600213616336,0.31093127653379515,0.9416671993314953,0.16881892251013317,0.6307359227977002
0.6637115773461927,0.3753648854639047,0.958198095830344,0.16124401185242912,0.5828332103664393
0.7150136040801053,0.402153401358826,1.01588302453148,0.1679623607695556,0.6137296231726541
0.4402628036552886,0.14185404320491868,0.7555440747330966,0.1566998285079707,0.6136900315281779
0.518103978007089,0.1306697721382874,0.8400912845080767,0.1685375825500355,0.7094215123697893
0.7348723527434314,0.3817397703975947,1.0253803441405442,0.16674820329413576,0.6436405737429496
0.5980897795081591,0.18630091516253194,0.9101884050578438,0.1747257871502286,0.7238874898953118
0.4408970376543747,0.0013755455582975585,0.7659875287498613,0.1952705003732245,0.7646119831915638
0.6046372780750481,0.25748689251999773,0.9854134227874363,0.18173613186323323,0.7279265302674385
0.5668278988446346,0.26914993269142373,0.8923641933425616,0.1591560421310912,0.6232142606511378
0.5973114457979539,0.27584785390405736,0.9540096817512175,0.18892486403196393,0.6781618278471602
0.44262269741526195,0.0839081585319232,0.7518989249852926,0.17791822689552758,0.6679907664533694
0.5318361423340962,0.16515328520908618,0.8537008796331743,0.1698580942755918,0.6885475944240882
0.5871075598372627,0.22206900631253662,0.9801097823329964,0.17887038148424506,0.7580407760204597
0.6144842222805641,0.31005345110879073,0.8999631879646975,0.17038665681329737,0.5899097368559068
0.49201334537252117,0.09991191487997321,0.8058081403080117,0.18411012905628907,0.7058962254280385
0.48719512195123327,0.09453025044985715,0.8749767048167535,0.20619142657190082,0.7804464543668963
0.5404832687711075,0.12824634680211972,0.8615734170147279,0.1688258435680586,0.7333270702126082
0.7579480314996884,0.41550960777717694,1.1001598246699043,0.17743496422218918,0.6846502168927273
0.6131940775408345,0.32244859378525115,0.9830249964733407,0.15911330941296803,0.6605764026880896
0.44399375975039346,0.14334515038294388,0.7963676191822991,0.16920352771478145,0.6530224687993553
0.41344487409384845,0.07573898531860636,0.7255063499020689,0.18225886580186143,0.6497673645834625
0.5180939918546063,0.20567485943592756,0.8239578037573804,0.17188099462782244,0.6182829443214528
0.7008070755368129,0.3858013142549069,1.02003464071617,0.15463512494573672,0.6342333264612632
0.6866666666666571,0.4025692834989325,1.0268341805325356,0.16926488533474962,0.6242648970336031
0.8207706018305,0.5153858217867141,1.1732089727095365,0.1795408599912705,0.6578231509228224
0.5579490091677458,0.16261713692663718,0.9480984133993722,0.1968918747749523,0.785481276472735
0.5174844046683441,0.257638169361063,0.8135264972050301,0.13651648023764656,0.5558883278439671
0.4899207120327981,0.1776770461995883,0.7891185197476038,0.16487532602363794,0.6114414735480156
0.7340411522618767,0.4527583477429789,1.03003273097004,0.15597932164246214,0.577274383227061
0.5855784007837034,0.29340503371598936,0.975003001049451,0.17962700165042966,0.6815979673334617
0.4831770709671662,0.11099394781055984,0.798653232828518,0.18211770560185808,0.6876592850179581
0.6886941475879421,0.3905922811301421,1.0603113440293361,0.17202329433347435,0.669719062899194
0.5465314726099119,0.24143691145740168,0.9057068110056637,0.17021781293110774,0.6642698995482621
0.45087026491579196,0.1615882121057394,0.8292627621359374,0.17135810571661778,0.667674550030198
0.4784390897329066,0.1383591629217243,0.7864184805164826,0.16694157755364009,0.6480593175947582
0.7310852797720918,0.41953964428991825,1.010801251094144,0.15324260340383947,0.5912616068042258
0.8155561772227865,0.4540658919789936,1.0927679478063763,0.1715731188624906,0.6387020558273827
0.49624022605000373,0.11571651517594428,0.8350753003088851,0.18340031017912925,0.7193587851329408
0.502427410448158,0.15490654096686235,0.8843463016039784,0.1908866635442425,0.7294397606371161
0.7156290311923325,0.4068030771386577,1.0456645540921092,0.1599619356057109,0.6388614769534515
0.6874537756841875,0.34859313272871145,0.9567894162670574,0.1619482285565086,0.6081962835383459
0.5705858519167267,0.19373086965295966,0.9153281314445912,0.18485604930334196,0.7215972617916315
0.3881652445612832,-0.03800855481140646,0.7451350785686267,0.19969747973479046,0.7831436333800331
0.6023925124588597,0.2525807137140518,0.9229428294838112,0.17887003987013086,0.6703621157697595
0.8027632113232203,0.5033792643207141,1.1650024824592922,0.17138888083879106,0.661623218138578
0.5305530659338803,0.2220943882883325,0.8218721601867963,0.15470412656589633,0.5997777718984638
0.6218487948549284,0.18728584735547477,1.0241128125168688,0.2138160948837644,0.836826965161394
0.4827493261455368,0.19957641680247026,0.8197434514309616,0.17175130934817354,0.6201670346284913
0.6173047578973406,0.2721808717398913,0.9342901821523204,0.1882494202284641,0.6621093104124292
0.5566640918524984,0.268593907818894,0.8813477444694829,0.16074134030504048,0.6127538366505889
0.6426981603452336,0.2911776594444909,0.9537245833552487,0.17518770465209127,0.6625469239107578
0.693782553970323,0.35490313780299376,0.9659606909940834,0.151757832070235,0.6110575531910897
0.5628264587098081,0.2016619163922054,0.9003038387578567,0.18126513711377235,0.6986419223656513
0.5669367004366815,0.27110952311525216,0.8458304922257428,0.15493171134822692,0.5747209691104906
0.7052026091916236,0.3075100344029458,0.9926528399462053,0.17166219992428208,0.6851428055432596
0.522769934625133,0.1905656373450612,0.8458618876589703,0.17322030243859105,0.655296250313909
0.7602500734447565,0.4486831459552054,1.1210600197951277,0.18839070435933092,0.6723768738399223
0.731391908733458,0.4187525357101185,1.0435430109451656,0.16083098245657187,0.624790475235047
0.5580544489581557,0.18510192568051534,0.9667472439923526,0.1905159952467692,0.7816453183118373
0.5543940478141879,0.22957590954377188,0.8422692634292573,0.15488023575234636,0.6126933538854855
0.3377921463750594,-0.02036074218106559,0.6766064764590815,0.17685372562324614,0.696967218640147
0.45454545454546247,0.14044033510253157,0.7011952466029207,0.1546374900478254,0.5607549115003891
0.587892986007143,0.2566615656733695,0.8891814804267275,0.1746815187790352,0.632519914753358
0.551324756472526,0.2152328086901731,0.8870148144595815,0.171276227069691,0.6717820057694084
0.5992304432609113,0.2649210118380138,0.8857008680952717,0.1643705172668905,0.620779856257258
0.47047997652287454,0.12930777228783719,0.8093963686901464,0.18021559124757192,0.6800885964023092
0.5996410232892652,0.24280987708024643,0.9277527536912419,0.1791177648978161,0.6849428766109955
0.49083567534589034,0.1722167878742162,0.7739964491316853,0.1668933046103833,0.6017796612574691
0.5144288910323808,0.19677879751638372,0.8669350271762388,0.16773440667633424,0.6701562296598551
0.6774489371034637,0.3297823971773642,1.0283360878990018,0.18411435882283028,0.6985536907216376
0.6011935503873683,0.23581810787499216,0.9512657575935686,0.18358668813108772,0.7154476497185764
0.6913170285594566,0.38396405485688123,0.9662726962419889,0.1496429438078825,0.5823086413851076
0.5738612386765646,0.19706718639282667,0.8551916948203214,0.16722748522088526,0.6581245084274947
0.5266214558568233,0.1255801094437331,0.9072232747988697,0.19906441496779434,0.7816431653551366
0.6560051603429423,0.32782681600367986,0.9707976805217975,0.17329360705263386,0.6429708645181176
0.5234367298750925,0.18564635768920312,0.8214494232665709,0.1641630669710674,0.6358030655773678
0.6031564242397142,0.21318689318733514,0.9236019714843193,0.16486340330616353,0.7104150782969842
0.5265838779226589,0.25075107481391884,0.7806139106102723,0.14640437163926762,0.5298628357963535
0.5231147258894614,0.22625918668978812,0.823614371685325,0.1472899933039679,0.597355184995537
0.7453870798066359,0.40879117435892065,1.088854945620396,0.17014658138200808,0.6800637712614753
0.6316893232686022,0.28346462747922296,0.9198802503787669,0.15352413046649915,0.6364156228995439
0.6031434067803149,0.26145681734991294,0.926953066055043,0.180477014487392,0.6654962487051301
0.6824306270331254,0.39760762210047207,0.9449222249867446,0.14627136375506464,0.5473146028862725
0.593905495712232,0.3116257546843615,0.93459171634393,0.16298040490514487,0.6229659616595685
0.7734898912856719,0.4624783186852305,1.1520936019048362,0.17026833175201686,0.6896152832196057
0.5403234664624995,0.18328643567787434,0.8173875606725811,0.1625697295298114,0.6341011249947068
0.5761664673077033,0.2764897450891293,0.9421248739517702,0.17493524841166447,0.665635128862641
0.5748367839806806,0.2460583470725089,0.8671672274562948,0.1602870693161132,0.6211088803837859
0.4661221498700957,0.191525777712096,0.7936497067980027,0.15894737243887977,0.6021239290859067
0.7013160774933297,0.42426534248742487,1.0333164491911935,0.1556463705658467,0.6090511067037686
0.6315114006323114,0.27580852773065295,0.9588674317851923,0.18031079961923657,0.6830589040545394
0.8224155563396168,0.5466874389574045,1.1645803766554776,0.16930479543785174,0.6178929376980732
0.5936032847298706,0.26607889947888763,0.9270762498321556,0.17981813383920237,0.660997350353268
0.7330520238954857,0.4205459967423844,1.072466475666007,0.1694409313858021,0.6519204789236226
0.48988624807990655,0.12682425486395282,0.7574815721327572,0.15378254616827577,0.6306573172688044
0.4320057117728754,0.08965713324102564,0.6822914898405453,0.15992323194600577,0.5926343565995197
0.6370186367632419,0.31189003667803555,1.0266902779135814,0.18590259429228023,0.7148002412355459
0.4549344702706509,0.13498725987614507,0.7395428454804699,0.16122970602076506,0.6045555856043248
0.41914700904970237,0.1162477957005223,0.725234747373721,0.15268871367337403,0.6089869516731987
0.6474965362248336,0.34342133208997483,1.0001736750935948,0.1717880265155927,0.65675234300362
0.6038483173014136,0.2355629673679746,1.0079663923124773,0.1725141896089073,0.7724034249445026
0.575181307123917,0.3031627506563886,0.8959852689973392,0.15912122888174327,0.5928225183409506
0.6511856755446294,0.29312295942382216,0.947127282261538,0.1735673637975392,0.6540043228377158
0.7274350850927197,0.38491740784021067,1.0978318777033775,0.1833596968676374,0.7129144698631669
0.4491220122204814,0.11878201950935946,0.7416733668312059,0.1602772287157142,0.6228913473218465
0.4575184691554707,0.16443905211884408,0.7253476325930064,0.1512318087613862,0.5609085804741623
0.4701409692131503,0.1710691343275678,0.779087647774574,0.1627658940584593,0.6080185134470062
0.38147383756221787,0.061592506646827035,0.6789794208710693,0.15806035509520416,0.6173869142242423
0.4512163765894245,0.10380939615375367,0.7505080920744034,0.17462402069036803,0.6466986959206498
0.7253926979130515,0.4347431738297955,1.0553114441055182,0.1640705939390776,0.6205682702757227
0.486279118024901,0.09494738666787741,0.8412391711101987,0.1829836787085351,0.7462917844423214
0.378326001310591,0.09494696827583722,0.6528575661835858,0.14911285577893635,0.5579105979077486
0.5472478427905986,0.16711126679828908,0.8844916568181106,0.18117859042125267,0.7173803900198215
0.4948173549757068,0.20801306330124447,0.8188075216102292,0.16023499528752197,0.6107944583089847
