ticker,seg,base,std,r_ovs,r_mid,r_cross,r_green3,r_panic3,r_gapsoft,r_z11,wtop
A,🏦majority,0.014,4.18,-0.133,0.037,-0.028,0.063,-0.074,-0.179,0.389,-2.021
AAL,🏦majority,-0.104,6.642,0.104,-0.146,-0.075,0.419,0.025,0.741,0.709,-6.958
AAPL,🏦majority,0.493,3.905,-0.099,0.008,-0.115,0.075,-0.103,-0.001,0.647,-2.585
ABBV,🏦majority,0.457,3.443,0.125,0.066,-0.016,-0.057,-0.006,-0.139,-0.271,-0.818
ABNB,🏦majority,0.407,5.93,0.141,0.07,0.002,-0.069,-0.227,0.246,-0.162,-3.197
ABT,🏦majority,0.029,3.177,-0.059,-0.004,0.048,-0.104,-0.051,-0.325,-0.081,-0.904
ACGL,🏦majority,0.432,3.206,0.466,0.09,-0.043,-0.116,0.33,-0.036,0.05,0.195
ACN,🏦majority,0.153,4.437,-0.532,0.077,-0.108,0.073,-0.49,0.131,0.292,-2.382
ADBE,🏦majority,-0.06,5.312,0.085,-0.103,-0.118,-0.023,-0.074,0.396,-0.36,-1.561
ADI,🏦majority,0.277,4.313,0.417,0.203,0.011,-0.187,0.318,0.045,-0.173,-3.719
ADM,🏦majority,0.22,3.956,0.227,0.026,-0.052,-0.165,0.223,0.086,-0.237,-1.778
ADP,🏦majority,0.219,3.073,-0.184,0.032,0.203,0.081,-0.03,0.21,-0.225,-0.091
ADSK,🏦majority,0.123,5.034,0.111,-0.123,-0.16,-0.003,-0.132,0.063,-0.235,-0.271
AEE,🏦majority,0.269,2.679,0.241,0.082,-0.048,0.007,0.241,-0.171,0.03,0.317
AEM,🏦majority,0.415,5.391,-0.032,-0.145,0.027,0.033,0.05,0.041,-0.939,-2.165
AEP,🏦majority,0.335,2.815,-0.023,-0.044,-0.139,0.026,-0.134,0.027,0.33,-0.646
AES,🏦majority,0.0,5.245,-0.186,-0.075,-0.137,-0.047,-0.075,-0.102,0.272,-1.496
AFL,🏦majority,0.499,2.891,0.197,0.045,-0.035,-0.003,0.146,0.032,0.831,-0.683
AFRM,🏦majority,0.058,13.233,-0.429,0.219,-0.089,0.549,-0.477,-0.755,-0.005,-3.289
AGI,🏦majority,0.548,5.799,0.168,0.076,-0.29,-0.287,0.268,-0.521,0.251,-2.45
AI,🏦majority,-1.266,10.591,0.492,-0.006,-0.066,-0.199,0.481,-0.538,0.125,-7.341
AIG,🏦majority,0.456,3.506,0.303,0.138,-0.096,-0.015,0.144,0.055,0.555,-0.049
AIZ,🏦majority,0.373,3.335,0.241,0.093,-0.043,-0.181,0.321,0.083,0.097,-0.828
AJG,🏦majority,0.52,3.334,-0.152,-0.017,0.035,0.101,-0.1,0.098,0.148,-0.932
AKAM,🏦majority,0.167,5.432,-0.276,-0.1,0.051,-0.028,-0.267,-0.184,0.338,-1.098
ALB,🏦majority,-0.046,7.554,0.078,-0.379,0.134,0.029,-0.068,-0.246,-0.77,1.091
ALGN,🏦majority,-0.231,6.931,0.215,-0.21,0.085,0.149,0.029,0.539,0.066,-1.782
ALK,🏦majority,0.194,6.044,-0.472,-0.021,0.237,-0.087,-0.203,-0.173,0.786,-5.054
ALL,🏦majority,0.178,3.482,0.111,0.001,-0.097,0.02,-0.032,0.015,-0.134,0.369
ALLE,🏦majority,0.058,3.71,0.313,0.11,-0.029,-0.151,0.338,-0.029,-0.076,-3.405
AMAT,🏦majority,0.701,6.143,-0.198,0.305,0.063,-0.039,0.049,-0.017,-0.951,0.621
AMCR,🏦majority,0.107,3.275,0.235,0.205,0.099,-0.107,0.289,0.027,-0.658,-1.216
AMD,🏦majority,0.479,7.855,-0.152,0.063,-0.137,0.059,-0.01,-0.307,-1.284,-2.428
AME,🏦majority,0.295,2.916,-0.01,0.158,-0.004,-0.053,0.117,-0.173,-0.377,-0.219
AMGN,🏦majority,0.121,3.357,0.349,-0.041,-0.118,-0.101,0.217,0.161,0.119,0.102
AMP,🏦majority,0.541,3.842,0.066,0.076,0.044,-0.109,0.138,0.052,-0.042,-1.814
AMT,🏦majority,-0.2,3.895,-0.119,0.189,0.0,-0.012,0.037,-0.206,-0.698,-1.604
AMZN,🏦majority,0.301,5.058,-0.043,0.084,-0.068,-0.039,0.133,-0.001,-0.007,-0.412
ANET,🏦majority,0.887,6.566,0.564,-0.103,-0.094,0.074,0.264,-0.086,-0.463,-0.426
AON,🏦majority,0.419,3.204,-0.172,0.116,-0.01,-0.002,-0.085,-0.028,0.415,-0.039
AOS,🏦majority,0.017,3.737,0.01,-0.071,-0.003,-0.017,0.067,0.1,0.134,-4.257
APA,🏦majority,0.59,6.782,-0.045,0.17,0.104,-0.28,0.172,-0.149,-0.701,-0.819
APD,🏦majority,0.078,3.718,0.066,-0.124,-0.11,-0.094,0.022,-0.058,-0.786,-1.784
APH,🏦majority,0.694,4.179,-0.012,0.1,-0.084,-0.077,0.055,0.059,-0.278,-1.786
APO,🏦majority,0.424,5.148,0.312,0.185,-0.105,-0.16,0.208,-0.392,0.088,0.378
APP,🏦majority,0.764,10.969,-0.907,-0.023,0.257,0.021,-1.163,0.035,0.296,0.456
APPN,🏦majority,-0.701,8.515,0.142,-0.06,-0.408,-0.39,0.452,-0.662,-0.314,-3.932
APTV,🏦majority,-0.198,5.779,-0.032,-0.098,0.096,-0.206,-0.203,-0.034,0.661,-2.018
ARE,🏦majority,-0.127,4.814,-0.475,0.153,-0.054,-0.006,-0.391,-0.16,-0.267,-0.992
ARES,🏦majority,0.599,5.28,-0.017,0.068,-0.173,-0.007,-0.175,0.077,0.255,-5.172
ASAN,🏦majority,-0.773,11.272,0.914,-0.16,-0.105,-0.173,0.25,-1.19,0.566,-1.046
ATO,🏦majority,0.302,2.574,0.315,0.105,-0.113,-0.008,0.201,-0.054,0.154,-0.824
ATVI,🏦majority,0.033,4.089,0.006,-0.115,-0.0,-0.007,-0.033,0.176,0.217,0.635
AVB,🏦majority,0.088,2.931,0.312,0.007,-0.017,-0.088,0.257,-0.185,-0.212,-0.599
AVGO,🏦majority,0.611,6.124,0.135,0.158,0.113,-0.132,0.042,0.062,0.301,-1.732
AVY,🏦majority,0.014,3.263,0.097,0.09,0.009,0.002,0.135,-0.067,-0.027,-1.286
AWK,🏦majority,0.061,3.233,0.016,0.104,-0.055,-0.079,0.036,-0.266,0.192,-0.007
AXON,🏦majority,0.506,7.442,-0.659,0.042,-0.117,0.056,-0.142,0.483,0.194,-2.291
AXP,🏦majority,0.398,4.145,-0.099,0.037,-0.052,0.017,0.155,0.135,0.166,-3.093
AZO,🏦majority,0.327,3.549,0.176,-0.046,-0.147,0.02,-0.025,-0.553,-0.171,-0.972
BA,🏦majority,0.15,5.276,-0.447,-0.15,0.109,-0.11,-0.252,0.295,-0.078,-0.673
BABA,🏦majority,-0.652,7.154,-0.16,-0.003,0.042,0.082,-0.173,-0.219,0.416,-3.75
BAC,🏦majority,0.446,4.033,-0.388,-0.066,0.059,-0.031,-0.233,-0.168,0.475,0.251
BALL,🏦majority,0.327,4.262,-0.091,-0.01,0.079,-0.04,0.002,0.13,0.539,0.197
BAX,🏦majority,-0.054,4.805,-0.123,0.054,0.14,-0.043,0.054,0.108,0.482,-2.437
BBY,🏦majority,-0.17,5.218,0.463,-0.132,-0.162,-0.037,0.334,-0.048,-0.275,-2.085
BDX,🏦majority,0.055,3.298,0.113,0.113,-0.026,-0.037,0.106,0.097,0.283,-0.382
BEN,🏦majority,0.039,4.358,0.113,0.037,-0.239,-0.161,0.046,0.019,0.216,-2.756
BG,🏦majority,0.191,4.188,0.172,-0.012,-0.024,-0.07,-0.055,0.194,-0.185,0.166
BIDU,🏦majority,-0.485,7.014,-0.033,0.08,0.284,0.192,0.099,0.105,1.789,-2.4
BIIB,🏦majority,-0.141,4.468,-0.027,0.106,0.048,-0.191,0.137,-0.237,0.406,-2.177
BILI,🏦majority,-0.718,10.701,0.741,0.21,-0.119,-0.308,0.509,0.07,0.902,-8.423
BILL,🏦majority,0.0,9.638,-0.02,0.201,-0.19,-0.127,-0.121,-0.148,0.498,-3.939
BIO,🏦majority,-0.057,5.227,0.396,0.029,0.016,-0.108,0.134,0.257,-0.298,-3.996
BKNG,🏦majority,0.55,4.617,0.046,0.096,-0.141,-0.051,0.07,-0.339,-0.259,-2.51
BKR,🏦majority,0.582,5.081,0.383,0.132,0.053,-0.011,0.333,-0.142,-0.279,-1.574
BLDR,🏦majority,0.343,6.335,-0.38,-0.263,0.165,0.163,-0.112,-0.036,-0.744,-0.262
BLK,🏦majority,0.254,3.857,-0.359,0.028,0.125,-0.15,-0.093,0.008,-0.007,-0.216
BMY,🏦majority,0.048,3.381,0.05,0.004,0.067,-0.171,0.054,-0.048,-0.133,-2.348
BR,🏦majority,0.105,3.275,-0.026,-0.075,0.058,-0.015,-0.232,0.031,-0.069,-1.471
BRO,🏦majority,0.479,3.454,-0.044,0.074,-0.016,-0.156,0.051,-0.251,0.154,-1.052
BRZE,🏦majority,0.0,9.149,0.024,-0.198,-0.405,0.065,-0.543,0.581,-0.333,-1.911
BSX,🏦majority,0.283,3.585,0.048,0.147,-0.05,-0.019,0.05,0.095,0.22,-1.628
BWA,🏦majority,0.194,4.716,0.274,0.129,0.066,0.012,0.338,0.145,0.321,-2.203
BX,🏦majority,0.267,5.574,-0.274,0.143,0.04,0.038,0.033,-0.244,0.444,-0.972
BXP,🏦majority,-0.14,4.513,0.823,0.079,-0.178,0.054,0.352,0.226,-0.322,-2.053
C,🏦majority,0.342,4.224,-0.41,-0.073,-0.049,0.111,-0.313,-0.145,0.319,-2.773
CAG,🏦majority,-0.251,3.166,0.35,-0.025,-0.16,-0.151,0.133,-0.356,-0.414,-1.188
CAH,🏦majority,0.422,3.669,0.26,-0.067,0.017,-0.074,-0.024,-0.145,-0.532,0.332
CARR,🏦majority,0.118,4.487,-0.213,0.104,0.086,-0.072,0.182,-0.137,-0.117,-1.281
CASY,🏦majority,0.374,3.685,0.299,0.135,-0.09,0.022,0.417,0.046,-0.249,-0.348
CAT,🏦majority,0.505,4.519,0.265,-0.16,0.133,-0.085,-0.042,-0.3,0.008,-2.15
CB,🏦majority,0.333,2.682,0.418,-0.095,0.001,-0.11,0.237,0.018,0.127,-1.827
CBOE,🏦majority,0.496,3.315,0.538,0.162,-0.049,-0.014,0.313,0.004,-0.013,-1.308
CBRE,🏦majority,0.531,4.272,-0.143,0.144,-0.025,0.036,-0.053,-0.026,0.29,-2.223
CCI,🏦majority,-0.355,3.851,-0.26,0.041,0.067,0.074,-0.262,0.211,-0.489,-0.684
CCL,🏦majority,-0.063,7.816,-0.135,-0.015,0.001,-0.203,-0.079,0.063,-0.003,-6.796
CDNS,🏦majority,0.244,4.847,0.298,-0.143,-0.075,0.161,-0.16,0.397,-0.585,-0.642
CDW,🏦majority,0.198,4.606,-0.457,0.125,0.164,-0.044,-0.291,0.134,0.453,-5.54
CE,🏦majority,0.082,6.329,-0.338,0.281,0.263,-0.024,-0.011,-0.349,-0.17,-2.935
CEG,🏦majority,0.725,6.862,0.637,-0.122,-0.207,-0.052,0.173,0.101,-0.42,-0.512
CF,🏦majority,0.356,5.012,0.215,0.14,-0.09,-0.261,-0.156,-0.237,0.466,-1.835
CFG,🏦majority,0.389,4.735,-0.13,-0.038,0.289,-0.083,-0.143,-0.255,0.503,-1.583
CFLT,🏦majority,0.163,10.435,0.133,0.163,0.1,-0.296,-0.194,-0.896,0.866,-4.639
CHD,🏦majority,0.107,2.732,0.12,-0.025,-0.191,-0.049,0.144,-0.059,-0.49,-0.411
CHRW,🏦majority,0.178,4.612,0.512,0.058,-0.094,-0.021,0.264,-0.27,-0.173,-2.514
CHTR,🏦majority,-0.292,5.929,-0.561,-0.015,-0.243,0.107,-0.49,0.247,0.595,-1.84
CI,🏦majority,0.275,3.841,0.458,0.114,-0.066,-0.118,0.193,-0.138,0.399,-0.342
CIEN,🏦majority,0.754,6.769,-0.094,-0.108,-0.106,-0.097,-0.199,-0.327,-0.18,-0.918
CINF,🏦majority,0.281,3.407,0.402,0.144,0.091,-0.065,0.135,-0.014,-0.026,-1.123
CL,🏦majority,0.114,2.525,0.012,0.02,-0.089,-0.021,0.078,0.055,-0.114,-0.499
CLX,🏦majority,-0.2,3.704,0.246,-0.04,-0.126,0.054,0.213,0.084,0.378,-1.599
CMCSA,🏦majority,-0.116,3.579,0.165,0.14,0.057,-0.071,0.174,0.022,-0.337,-3.572
CME,🏦majority,0.159,2.912,0.13,0.006,0.041,-0.067,-0.002,0.14,-0.093,-0.83
CMG,🏦majority,0.21,4.913,0.188,-0.157,-0.148,-0.08,0.217,0.22,0.355,-1.016
CMI,🏦majority,0.389,3.745,0.368,0.131,-0.006,-0.17,0.222,-0.077,-0.01,-1.131
CMS,🏦majority,0.227,2.591,0.025,0.041,0.07,0.014,-0.004,0.052,0.185,-0.074
CNC,🏦majority,0.135,5.579,-0.018,0.049,0.046,-0.013,-0.04,0.026,0.552,-1.837
CNP,🏦majority,0.309,2.732,0.257,0.021,-0.045,-0.014,0.238,-0.026,0.411,-1.563
COF,🏦majority,0.176,4.894,0.258,0.177,-0.077,-0.007,0.266,0.078,-0.754,-2.734
COHR,🏦majority,0.553,9.383,-0.093,0.139,0.024,-0.191,-0.079,-0.089,-0.136,-2.555
COIN,🏦majority,-0.537,12.298,-0.577,0.275,-0.112,0.628,-0.277,-0.666,-1.754,-2.455
COO,🏦majority,-0.059,4.21,-0.322,-0.01,0.091,0.095,-0.209,-0.108,0.122,0.113
COP,🏦majority,0.393,4.62,-0.29,-0.06,0.132,-0.028,-0.225,0.205,0.253,-2.248
COR,🏦majority,0.453,3.238,0.451,0.0,-0.135,0.022,0.349,-0.281,0.251,-0.172
COST,🏦majority,0.524,3.206,-0.448,0.099,0.026,0.164,-0.197,0.135,-0.09,-1.315
CPAY,🏦majority,0.106,4.646,0.178,-0.194,0.093,0.03,0.045,0.418,-0.692,1.423
CPB,🏦majority,-0.115,3.263,0.282,-0.027,-0.189,-0.059,0.033,-0.166,0.343,-1.811
CPRT,🏦majority,0.143,3.665,-0.123,-0.047,-0.168,0.069,-0.019,0.246,-0.296,-1.662
CPT,🏦majority,0.055,3.141,-0.058,0.036,-0.055,-0.034,-0.083,-0.291,0.426,-0.873
CRH,🏦majority,0.315,4.203,-0.097,-0.042,0.148,0.044,-0.14,-0.013,-0.084,-1.972
CRL,🏦majority,0.225,6.309,-0.42,0.219,0.399,0.007,-0.051,0.289,-0.124,-1.552
CRM,🏦majority,0.221,5.231,0.32,-0.133,-0.154,-0.262,0.026,-0.221,-0.484,-2.295
CRWD,🏦majority,0.676,8.278,0.689,-0.194,-0.34,-0.064,0.386,0.009,-0.504,-3.635
CSCO,🏦majority,0.392,3.533,0.253,0.03,-0.05,-0.084,0.168,-0.031,-0.451,-0.328
CSGP,🏦majority,-0.248,4.933,0.054,0.083,0.017,-0.067,-0.051,-0.16,0.3,0.292
CSX,🏦majority,0.233,3.184,0.193,0.002,-0.004,-0.017,0.058,0.03,-0.424,-1.531
CTAS,🏦majority,0.356,3.2,0.015,0.154,-0.003,-0.053,0.08,0.148,0.179,-2.324
CTLT,🏦majority,0.084,7.523,-0.285,-0.022,0.0,0.105,-0.441,-0.621,-0.392,1.563
CTRA,🏦majority,0.299,4.78,0.556,-0.063,-0.177,-0.121,0.481,0.055,0.13,-0.508
CTSH,🏦majority,-0.104,4.218,0.092,-0.161,-0.239,-0.045,-0.036,0.118,0.213,-2.892
CTVA,🏦majority,0.39,3.715,0.006,-0.072,-0.004,0.014,0.006,0.194,0.298,-0.7
CVNA,🏦majority,-0.153,12.56,-0.477,0.051,-0.102,0.002,0.057,0.194,-1.046,-8.315
CVS,🏦majority,0.285,4.363,-0.098,-0.069,0.088,-0.043,-0.191,-0.141,0.159,-2.294
CVX,🏦majority,0.377,3.652,-0.016,0.051,0.107,-0.038,0.073,-0.278,0.539,-0.331
CZR,🏦majority,-0.289,6.83,0.312,0.216,0.082,-0.287,0.289,0.175,1.008,-7.011
D,🏦majority,0.08,3.134,0.202,0.127,-0.08,-0.118,0.214,-0.158,0.022,-0.134
DAL,🏦majority,0.363,5.673,-0.513,0.06,0.228,0.118,-0.304,0.097,-0.159,-0.851
DASH,🏦majority,0.394,7.279,0.311,0.037,0.02,-0.192,0.247,-0.484,0.362,0.179
DAY,🏦majority,0.014,5.68,-0.029,0.058,0.015,-0.036,0.073,0.073,0.298,-0.475
DD,🏦majority,0.131,4.232,0.135,0.058,-0.007,-0.087,0.027,-0.215,-0.086,-2.193
DDOG,🏦majority,0.439,8.092,0.109,-0.201,0.131,0.03,-0.071,-0.13,0.134,-0.169
DE,🏦majority,0.26,4.124,0.033,0.131,0.027,0.093,0.188,0.009,-0.316,-0.804
DECK,🏦majority,0.569,5.797,-0.014,-0.119,-0.24,0.155,-0.241,0.13,-0.124,-2.8
DELL,🏦majority,0.914,7.592,-0.34,0.139,0.115,-0.12,-0.079,0.069,-0.801,-1.205
DFS,🏦majority,0.502,5.253,0.248,0.375,-0.049,-0.003,0.149,-0.062,-0.816,-1.624
DG,🏦majority,-0.09,5.083,0.254,-0.007,-0.256,-0.178,0.151,-0.046,-0.025,-2.591
DGX,🏦majority,0.236,3.094,-0.068,0.118,0.067,-0.021,-0.016,-0.229,0.23,-0.421
DHI,🏦majority,0.102,4.739,0.269,0.091,0.041,-0.165,0.208,0.084,0.122,-1.846
DHR,🏦majority,0.056,3.999,-0.033,0.093,0.05,0.036,0.183,-0.221,0.206,-1.712
DIS,🏦majority,-0.182,4.175,-0.011,-0.05,-0.113,-0.015,0.035,-0.054,0.41,-1.088
DKNG,🏦majority,0.08,8.871,-0.465,0.147,0.138,0.274,-0.051,0.218,0.555,-9.549
DLR,🏦majority,0.203,4.029,0.065,0.02,-0.034,-0.04,-0.064,-0.189,0.039,-0.787
DLTR,🏦majority,0.251,5.61,-0.437,0.093,0.152,0.116,-0.198,-0.033,-0.656,0.346
DOC,🏦majority,-0.062,4.848,0.315,0.113,-0.152,-0.072,0.268,-0.207,-0.06,-0.341
DOCN,🏦majority,0.211,10.181,0.108,0.042,0.166,0.047,0.136,0.361,0.36,-7.008
DOV,🏦majority,0.267,3.345,-0.076,0.118,0.065,-0.132,-0.02,-0.074,-0.485,-0.529
DOW,🏦majority,-0.193,4.739,0.3,0.094,0.016,0.057,0.211,0.129,-0.152,-0.536
DPZ,🏦majority,-0.112,4.023,0.261,0.07,-0.119,-0.123,0.195,-0.264,0.153,0.479
DRI,🏦majority,0.049,3.631,0.612,-0.022,-0.165,-0.211,0.451,-0.007,0.165,-0.627
DTE,🏦majority,0.195,2.635,0.156,0.087,-0.094,-0.058,0.121,-0.025,0.411,-0.934
DUK,🏦majority,0.172,2.532,0.213,-0.013,-0.039,-0.028,0.125,-0.006,0.194,0.077
DUOL,🏦majority,-0.241,9.301,1.125,-0.289,0.031,0.021,0.32,0.584,0.839,1.911
DVA,🏦majority,0.33,5.319,0.334,0.097,-0.032,-0.063,0.21,0.231,-0.484,0.05
DVN,🏦majority,0.405,5.836,-0.173,-0.021,0.134,0.178,-0.153,-0.007,-0.143,-3.366
DXCM,🏦majority,0.154,6.426,0.22,0.148,-0.198,-0.086,0.385,-0.072,0.017,2.129
EA,🏦majority,0.199,3.528,0.252,-0.014,-0.01,0.072,0.062,0.12,0.194,-0.352
EBAY,🏦majority,0.314,4.319,0.105,0.247,-0.084,-0.048,0.356,0.114,-0.038,-0.55
ECL,🏦majority,0.404,3.327,-0.306,0.159,0.048,-0.106,0.058,-0.015,0.009,-2.705
ED,🏦majority,0.214,2.681,-0.017,-0.027,-0.124,-0.001,0.135,-0.148,0.4,-0.285
EFX,🏦majority,0.046,4.672,0.073,0.124,0.282,0.0,0.064,-0.077,0.046,-0.327
EG,🏦majority,0.322,3.171,0.302,0.158,-0.169,-0.11,0.339,-0.301,0.014,-0.391
EIX,🏦majority,0.406,3.637,0.065,0.011,0.032,-0.043,0.06,-0.129,-0.088,0.175
EL,🏦majority,-0.248,5.863,0.014,-0.012,-0.201,-0.039,0.196,-0.448,0.224,-3.166
ELV,🏦majority,0.091,4.022,0.641,-0.066,-0.042,-0.099,0.346,-0.186,0.251,-0.37
EME,🏦majority,0.716,4.502,0.493,0.042,-0.147,0.066,0.379,0.099,-0.066,0.414
EMN,🏦majority,-0.109,4.314,0.404,0.157,-0.039,-0.195,0.349,-0.12,-0.23,-2.953
EMR,🏦majority,0.267,3.817,0.293,-0.031,0.028,-0.033,0.096,-0.107,-0.252,-0.018
ENPH,🏦majority,-0.348,9.943,0.734,0.018,-0.231,-0.105,0.499,-0.054,0.5,-2.479
EOG,🏦majority,0.438,4.627,-0.009,-0.023,0.329,-0.011,-0.389,0.115,-0.24,-2.168
EPAM,🏦majority,-0.141,7.993,-0.197,0.01,-0.212,-0.054,-0.112,-0.032,0.164,-2.199
EQIX,🏦majority,0.206,3.666,0.292,0.156,-0.006,-0.088,0.355,0.056,-0.015,-1.034
EQR,🏦majority,0.124,3.006,-0.01,0.117,-0.015,-0.056,0.104,-0.051,-0.201,0.878
EQT,🏦majority,0.325,6.065,0.208,0.006,0.063,-0.189,0.02,0.359,-0.952,-2.59
ERIE,🏦majority,0.151,5.159,0.238,0.037,-0.331,-0.014,-0.156,-0.445,-0.191,0.448
ES,🏦majority,0.208,3.292,0.283,0.054,-0.085,-0.098,0.284,-0.102,0.45,-1.233
ESS,🏦majority,0.135,3.192,0.244,0.146,-0.178,-0.036,0.367,-0.216,0.073,0.322
ESTC,🏦majority,0.184,8.419,0.692,0.186,0.016,0.051,0.67,0.215,0.355,-0.643
ETN,🏦majority,0.613,4.019,0.26,0.24,0.106,-0.051,0.269,-0.006,0.342,-0.001
ETR,🏦majority,0.378,2.978,0.51,0.053,-0.103,-0.101,0.357,0.008,0.055,-0.67
EVRG,🏦majority,0.323,2.695,0.029,-0.018,-0.146,0.055,0.13,-0.128,0.35,-1.187
EW,🏦majority,0.054,4.501,0.023,0.104,0.045,-0.233,0.235,-0.019,0.863,-1.086
EXC,🏦majority,0.24,3.283,0.337,0.068,-0.084,-0.103,0.297,-0.348,0.189,-1.535
EXE,🏦majority,0.388,4.214,-0.926,-0.174,-0.081,0.138,-0.748,-0.063,0.3,1.903
EXPD,🏦majority,0.282,3.536,0.236,0.205,-0.064,-0.155,0.298,-0.133,-0.24,-3.259
EXPE,🏦majority,0.442,6.487,-0.022,0.196,-0.231,-0.039,0.213,0.043,0.194,-2.668
EXR,🏦majority,0.154,3.938,-0.608,-0.039,0.058,-0.022,-0.5,0.051,-0.439,-1.548
F,🏦majority,0.233,5.634,-0.03,-0.133,0.362,-0.085,0.144,-0.136,0.42,-3.266
FANG,🏦majority,0.393,5.32,0.229,0.016,-0.045,0.034,0.074,0.367,-0.463,-4.758
FAST,🏦majority,0.271,3.298,-0.125,0.091,0.084,0.121,-0.12,-0.317,0.029,-1.126
FCX,🏦majority,0.338,6.358,0.057,0.016,0.066,-0.286,0.243,0.641,0.497,-2.967
FDS,🏦majority,0.199,4.204,-0.247,0.036,0.107,-0.12,-0.051,0.081,0.15,-2.102
FDX,🏦majority,0.348,4.621,0.307,0.247,-0.054,-0.125,0.329,0.068,0.262,-1.438
FE,🏦majority,0.221,2.707,0.065,0.082,-0.052,-0.001,0.142,-0.118,-0.164,-0.445
FFIV,🏦majority,0.546,3.998,0.228,0.244,-0.048,-0.302,0.3,-0.109,0.149,-2.494
FICO,🏦majority,0.485,6.112,0.24,-0.223,-0.024,-0.015,-0.333,-0.267,0.36,-5.409
FIS,🏦majority,-0.039,4.68,0.11,-0.034,0.099,-0.006,0.096,-0.04,-0.062,-0.031
FISV,🏦majority,0.258,5.578,0.238,0.238,0.01,-0.258,0.238,0.0,0.576,-4.752
FITB,🏦majority,0.241,4.483,0.162,0.148,-0.213,0.066,0.112,-0.063,0.266,-2.974
FIX,🏦majority,1.242,6.337,0.775,0.14,-0.353,-0.135,0.64,-0.046,-0.138,-0.481
FLEX,🏦majority,0.833,6.567,-0.013,0.106,0.198,-0.004,-0.026,0.411,0.92,-3.562
FLT,🏦majority,0.441,4.313,-0.004,0.153,-0.047,0.059,-0.126,-0.166,0.15,-0.014
FMC,🏦majority,-0.071,6.601,0.083,-0.016,0.006,-0.036,0.043,-0.315,-0.257,-1.793
FNV,🏦majority,0.419,4.302,-0.056,0.042,0.086,0.038,-0.061,0.113,-0.548,-3.228
FOX,🏦majority,0.416,3.831,0.192,0.118,0.001,-0.069,0.087,-0.174,0.21,-2.104
FOXA,🏦majority,0.387,3.934,0.22,0.084,0.021,-0.224,0.188,-0.357,0.744,-1.051
FRT,🏦majority,0.086,3.15,0.09,0.189,0.039,-0.027,0.204,-0.104,-0.056,-0.957
FSLR,🏦majority,0.068,7.991,0.69,-0.01,-0.401,-0.015,0.353,-0.059,-0.11,-1.594
FTNT,🏦majority,0.625,6.126,0.341,0.147,-0.163,-0.002,0.054,0.297,-0.072,-3.626
FTV,🏦majority,0.17,3.433,0.166,0.295,0.048,-0.187,0.322,-0.268,-0.091,-3.374
GD,🏦majority,0.313,2.773,0.376,0.14,-0.019,-0.136,0.297,-0.079,-0.095,-1.47
GDDY,🏦majority,0.199,4.611,-0.021,-0.025,-0.112,0.112,0.054,0.077,0.354,-3.305
GE,🏦majority,0.988,4.319,0.032,0.157,0.072,-0.089,0.249,-0.022,0.066,-1.279
GEHC,🏦majority,0.03,4.476,0.517,0.19,-0.214,-0.277,0.277,-0.001,-0.069,0.522
GEN,🏦majority,0.156,4.634,-0.011,-0.009,-0.015,-0.008,0.196,0.094,0.598,-0.028
GEV,🏦majority,1.929,6.516,1.425,0.158,0.524,-0.017,0.741,0.313,0.72,4.496
GILD,🏦majority,0.179,3.298,-0.032,-0.074,-0.036,-0.108,-0.117,-0.179,0.344,-1.3
GIS,🏦majority,-0.145,2.915,-0.058,-0.054,0.002,-0.003,-0.125,0.066,0.15,0.102
GL,🏦majority,0.399,4.517,0.36,0.193,-0.172,-0.023,0.183,0.156,-0.138,0.6
GLW,🏦majority,0.407,5.605,-0.219,0.089,-0.033,-0.066,0.065,-0.037,0.745,-1.49
GM,🏦majority,0.152,5.102,0.013,0.075,0.114,-0.162,0.054,-0.032,0.332,-1.416
GNRC,🏦majority,0.061,7.502,0.079,-0.087,-0.126,0.17,-0.196,-0.048,0.121,-4.352
GOLD,🏦majority,0.0,6.827,0.0,-0.206,-0.275,0.0,0.0,-0.197,-0.914,0.921
GOOG,🏦majority,0.466,4.35,0.237,-0.002,-0.01,-0.064,0.083,0.051,-0.817,-0.793
GOOGL,🏦majority,0.47,4.384,0.295,0.032,-0.021,0.006,-0.081,0.037,-0.762,-1.399
GPC,🏦majority,0.087,3.818,0.23,0.018,-0.058,0.019,-0.015,-0.045,-0.161,-1.322
GPN,🏦majority,-0.129,5.024,0.252,0.022,-0.094,-0.066,0.249,-0.312,0.891,-1.904
GRMN,🏦majority,0.37,4.561,0.049,-0.026,-0.045,0.026,0.178,0.056,-0.259,-0.059
GS,🏦majority,0.475,4.065,0.051,0.178,0.102,-0.128,0.097,0.286,-0.231,-1.093
GTLB,🏦majority,-0.399,10.223,0.313,-0.208,-0.469,-0.049,-0.016,-0.058,-2.219,-2.768
GWW,🏦majority,0.353,3.506,0.13,0.052,-0.201,-0.066,0.121,0.194,-0.113,-1.353
HAL,🏦majority,0.316,5.825,-0.077,0.196,-0.048,0.005,-0.004,-0.086,-0.124,-1.054
HAS,🏦majority,0.119,4.544,0.242,0.135,-0.152,-0.131,0.282,-0.364,0.42,-1.41
HBAN,🏦majority,0.381,4.448,-0.02,0.001,0.183,-0.08,0.135,0.373,0.012,-3.805
HCA,🏦majority,0.402,4.204,0.236,0.034,0.023,-0.075,-0.009,0.02,-0.123,-0.096
HD,🏦majority,0.179,3.378,-0.224,0.02,0.137,-0.036,-0.125,0.082,0.115,-1.523
HES,🏦majority,0.452,5.164,0.226,-0.009,0.044,0.19,0.14,-0.318,-0.589,-1.049
HIG,🏦majority,0.53,2.881,0.389,0.033,0.066,-0.006,0.129,-0.063,0.012,-0.023
HII,🏦majority,0.216,4.371,0.474,-0.049,-0.18,0.015,-0.014,-0.395,-0.259,-3.15
HLT,🏦majority,0.574,3.714,0.139,0.074,0.049,-0.041,0.103,0.141,-0.11,-0.122
HMC,🏦majority,0.042,3.645,0.072,-0.056,0.022,0.034,0.206,0.43,-0.534,0.195
HOLX,🏦majority,0.045,3.073,0.112,0.123,0.035,-0.219,0.145,-0.259,-0.412,-2.007
HON,🏦majority,0.139,4.415,-0.026,0.021,-0.0,-0.064,-0.025,0.053,0.01,-2.563
HOOD,🏦majority,0.357,9.808,-0.7,-0.265,-0.173,-0.011,-0.641,-0.605,-0.171,-3.759
HPE,🏦majority,0.685,6.103,-0.318,0.119,0.023,-0.054,-0.388,0.339,0.622,-0.075
HPQ,🏦majority,0.138,4.921,-0.138,0.028,0.143,-0.07,0.003,-0.01,-0.425,-0.795
HRL,🏦majority,-0.074,3.358,0.048,0.032,0.103,-0.074,0.039,-0.206,-0.151,0.282
HSIC,🏦majority,0.039,3.53,0.358,0.134,0.017,-0.065,0.372,-0.052,0.183,-1.349
HST,🏦majority,0.237,4.197,0.172,0.035,-0.135,-0.022,0.202,-0.52,0.843,0.093
HSY,🏦majority,-0.035,3.313,-0.091,-0.074,0.002,0.024,-0.078,-0.005,0.349,0.525
HUBB,🏦majority,0.529,3.911,0.341,0.191,0.013,-0.187,0.278,0.216,0.186,-2.807
HUBS,🏦majority,0.313,7.529,0.559,0.104,-0.212,-0.247,0.058,-0.282,0.116,-2.068
HUM,🏦majority,0.115,5.544,0.137,-0.126,-0.274,0.055,0.035,-0.187,0.001,-0.988
HWM,🏦majority,0.819,4.328,0.129,0.184,-0.022,-0.225,0.089,-0.066,0.085,-0.756
IBKR,🏦majority,0.755,4.756,0.136,-0.246,-0.016,-0.058,-0.18,-0.05,-0.51,-1.215
IBM,🏦majority,0.332,4.521,-0.418,-0.064,-0.036,0.072,-0.312,0.171,0.391,-1.674
ICE,🏦majority,0.267,3.172,-0.045,0.082,-0.011,0.006,-0.012,0.065,-0.113,-1.245
IDXX,🏦majority,-0.149,4.674,0.226,0.082,-0.111,-0.012,0.08,-0.017,-0.265,0.326
IEX,🏦majority,0.091,3.152,0.04,0.071,-0.122,-0.091,0.299,0.013,0.107,0.105
IFF,🏦majority,0.103,4.43,-0.091,-0.019,0.058,0.005,-0.135,0.014,-0.249,-0.479
ILMN,🏦majority,-0.178,6.21,0.337,0.237,-0.109,-0.18,0.333,0.104,-0.165,-2.04
INCY,🏦majority,0.054,4.185,0.293,-0.006,0.001,-0.025,0.174,-0.278,-0.644,-0.802
INTC,🏦majority,-0.089,7.737,0.032,0.064,-0.113,-0.115,0.297,0.031,0.807,-3.054
INTU,🏦majority,0.249,5.225,0.011,0.388,-0.049,0.002,0.215,-0.341,-0.596,-1.163
INVH,🏦majority,0.101,3.112,0.201,-0.035,-0.076,-0.101,0.048,0.024,-0.53,-0.758
IOT,🏦majority,0.36,9.681,0.433,-0.299,-0.125,0.372,0.054,0.206,-0.099,-6.091
IP,🏦majority,-0.027,4.91,0.153,0.152,0.006,-0.086,-0.015,0.048,-0.02,-2.17
IPG,🏦majority,-0.088,3.885,0.319,0.119,-0.005,-0.134,0.329,-0.144,0.48,0.063
IQV,🏦majority,-0.017,5.001,-0.122,0.007,0.04,-0.083,-0.187,0.059,0.432,-2.281
IR,🏦majority,0.467,4.135,0.099,0.116,-0.065,-0.109,0.354,0.067,0.556,0.187
IRM,🏦majority,0.515,4.371,-0.207,-0.08,-0.147,0.051,0.026,-0.061,0.047,1.179
ISRG,🏦majority,0.121,4.722,0.123,0.16,0.177,-0.044,0.185,0.023,0.477,-3.496
IT,🏦majority,0.195,5.1,-0.128,-0.053,-0.015,-0.086,-0.188,0.052,0.142,-2.608
ITW,🏦majority,0.114,2.95,-0.126,0.022,0.021,-0.054,-0.14,0.081,0.16,-0.244
IVZ,🏦majority,0.161,5.135,0.128,0.232,0.133,-0.248,0.242,-0.124,0.187,0.337
J,🏦majority,0.207,3.436,0.498,0.156,-0.057,-0.127,0.246,-0.214,0.176,-1.098
JBHT,🏦majority,0.205,4.278,0.237,0.165,0.017,-0.142,0.229,0.102,0.244,-0.545
JBL,🏦majority,0.806,5.316,0.106,-0.011,0.077,0.109,-0.104,-0.027,0.483,0.88
JBLU,🏦majority,-0.195,7.514,-0.113,0.195,0.195,-0.136,0.195,-0.87,-0.181,-2.671
JCI,🏦majority,0.478,4.009,0.093,0.082,-0.103,-0.128,0.241,-0.305,0.369,0.211
JD,🏦majority,-0.696,7.398,0.627,-0.12,-0.273,0.041,0.56,-0.478,-0.384,-1.237
JKHY,🏦majority,0.041,3.257,0.302,-0.001,-0.239,0.062,0.143,-0.218,0.288,0.144
JNJ,🏦majority,0.088,2.453,-0.135,-0.037,0.014,-0.04,-0.218,0.154,-0.231,-0.528
JNPR,🏦majority,0.096,3.582,0.093,0.013,-0.096,0.006,-0.035,0.044,-0.11,-0.351
JPM,🏦majority,0.586,3.444,0.006,0.069,0.025,-0.023,-0.209,0.04,-0.414,-0.663
K,🏦majority,0.072,2.957,0.119,0.002,0.013,-0.022,0.051,-0.103,-0.097,0.016
KDP,🏦majority,0.151,2.966,0.187,0.057,0.035,-0.04,0.133,-0.112,0.146,-0.961
KEY,🏦majority,0.206,5.165,-0.206,0.225,0.001,-0.106,0.012,-0.092,0.034,-1.621
KEYS,🏦majority,0.49,4.838,0.096,0.024,0.058,0.117,0.182,-0.168,0.111,-2.202
KGC,🏦majority,1.009,5.887,-0.277,0.196,-0.068,-0.117,-0.023,0.135,0.794,-1.484
KHC,🏦majority,-0.152,3.132,0.194,-0.05,-0.104,-0.058,0.122,-0.077,0.596,-0.205
KIM,🏦majority,0.106,3.424,0.225,0.141,-0.106,0.032,0.288,-0.007,0.102,-1.078
KKR,🏦majority,0.433,5.285,-0.234,-0.001,0.033,0.284,-0.045,0.313,-0.614,-2.635
KLAC,🏦majority,0.775,5.979,0.417,0.358,-0.143,-0.211,0.517,0.16,-0.467,-1.547
KMB,🏦majority,-0.085,2.883,-0.034,-0.059,-0.077,-0.084,-0.088,-0.047,-0.044,-0.716
KMI,🏦majority,0.312,3.311,0.363,0.084,-0.132,-0.112,0.213,0.059,0.445,-1.414
KMX,🏦majority,-0.099,5.916,-0.243,0.22,-0.106,-0.183,0.315,0.035,-0.654,-2.177
KO,🏦majority,0.105,2.324,-0.011,-0.155,0.001,0.024,0.006,0.059,0.162,-2.391
KR,🏦majority,0.133,3.746,0.419,0.054,0.097,-0.21,0.189,-0.067,0.22,-0.828
KVUE,🏦majority,-0.221,3.658,0.221,-0.018,-0.006,-0.176,0.061,-0.059,-0.349,-0.641
L,🏦majority,0.437,2.547,0.13,0.114,0.088,-0.192,0.129,-0.071,0.171,-0.832
LCID,🏦majority,-1.952,11.095,1.57,0.011,-0.637,-0.321,0.752,-0.304,0.25,-6.026
LDOS,🏦majority,0.342,3.963,-0.371,-0.032,0.03,0.003,-0.245,-0.05,-0.05,-2.598
LEN,🏦majority,0.0,4.666,-0.061,0.336,-0.013,-0.147,0.131,0.045,-0.361,-3.126
LH,🏦majority,0.116,3.255,0.047,0.156,0.084,-0.15,0.05,-0.15,-0.224,-2.397
LHX,🏦majority,0.176,3.422,0.014,0.057,-0.118,-0.032,0.005,-0.119,-0.293,0.242
LI,🏦majority,-0.498,8.661,0.283,0.397,-0.065,-0.369,0.063,0.12,-0.746,-3.791
LII,🏦majority,0.143,4.463,-0.076,0.085,-0.148,-0.17,-0.224,0.06,-0.089,-2.057
LIN,🏦majority,0.349,2.755,0.159,0.008,-0.204,-0.036,0.02,0.089,-0.189,-0.069
LITE,🏦majority,0.505,8.206,0.356,-0.198,0.046,-0.008,0.495,-0.505,-0.207,-3.07
LKQ,🏦majority,-0.02,3.977,0.124,0.167,-0.08,-0.049,0.24,0.152,-0.42,-4.568
LLY,🏦majority,0.748,4.69,-0.342,0.032,0.087,0.062,-0.363,-0.016,-0.083,-4.021
LMT,🏦majority,0.23,3.484,0.224,-0.029,-0.059,0.02,-0.11,0.025,0.027,-0.239
LNC,🏦majority,0.477,5.84,-0.152,0.351,0.017,-0.155,0.18,-0.165,0.431,-2.746
LNG,🏦majority,0.328,4.115,0.636,-0.019,-0.113,-0.281,0.48,-0.356,0.159,-1.607
LNT,🏦majority,0.248,2.681,0.259,0.078,-0.079,-0.071,0.259,-0.026,-0.029,-1.567
LOW,🏦majority,0.089,3.601,-0.037,0.087,0.066,-0.075,-0.123,0.062,-0.099,-0.602
LRCX,🏦majority,0.87,6.491,0.066,0.534,-0.234,-0.189,0.316,-0.064,0.376,0.335
LULU,🏦majority,-0.245,5.99,-0.499,-0.121,0.086,0.07,-0.711,-0.002,0.787,-1.321
LUV,🏦majority,0.155,5.53,-0.196,-0.047,0.079,0.056,-0.082,0.093,0.238,-3.121
LVS,🏦majority,-0.124,5.52,0.183,-0.035,0.07,-0.144,0.1,-0.142,0.58,-5.63
LW,🏦majority,0.422,5.413,-0.252,0.155,0.078,-0.068,0.122,-0.27,0.152,0.406
LYB,🏦majority,-0.177,4.563,0.436,0.125,0.074,0.002,0.34,-0.096,-0.223,-0.863
LYFT,🏦majority,-0.691,9.619,-0.287,0.095,0.39,-0.304,-0.093,-0.795,0.335,-3.87
LYV,🏦majority,0.476,4.703,-0.334,0.004,0.022,-0.148,0.105,-0.053,-0.278,-2.166
MA,🏦majority,0.388,3.294,0.102,0.078,0.067,-0.061,0.083,-0.285,-0.371,-0.149
MAA,🏦majority,-0.052,3.019,0.059,-0.026,-0.079,-0.119,0.155,-0.279,-0.148,-2.113
MAR,🏦majority,0.548,4.058,-0.129,0.109,0.067,0.001,-0.06,0.047,0.083,-1.155
MAS,🏦majority,-0.115,4.214,0.078,0.014,-0.015,0.043,0.172,-0.063,-0.316,-2.07
MCD,🏦majority,0.096,2.453,-0.209,0.085,0.065,-0.045,-0.076,0.148,0.063,0.105
MCHP,🏦majority,-0.117,6.025,0.51,0.156,0.083,-0.013,0.436,-0.23,-0.511,-1.698
MCK,🏦majority,0.571,3.421,0.459,0.125,0.015,-0.085,0.339,-0.052,-0.015,-0.679
MCO,🏦majority,0.274,3.666,0.032,0.018,-0.059,0.013,0.234,0.009,0.103,0.413
MDB,🏦majority,0.243,9.89,0.428,-0.07,0.262,-0.101,0.192,-0.289,-0.959,-6.679
MDLZ,🏦majority,0.139,2.719,0.092,-0.045,-0.009,-0.023,0.062,0.031,0.094,-0.406
MDT,🏦majority,-0.131,3.046,-0.007,0.055,0.093,-0.018,0.212,-0.063,0.016,-1.522
MET,🏦majority,0.535,3.544,-0.036,0.12,0.043,-0.073,-0.098,-0.095,0.759,-0.668
META,🏦majority,0.608,7.047,-0.272,0.095,0.308,0.172,-0.02,0.356,0.563,-0.539
MGM,🏦majority,0.14,5.451,0.048,0.239,-0.047,-0.032,-0.084,-0.077,-0.858,-0.587
MHK,🏦majority,-0.446,5.58,0.509,-0.082,-0.007,0.022,0.034,-0.208,0.2,-4.885
MKC,🏦majority,-0.144,3.542,-0.225,-0.124,0.042,-0.016,-0.301,-0.319,-0.456,-2.649
MKTX,🏦majority,-0.401,5.31,0.026,-0.075,-0.105,-0.17,0.19,-0.017,-0.074,-2.554
MLM,🏦majority,0.233,3.621,0.288,0.031,0.009,-0.215,0.184,-0.253,-0.17,-0.051
MMC,🏦majority,0.403,2.627,-0.144,0.039,-0.042,-0.027,-0.12,0.045,-0.092,0.155
MMM,🏦majority,-0.091,3.81,-0.011,0.118,-0.033,-0.149,0.145,-0.083,0.408,-2.573
MNDY,🏦majority,-0.304,10.354,0.436,-0.221,-0.439,0.197,0.085,0.038,0.409,-2.656
MNST,🏦majority,0.363,3.243,-0.105,0.047,0.167,-0.056,0.006,-0.219,-0.029,0.241
MO,🏦majority,0.288,3.028,0.111,-0.009,-0.046,-0.14,0.111,-0.053,-0.135,-0.783
MOH,🏦majority,0.247,5.705,-0.404,0.024,0.121,-0.321,-0.268,-0.091,-0.08,-1.35
MOS,🏦majority,0.096,5.851,-0.151,0.155,0.148,0.182,-0.178,0.042,-0.538,-2.193
MPC,🏦majority,0.82,4.748,-0.33,-0.177,0.103,-0.097,-0.171,0.097,0.845,-1.416
MPWR,🏦majority,0.75,6.885,0.218,0.397,0.223,-0.117,0.303,0.052,0.341,0.764
MRK,🏦majority,0.113,3.515,-0.137,0.01,0.068,-0.04,-0.057,0.142,-0.427,-0.661
MRNA,🏦majority,-0.375,9.847,-0.417,-0.031,0.099,0.187,-0.042,0.426,0.116,-3.398
MRO,🏦majority,0.596,5.964,0.273,-0.022,-0.088,-0.064,-0.145,-0.154,1.274,-0.358
MRVL,🏦majority,0.724,8.416,0.68,0.399,0.012,-0.245,0.576,-0.42,0.286,-1.159
MS,🏦majority,0.439,4.115,-0.079,0.124,0.09,-0.038,0.198,0.052,0.183,0.206
MSCI,🏦majority,0.118,4.177,0.166,0.117,0.017,-0.152,0.216,0.059,-0.068,-2.422
MSFT,🏦majority,0.357,3.777,-0.106,0.06,0.089,-0.112,-0.3,0.128,-0.023,-0.909
MSI,🏦majority,0.554,3.13,-0.1,0.084,0.014,-0.06,0.097,-0.003,0.2,-1.339
MTB,🏦majority,0.295,4.119,0.152,0.017,-0.15,-0.106,0.013,-0.194,0.239,-1.872
MTCH,🏦majority,-0.267,5.849,0.049,-0.02,0.014,0.064,0.243,0.267,-0.801,-1.368
MTD,🏦majority,0.273,4.536,0.182,0.227,0.103,-0.396,0.106,0.008,-0.004,0.807
MTDR,🏦majority,0.414,6.672,0.317,0.015,0.113,-0.17,0.464,0.097,-0.414,-3.298
MU,🏦majority,0.591,8.052,-0.365,-0.139,-0.267,-0.022,-0.541,-0.091,0.96,-1.597
NCLH,🏦majority,0.0,7.821,0.212,-0.129,-0.208,0.044,-0.122,-0.303,-0.641,-4.021
NDAQ,🏦majority,0.334,3.409,0.002,0.036,0.105,0.009,-0.126,0.057,-0.351,0.032
NDSN,🏦majority,0.294,3.353,0.274,0.126,-0.041,-0.037,0.274,-0.2,0.149,-0.889
NEE,🏦majority,0.387,3.719,-0.043,-0.001,0.047,-0.15,-0.175,-0.133,-0.179,-1.424
NEM,🏦majority,0.309,5.42,-0.195,-0.041,0.211,0.154,0.013,0.023,0.471,0.324
NET,🏦majority,0.614,10.043,0.033,-0.127,0.295,-0.035,0.111,0.283,0.618,-0.446
NFLX,🏦majority,0.181,6.335,-0.078,-0.018,-0.011,0.137,-0.412,-0.017,-0.319,-1.96
NI,🏦majority,0.404,2.73,0.559,0.108,-0.082,0.001,0.394,-0.055,0.191,-0.245
NIO,🏦majority,-1.351,9.936,0.233,0.473,0.245,-0.051,-0.023,0.034,0.579,-8.601
NKE,🏦majority,-0.431,4.849,-0.11,-0.101,0.119,0.007,-0.159,0.299,0.619,-1.474
NOC,🏦majority,0.304,3.582,0.093,0.062,0.07,-0.025,0.128,-0.175,0.012,-4.197
NOV,🏦majority,0.118,5.998,0.552,0.159,-0.01,-0.218,0.639,-0.143,0.371,-0.518
NOW,🏦majority,0.201,6.037,0.466,-0.123,-0.223,-0.06,0.051,-0.124,-0.037,-1.451
NRG,🏦majority,0.659,5.518,0.151,0.093,0.034,0.034,0.042,0.506,0.057,-1.459
NSC,🏦majority,0.148,3.428,-0.17,0.159,-0.046,0.003,0.048,0.107,0.219,0.001
NTAP,🏦majority,0.395,5.039,-0.25,0.166,0.013,0.024,-0.311,-0.014,-0.124,-1.433
NTES,🏦majority,0.164,5.629,0.603,0.142,0.048,-0.073,0.489,-0.043,0.147,-2.767
NTRS,🏦majority,0.342,3.873,0.106,0.253,-0.005,-0.114,0.187,-0.261,-0.244,0.33
NUE,🏦majority,0.535,5.489,-0.168,0.04,0.21,0.056,-0.535,0.372,-0.338,0.082
NVDA,🏦majority,1.176,6.964,-0.015,0.079,-0.143,0.012,0.295,0.056,1.112,-0.925
NVR,🏦majority,0.147,3.538,0.102,0.115,-0.131,-0.118,0.315,0.011,-0.136,-2.413
NWL,🏦majority,-0.57,7.125,0.107,-0.12,0.226,-0.352,-0.104,-0.568,1.389,-3.548
NWS,🏦majority,0.287,3.881,-0.181,0.089,-0.044,-0.089,-0.068,0.24,0.24,-1.07
NWSA,🏦majority,0.208,3.703,0.005,0.04,0.045,-0.056,0.004,0.1,0.171,-0.617
NXPI,🏦majority,0.051,5.381,0.291,0.267,0.031,-0.367,0.338,-0.17,-0.389,-0.099
O,🏦majority,0.076,2.655,-0.095,-0.023,-0.118,0.03,-0.068,-0.061,-0.483,-0.613
ODFL,🏦majority,0.209,5.021,0.005,0.066,-0.072,0.087,-0.012,0.219,-0.407,-2.369
OKE,🏦majority,0.508,4.136,0.213,-0.109,-0.042,-0.029,0.019,-0.075,0.453,-0.825
OKTA,🏦majority,-0.082,8.218,0.175,-0.016,-0.085,-0.259,0.071,0.005,-0.688,-0.573
OMC,🏦majority,0.147,3.881,0.244,0.185,-0.056,-0.158,0.32,-0.321,0.379,-0.527
ON,🏦majority,0.241,7.243,0.361,0.155,0.134,-0.104,0.223,-0.037,1.08,-1.878
ORCL,🏦majority,0.183,6.235,-0.261,-0.048,0.026,-0.004,-0.276,0.207,-0.08,-1.896
ORLY,🏦majority,0.407,3.193,0.142,0.219,-0.088,-0.053,0.089,-0.025,-0.263,0.203
OTIS,🏦majority,0.122,2.951,-0.177,0.068,-0.0,-0.007,0.01,-0.006,-0.084,-1.415
OXY,🏦majority,0.216,5.461,0.003,0.08,0.028,-0.063,0.07,0.068,0.066,-1.031
PANW,🏦majority,0.731,5.995,0.128,-0.068,0.044,0.012,0.228,-0.011,-0.306,-3.102
PARA,🏦majority,-0.129,6.832,0.584,0.046,-0.063,0.129,0.577,-0.016,-0.74,-1.724
PATH,🏦majority,-0.569,8.574,1.063,-0.059,-0.192,-0.206,0.644,-1.081,-0.353,-1.25
PAYC,🏦majority,-0.065,6.291,0.393,-0.202,-0.178,-0.056,-0.045,0.108,-0.797,-3.335
PAYX,🏦majority,0.173,3.235,-0.095,0.028,0.022,0.136,-0.008,0.256,-0.599,-1.914
PCAR,🏦majority,0.358,3.464,0.501,-0.028,-0.195,0.004,0.308,-0.007,-0.431,-2.155
PCG,🏦majority,0.406,3.836,0.169,0.1,-0.045,-0.051,0.186,-0.146,-1.057,-0.911
PDD,🏦majority,-0.036,9.345,0.148,0.105,-0.043,-0.3,0.621,-0.362,0.122,-7.157
PEAK,🏦majority,-0.423,3.71,-0.267,-0.191,-0.015,0.009,-0.314,0.224,0.062,0.349
PEG,🏦majority,0.203,2.851,0.16,-0.0,0.017,-0.046,0.068,-0.139,0.286,-1.59
PENN,🏦majority,-0.226,6.894,0.85,0.16,-0.02,-0.382,0.797,-0.254,-2.007,-1.582
PEP,🏦majority,-0.02,2.56,0.037,0.014,-0.063,-0.032,0.004,-0.008,0.309,-0.992
PFE,🏦majority,-0.21,3.572,-0.071,-0.036,0.048,-0.063,-0.197,-0.16,-0.656,-1.201
PFG,🏦majority,0.512,3.757,0.105,0.057,-0.032,-0.019,0.159,0.042,-0.321,-1.773
PG,🏦majority,0.205,2.423,0.09,-0.062,0.027,-0.004,-0.069,-0.014,-0.519,-0.335
PGR,🏦majority,0.441,3.266,0.158,0.099,0.02,-0.064,0.039,0.048,-0.123,-0.611
PH,🏦majority,0.598,3.843,0.055,0.116,0.039,-0.292,0.302,-0.178,-0.161,-0.894
PHM,🏦majority,0.305,4.562,-0.013,0.168,0.147,-0.09,-0.093,0.26,-0.024,-1.119
PKG,🏦majority,0.361,3.412,0.254,0.135,0.028,-0.125,0.195,0.099,0.195,0.826
PLD,🏦majority,0.337,3.826,-0.115,0.186,0.178,-0.085,-0.071,0.005,0.322,-1.652
PLTR,🏦majority,0.695,9.574,-0.772,0.218,0.343,0.118,-0.535,-0.088,0.356,-7.18
PM,🏦majority,0.349,3.348,-0.154,-0.086,0.106,0.076,-0.319,-0.053,0.222,0.36
PNC,🏦majority,0.229,3.846,-0.08,0.024,0.113,-0.064,-0.099,-0.141,-0.681,-1.137
PNR,🏦majority,0.159,3.933,0.138,0.139,0.071,-0.051,0.011,-0.003,-0.037,1.297
PNW,🏦majority,0.263,2.829,0.057,-0.072,0.051,0.035,0.047,0.168,0.12,0.124
PODD,🏦majority,-0.084,5.795,0.112,0.244,-0.057,-0.256,0.38,-0.488,0.33,-0.051
POOL,🏦majority,-0.358,4.731,0.487,0.159,-0.039,-0.248,0.187,0.249,-0.192,-1.857
PPG,🏦majority,-0.046,3.744,-0.223,0.144,0.037,0.014,-0.159,0.119,0.209,-2.517
PPL,🏦majority,0.297,2.717,0.086,0.009,-0.055,0.009,0.122,-0.118,0.261,0.0
PRU,🏦majority,0.339,3.613,0.117,0.138,0.037,-0.032,-0.024,-0.041,0.103,-1.167
PSA,🏦majority,0.158,3.414,-0.293,0.008,0.094,-0.012,-0.155,0.062,0.047,-1.64
PSX,🏦majority,0.515,4.914,-0.358,-0.016,0.155,-0.085,-0.291,0.03,-0.444,-2.972
PTC,🏦majority,0.06,4.187,0.412,-0.006,-0.088,-0.074,0.11,0.199,0.075,-1.461
PWR,🏦majority,0.956,4.613,0.587,0.291,0.08,-0.16,0.38,-0.123,-0.579,-0.329
PXD,🏦majority,0.4,4.858,0.343,-0.042,0.096,-0.125,-0.111,-0.018,0.348,0.757
PYPL,🏦majority,-0.308,5.967,-0.118,0.237,0.088,-0.096,0.068,-0.403,-0.519,-2.439
QCOM,🏦majority,-0.018,5.746,0.183,0.072,-0.191,0.054,0.038,0.179,-0.811,-0.12
QRVO,🏦majority,-0.043,5.433,0.272,0.102,0.021,-0.114,0.41,0.115,0.159,-1.457
RACE,🏦majority,0.417,4.174,-0.518,0.099,0.235,0.119,-0.299,0.354,-0.19,-0.374
RBLX,🏦majority,0.304,9.331,0.002,-0.226,0.513,0.323,-0.105,-0.717,-1.62,-0.791
RCL,🏦majority,0.744,6.723,-0.096,-0.259,0.226,0.222,-0.412,0.083,-0.39,2.333
RE,🏦majority,0.376,3.778,0.24,0.098,0.268,-0.023,0.318,-0.006,0.273,1.27
REG,🏦majority,0.211,2.916,0.251,0.143,0.006,-0.142,0.34,-0.129,0.172,-0.416
REGN,🏦majority,0.235,4.362,0.129,0.086,0.001,-0.141,0.06,0.015,0.009,-2.292
RF,🏦majority,0.421,4.375,-0.075,0.061,-0.162,-0.063,-0.013,-0.255,-0.21,-0.042
RGLD,🏦majority,0.232,4.58,0.045,-0.249,-0.286,0.102,0.076,0.168,-0.242,-2.546
RIG,🏦majority,0.0,6.941,0.174,0.0,0.0,0.153,0.0,0.633,1.151,2.071
RIVN,🏦majority,-0.832,10.741,0.289,0.03,0.049,0.221,0.148,0.479,0.445,-4.487
RJF,🏦majority,0.474,4.009,-0.016,0.093,0.039,-0.026,0.064,0.119,0.125,-1.054
RL,🏦majority,0.376,4.988,-0.03,0.115,-0.002,-0.135,-0.006,-0.299,-0.346,-2.505
RMD,🏦majority,0.097,4.262,0.136,0.016,0.07,0.029,0.123,-0.174,0.234,-3.779
ROK,🏦majority,0.26,4.283,0.269,0.121,0.015,-0.123,0.275,-0.343,0.506,-0.055
ROKU,🏦majority,-0.218,9.207,-0.444,0.076,0.23,0.174,-0.22,-0.011,1.208,-7.392
ROL,🏦majority,0.193,3.522,0.029,0.059,0.026,-0.084,0.014,-0.122,-0.07,-3.344
ROP,🏦majority,0.067,3.061,0.301,0.02,0.007,-0.036,0.131,-0.133,-0.219,-2.407
ROST,🏦majority,0.349,3.945,-0.281,-0.041,0.22,0.008,-0.387,0.088,0.485,-0.089
RSG,🏦majority,0.299,2.458,-0.077,-0.077,0.091,-0.028,-0.053,-0.076,0.128,-0.483
RTX,🏦majority,0.355,3.355,0.31,0.057,-0.033,-0.055,0.318,0.137,0.446,0.106
RVTY,🏦majority,0.045,4.708,0.347,-0.045,0.119,0.072,0.23,-0.359,0.646,0.149
SATS,🏦majority,0.477,10.556,0.137,0.137,-0.298,-0.342,0.137,-1.382,-0.633,-4.735
SBAC,🏦majority,-0.225,4.149,-0.113,0.149,-0.021,-0.179,-0.177,-0.034,-0.134,-4.455
SBUX,🏦majority,0.073,4.222,0.037,0.113,0.034,-0.042,0.292,0.107,-0.837,-2.428
SCHW,🏦majority,0.287,4.657,-0.004,0.144,-0.031,-0.02,0.087,-0.142,0.255,-3.922
SEE,🏦majority,-0.055,4.453,-0.06,0.032,-0.056,-0.16,0.199,-0.356,0.187,-1.001
SEMR,🏦majority,0.084,13.269,-0.338,0.084,0.0,-0.799,-0.084,-0.962,0.084,-7.955
SHOP,🏦majority,-0.05,9.04,0.061,0.302,0.096,-0.272,-0.058,-0.225,-0.814,-3.669
SHW,🏦majority,0.164,3.632,-0.257,0.01,0.055,-0.067,-0.038,-0.019,0.344,-1.312
SJM,🏦majority,0.121,3.423,0.12,0.005,0.067,0.097,0.149,0.046,-0.385,-0.543
SLB,🏦majority,0.145,5.501,-0.053,0.035,-0.076,-0.145,0.058,-0.292,-0.448,-1.126
SMCI,🏦majority,0.789,13.658,-0.621,0.411,-0.1,-0.001,-0.167,0.024,1.53,-4.305
SNA,🏦majority,0.37,3.065,0.327,0.262,0.15,-0.091,0.409,-0.138,-0.112,-2.71
SNOW,🏦majority,0.329,8.519,0.133,0.098,-0.023,-0.154,0.026,-0.078,0.301,-2.889
SNPS,🏦majority,0.266,5.45,0.017,-0.022,-0.125,-0.076,-0.17,-0.051,-0.044,-3.535
SO,🏦majority,0.323,2.548,0.038,0.114,-0.031,-0.043,0.116,-0.158,0.003,0.069
SOFI,🏦majority,0.055,9.419,-0.345,0.015,0.643,0.264,-0.114,0.717,0.113,-1.275
SOLV,🏦majority,-0.039,4.489,-0.056,-0.107,0.073,0.046,-0.366,-0.425,-0.119,0.918
SPG,🏦majority,0.394,3.613,0.131,0.149,0.002,-0.055,0.223,-0.027,-0.109,0.265
SPGI,🏦majority,0.254,3.509,0.011,0.073,0.124,-0.032,0.135,-0.099,0.464,-0.67
SPOT,🏦majority,0.342,6.381,-0.15,0.345,0.138,-0.241,-0.156,-0.123,0.538,-2.575
SPT,🏦majority,-0.511,9.512,0.052,0.108,0.032,0.113,-0.066,0.201,-0.248,-1.466
SQ,🏦majority,-0.429,8.713,0.38,0.095,-0.347,0.153,0.092,0.128,-0.824,-0.728
SRE,🏦majority,0.237,3.187,0.348,0.011,-0.175,0.095,0.312,-0.072,0.438,-1.252
STE,🏦majority,0.117,3.589,0.387,0.006,-0.0,-0.022,0.349,0.31,0.06,-1.898
STLD,🏦majority,0.774,5.413,-0.065,0.285,0.335,-0.033,0.169,-0.685,-0.292,0.259
STT,🏦majority,0.723,4.212,0.013,0.241,-0.058,-0.057,-0.038,0.165,0.186,0.263
STX,🏦majority,0.893,6.907,-0.416,0.161,-0.051,0.159,-0.184,0.301,-0.001,-2.658
STZ,🏦majority,-0.099,3.328,0.086,0.039,0.067,-0.033,0.14,0.095,-0.082,-1.375
SW,🏦majority,-0.116,5.889,0.662,-0.218,-0.719,-0.081,0.784,-0.358,-0.005,-0.286
SWK,🏦majority,-0.294,5.271,0.43,0.167,0.102,-0.247,0.469,-0.436,0.135,-3.303
SWKS,🏦majority,-0.264,5.227,0.192,0.124,-0.041,-0.014,-0.168,-0.085,0.82,-2.247
SYF,🏦majority,0.416,4.954,0.216,0.002,-0.143,-0.122,0.05,0.038,-0.791,-0.889
SYK,🏦majority,0.097,3.48,-0.017,0.041,-0.08,-0.047,0.004,0.204,0.081,-0.612
SYY,🏦majority,0.131,3.225,-0.091,0.033,0.068,0.025,0.083,0.096,0.116,-0.18
T,🏦majority,0.072,3.689,0.045,-0.072,-0.021,0.005,0.143,0.239,0.887,-2.151
TAP,🏦majority,-0.245,3.549,0.095,0.027,-0.011,-0.01,0.056,0.107,0.277,-0.777
TDG,🏦majority,0.463,3.844,0.31,0.063,-0.052,-0.085,0.285,-0.122,0.237,-1.732
TDY,🏦majority,0.361,3.265,0.151,0.101,-0.027,0.016,0.155,-0.293,-0.219,-1.587
TECH,🏦majority,-0.155,5.599,-0.189,-0.013,0.226,-0.084,0.272,-0.421,0.608,-0.859
TEL,🏦majority,0.297,3.922,-0.059,0.101,-0.066,-0.082,0.035,-0.147,0.372,-0.756
TER,🏦majority,0.618,6.831,0.127,0.519,0.183,-0.153,0.115,0.171,0.901,-1.657
TFC,🏦majority,0.182,4.363,0.096,0.058,-0.002,-0.182,0.111,-0.038,0.158,-1.143
TFX,🏦majority,-0.239,4.769,0.001,-0.021,-0.072,-0.127,0.126,0.237,0.087,-1.688
TGT,🏦majority,-0.1,4.904,-0.076,-0.01,-0.171,0.082,-0.192,0.084,-0.053,-4.31
TJX,🏦majority,0.305,3.046,0.384,-0.0,0.044,0.042,0.21,0.034,-0.336,0.157
TKO,🏦majority,0.325,4.688,0.417,-0.002,-0.069,-0.024,0.339,-0.156,0.567,1.434
TM,🏦majority,0.003,3.836,0.071,-0.175,0.136,-0.111,0.122,0.067,0.188,-1.906
TMO,🏦majority,0.182,3.876,-0.017,0.137,0.06,-0.128,0.133,-0.12,0.158,-1.253
TMUS,🏦majority,0.074,3.361,0.101,-0.062,-0.109,-0.033,0.127,-0.049,-0.02,-1.088
TOST,🏦majority,0.183,8.352,0.621,0.158,-0.109,-0.137,0.663,0.127,0.855,0.112
TPL,🏦majority,0.302,7.712,0.172,-0.011,-0.308,0.077,0.327,0.494,0.099,-1.409
TPR,🏦majority,0.577,5.319,-0.103,0.074,0.101,0.139,-0.08,0.53,-0.753,-2.952
TRGP,🏦majority,0.991,4.409,0.575,0.104,-0.108,-0.203,0.295,-0.024,0.21,-0.602
TRMB,🏦majority,0.05,4.569,-0.289,0.125,-0.017,-0.05,-0.191,-0.035,-0.273,0.184
TROW,🏦majority,-0.166,4.059,0.372,0.036,-0.141,-0.092,0.372,-0.184,-0.08,-2.53
TRV,🏦majority,0.38,2.939,0.128,0.024,-0.06,-0.059,0.177,-0.022,-0.033,0.166
TSCO,🏦majority,0.078,3.971,0.142,0.102,0.121,-0.056,0.055,0.263,0.162,-2.008
TSLA,🏦majority,-0.07,8.413,0.383,-0.233,-0.143,0.102,0.009,-0.223,-0.982,-3.076
TSN,🏦majority,-0.044,3.517,0.304,0.044,-0.053,-0.139,0.297,-0.182,-0.07,-0.648
TT,🏦majority,0.39,3.798,-0.328,-0.019,-0.117,-0.074,-0.1,0.035,-0.25,-1.822
TTD,🏦majority,-0.089,9.293,-0.525,0.183,0.131,0.188,-0.709,-0.214,-0.097,-9.538
TTWO,🏦majority,0.262,4.508,0.305,0.065,0.15,-0.182,-0.189,-0.154,0.058,-1.231
TWLO,🏦majority,0.241,8.545,0.367,0.139,-0.134,-0.198,0.139,0.202,-0.729,1.046
TXN,🏦majority,0.039,4.244,0.045,0.189,-0.039,-0.124,0.332,-0.044,0.52,-2.383
TXT,🏦majority,0.292,3.704,0.434,0.126,0.019,-0.081,0.427,-0.264,0.167,-0.879
TYL,🏦majority,-0.007,4.415,0.177,0.112,0.073,-0.218,0.233,0.054,0.089,-0.907
U,🏦majority,-0.441,10.81,0.056,-0.209,0.36,0.149,0.101,-0.072,0.448,-7.02
UAL,🏦majority,0.488,6.922,-0.705,-0.025,0.677,-0.143,-0.189,-0.167,0.036,-1.409
UBER,🏦majority,0.122,6.279,0.512,-0.059,-0.048,0.042,0.174,-0.549,-0.358,-1.313
UDR,🏦majority,0.0,3.199,0.203,0.051,-0.028,-0.062,0.135,-0.132,0.013,-2.562
UHS,🏦majority,0.248,4.766,-0.032,-0.053,-0.116,0.062,-0.023,0.323,0.092,-2.936
ULTA,🏦majority,0.388,4.758,0.196,0.061,-0.063,-0.129,0.306,-0.12,0.058,-2.257
UNH,🏦majority,0.247,4.754,0.103,0.094,-0.126,0.013,0.086,-0.048,-0.166,-4.452
UNP,🏦majority,0.009,3.151,-0.046,0.037,0.044,0.061,-0.001,-0.139,-0.106,-1.378
UPS,🏦majority,0.094,4.047,0.099,0.102,0.079,-0.097,0.127,-0.077,-0.023,-0.349
UPST,🏦majority,-0.71,14.664,-0.753,-0.362,0.514,0.875,-0.727,0.265,-0.404,-1.905
URI,🏦majority,0.395,5.544,0.041,0.097,0.04,-0.13,-0.034,0.033,-0.161,-0.469
USB,🏦majority,0.207,4.053,0.149,0.018,-0.037,0.055,0.057,-0.136,-0.367,-1.759
V,🏦majority,0.33,3.074,0.038,0.049,0.155,-0.09,0.065,-0.032,-0.078,-1.943
VEEV,🏦majority,-0.141,5.53,0.028,0.023,-0.341,0.165,0.118,-0.237,-0.332,-2.224
VICI,🏦majority,0.0,2.925,0.03,0.031,-0.031,0.0,-0.177,0.146,0.432,-1.375
VLO,🏦majority,0.639,5.169,-0.187,0.095,0.064,-0.061,-0.279,0.263,-1.208,-0.201
VLTO,🏦majority,0.208,2.967,0.202,-0.042,0.082,0.027,0.161,-0.046,-0.239,0.798
VMC,🏦majority,0.268,3.542,0.132,-0.013,-0.014,-0.21,0.118,0.026,-0.306,-2.499
VRSK,🏦majority,0.319,3.619,0.09,-0.02,0.167,-0.034,-0.154,-0.118,-0.161,-0.584
VRSN,🏦majority,0.293,3.623,-0.198,0.122,0.034,-0.052,-0.059,-0.282,0.184,-0.16
VRT,🏦majority,1.265,8.795,-0.262,0.286,0.288,-0.125,0.003,0.577,-0.042,-2.313
VRTX,🏦majority,0.422,3.812,0.212,0.067,0.022,-0.119,0.195,-0.064,-0.054,-0.604
VST,🏦majority,0.748,6.372,0.682,0.043,-0.193,-0.119,0.384,0.072,0.183,0.026
VTR,🏦majority,0.252,3.569,0.327,-0.023,-0.111,0.047,0.039,-0.392,-0.173,-0.327
VTRS,🏦majority,0.1,4.864,0.429,-0.1,0.073,-0.005,0.327,-0.1,-0.1,-2.267
VZ,🏦majority,-0.076,3.182,0.126,0.1,-0.063,0.02,0.204,-0.225,0.115,-1.054
WAB,🏦majority,0.633,3.522,0.319,0.114,0.068,-0.062,0.115,0.07,0.201,-1.108
WAT,🏦majority,0.044,4.584,0.199,0.012,-0.005,-0.028,0.129,-0.354,-0.073,-1.871
WBA,🏦majority,-0.388,5.389,0.158,0.124,-0.052,-0.28,0.068,-0.238,0.757,0.393
WBD,🏦majority,0.037,7.771,0.569,0.074,-0.11,0.051,0.365,0.23,-0.02,-4.242
WDAY,🏦majority,-0.095,5.612,0.368,-0.187,0.064,0.205,0.219,0.16,1.223,-3.263
WDC,🏦majority,1.048,7.788,-0.64,0.163,0.101,0.068,-0.272,-0.186,0.008,-2.662
WEC,🏦majority,0.222,2.647,0.178,-0.057,-0.011,-0.029,0.022,-0.054,0.342,-0.224
WELL,🏦majority,0.5,3.397,0.281,0.025,-0.072,0.078,-0.011,0.044,-0.102,-1.39
WFC,🏦majority,0.495,4.295,-0.392,0.062,0.189,-0.058,-0.37,0.154,-0.54,-1.394
WHR,🏦majority,-0.473,5.668,0.05,0.19,-0.266,0.006,0.513,-0.135,0.684,-3.852
WIX,🏦majority,-0.314,8.383,-0.112,-0.083,0.211,0.081,-0.165,0.213,-0.58,-4.623
WM,🏦majority,0.266,2.563,0.01,-0.051,-0.048,-0.1,-0.071,-0.093,-0.061,-1.837
WMB,🏦majority,0.525,3.42,0.208,0.109,0.013,-0.14,0.196,-0.064,-0.154,0.4
WMT,🏦majority,0.481,3.122,-0.057,0.043,0.066,-0.009,-0.048,0.14,0.356,0.409
WPM,🏦majority,0.627,5.196,-0.152,-0.031,-0.007,-0.04,-0.019,-0.037,-0.575,-2.441
WRB,🏦majority,0.469,3.028,0.467,0.135,0.016,-0.141,0.149,-0.382,-0.169,-0.411
WRK,🏦majority,0.345,4.491,0.06,0.316,0.116,-0.181,0.268,0.006,-0.015,-1.807
WSM,🏦majority,0.267,5.99,0.53,-0.076,-0.292,-0.162,0.019,0.051,0.521,-1.239
WST,🏦majority,0.345,5.303,-0.311,0.18,-0.018,-0.135,-0.072,0.007,-0.016,-4.921
WTW,🏦majority,0.329,3.313,0.261,0.11,-0.057,-0.137,0.262,-0.212,0.27,-0.239
WY,🏦majority,-0.198,3.567,0.373,-0.135,-0.201,-0.03,0.166,-0.115,0.36,-1.147
WYNN,🏦majority,-0.031,5.863,0.414,0.031,-0.086,-0.098,0.392,-0.388,-1.237,-2.264
XEL,🏦majority,0.187,2.904,0.228,0.077,-0.116,-0.034,0.238,-0.245,-0.092,-1.842
XOM,🏦majority,0.433,3.768,0.065,0.045,0.035,-0.055,0.179,-0.096,-0.349,0.208
XPEV,🏦majority,-0.861,10.776,-0.472,0.514,0.084,-0.533,0.251,-0.051,-0.086,-3.566
XRAY,🏦majority,-0.398,5.101,0.162,-0.089,0.04,0.033,0.235,-0.175,0.035,-1.583
XYL,🏦majority,0.183,3.665,-0.099,0.071,-0.046,-0.002,0.015,0.104,0.137,0.121
XYZ,🏦majority,0.456,7.619,0.139,0.068,0.15,0.246,0.421,-0.035,0.303,
YUM,🏦majority,0.086,2.896,0.003,0.161,-0.042,-0.137,0.105,0.248,0.028,-1.173
ZBH,🏦majority,0.036,3.709,-0.068,-0.085,0.063,-0.005,0.017,0.297,0.182,-3.097
ZBRA,🏦majority,-0.008,5.633,-0.443,-0.054,0.176,0.237,-0.377,-0.627,0.031,-1.045
ZION,🏦majority,0.441,5.72,0.154,0.146,0.016,-0.17,0.203,-0.337,-0.21,-2.469
ZS,🏦majority,0.245,7.757,0.001,-0.354,0.021,0.055,-0.342,0.125,-0.39,-2.163
ZTS,🏦majority,0.049,4.243,-0.04,0.176,-0.126,0.014,0.247,0.152,0.416,-0.907
