band,n_clears,n_promoted,n_final,gen,evaluated,ineligible,uncomputable,coverage,design_hash,shift
2.721146993197242,0,0,0,G1,,,,,,
2.7564679449934304,0,0,0,G1,,,,,,
2.7268311189585726,0,0,0,G1,,,,,,
2.7183079281116216,0,0,0,G1,,,,,,
2.7784185408671136,0,0,0,G1,,,,,,
2.821143160436339,0,0,0,G1,,,,,,
2.8431945171460327,0,0,0,G1,,,,,,
2.79943742779208,0,0,0,G1,,,,,,
2.7636197357312073,0,0,0,G1,,,,,,
2.7307253619838963,0,0,0,G1,,,,,,
2.808782531571111,0,0,0,G1,,,,,,
2.760249293618205,0,0,0,G1,,,,,,
2.805722765895547,0,0,0,G1,,,,,,
2.747133088108356,0,0,0,G1,,,,,,
2.7336577784636584,0,0,0,G1,,,,,,
2.7585830551408006,0,0,0,G1,,,,,,
2.773033320811173,1,1,1,G1,,,,,,
2.8261401597750084,0,0,0,G1,,,,,,
2.7891082271471084,0,0,0,G1,,,,,,
2.732588681357021,0,0,0,G1,,,,,,
2.7244631095946583,0,0,0,G1,,,,,,
2.77545776592618,0,0,0,G1,,,,,,
2.7706554077812986,0,0,0,G1,,,,,,
2.795387501431195,0,0,0,G1,,,,,,
2.758870252649166,0,0,0,G1,,,,,,
2.6970065599052333,0,0,0,G1,,,,,,
2.7588693920748066,0,0,0,G1,,,,,,
2.759973141715489,0,0,0,G1,,,,,,
2.8051795011773604,0,0,0,G1,,,,,,
2.731001671333222,0,0,0,G1,,,,,,
2.753066127549637,0,0,0,G1,,,,,,
2.8120600605543222,0,0,0,G1,,,,,,
2.781094465516763,0,0,0,G1,,,,,,
2.8033506611078463,1,1,1,G1,,,,,,
2.732527367901678,0,0,0,G1,,,,,,
2.7254171276083263,1,1,1,G1,,,,,,
2.7861886146087693,0,0,0,G1,,,,,,
2.7281367654446926,0,0,0,G1,,,,,,
2.7219401347718746,0,0,0,G1,,,,,,
2.8134045274461026,1,1,1,G1,,,,,,
2.7337339645894603,1,1,1,G1,,,,,,
2.7691836766495213,0,0,0,G1,,,,,,
2.810926101877914,0,0,0,G1,,,,,,
2.811166798296942,0,0,0,G1,,,,,,
2.7518889645569806,0,0,0,G1,,,,,,
2.7705051706948307,0,0,0,G1,,,,,,
2.756549900777646,0,0,0,G1,,,,,,
2.7539690039963487,0,0,0,G1,,,,,,
2.74406502554573,0,0,0,G1,,,,,,
2.7386051358435504,0,0,0,G1,,,,,,
2.738317009487172,0,0,0,G1,,,,,,
2.783049324124798,1,1,1,G1,,,,,,
2.8263959008236847,0,0,0,G1,,,,,,
2.7817623435965193,0,0,0,G1,,,,,,
2.7809602986841266,0,0,0,G1,,,,,,
2.7398905808395244,0,0,0,G1,,,,,,
2.73386609305878,0,0,0,G1,,,,,,
2.676839608326582,0,0,0,G1,,,,,,
2.8259657146730777,0,0,0,G1,,,,,,
2.7740193324370948,0,0,0,G1,,,,,,
2.7897135435337943,0,0,0,G1,,,,,,
2.776105600707543,0,0,0,G1,,,,,,
2.721362978666516,0,0,0,G1,,,,,,
2.7383994646844525,0,0,0,G1,,,,,,
2.7059600763204505,0,0,0,G1,,,,,,
2.7062227950033813,0,0,0,G1,,,,,,
2.7449028317228206,0,0,0,G1,,,,,,
2.752317911835071,0,0,0,G1,,,,,,
2.7862329212904315,0,0,0,G1,,,,,,
2.751686557555273,0,0,0,G1,,,,,,
2.7564208114143476,0,0,0,G1,,,,,,
2.7353962793818445,0,0,0,G1,,,,,,
2.816151505726827,0,0,0,G1,,,,,,
2.7640668866974583,0,0,0,G1,,,,,,
2.752111558458621,0,0,0,G1,,,,,,
2.6667078047563537,0,0,0,G1,,,,,,
2.801721814494296,0,0,0,G1,,,,,,
2.7750672431349095,0,0,0,G1,,,,,,
2.7868275599099195,0,0,0,G1,,,,,,
2.694258043119957,0,0,0,G1,,,,,,
2.8007624644259876,0,0,0,G1,,,,,,
2.724983839991348,0,0,0,G1,,,,,,
2.7697667796265946,0,0,0,G1,,,,,,
2.7669069846888523,0,0,0,G1,,,,,,
2.7354031640037575,0,0,0,G1,,,,,,
2.736127264096215,0,0,0,G1,,,,,,
2.7467950247221213,0,0,0,G1,,,,,,
2.703166613732355,0,0,0,G1,,,,,,
2.725637179319576,0,0,0,G1,,,,,,
2.7409841578113303,0,0,0,G1,,,,,,
2.7432014630162262,0,0,0,G1,,,,,,
2.7162633155792535,0,0,0,G1,,,,,,
2.896186763350138,0,0,0,G1,,,,,,
2.75288199582926,0,0,0,G1,,,,,,
2.740217418784604,0,0,0,G1,,,,,,
2.732519708554687,0,0,0,G1,,,,,,
2.84928963437286,0,0,0,G1,,,,,,
2.7556363078981834,1,1,1,G1,,,,,,
2.7727608814578804,0,0,0,G1,,,,,,
2.7959189345867737,0,0,0,G1,,,,,,
2.828547440601103,0,0,0,G1,,,,,,
2.787554639186566,0,0,0,G1,,,,,,
2.7582013188872674,0,0,0,G1,,,,,,
2.8444172506713885,0,0,0,G1,,,,,,
2.8113132764037165,0,0,0,G1,,,,,,
2.753096735538833,0,0,0,G1,,,,,,
2.7686638335150313,0,0,0,G1,,,,,,
2.7969323026751653,0,0,0,G1,,,,,,
2.7206961331210016,0,0,0,G1,,,,,,
2.809376010825692,0,0,0,G1,,,,,,
2.7584965139424775,0,0,0,G1,,,,,,
2.7430175264161076,0,0,0,G1,,,,,,
2.6527548122846913,0,0,0,G1,,,,,,
2.730777179048765,0,0,0,G1,,,,,,
2.7610086697546348,0,0,0,G1,,,,,,
2.6674840992185462,0,0,0,G1,,,,,,
2.8083564276736586,0,0,0,G1,,,,,,
2.753310075504403,0,0,0,G1,,,,,,
2.715154828728448,0,0,0,G1,,,,,,
2.7415092866561404,1,1,1,G1,,,,,,
2.8130539952067255,0,0,0,G1,,,,,,
2.8560839130625797,0,0,0,G1,,,,,,
2.7987696866540337,0,0,0,G1,,,,,,
2.7600433820855548,0,0,0,G1,,,,,,
2.7619175592124914,0,0,0,G1,,,,,,
2.709516790607735,0,0,0,G1,,,,,,
2.7940564335062685,0,0,0,G1,,,,,,
2.800786737473219,0,0,0,G1,,,,,,
2.712313534472061,0,0,0,G1,,,,,,
2.7323887641605427,0,0,0,G1,,,,,,
2.7482130586098403,0,0,0,G1,,,,,,
2.726366583531155,1,1,1,G1,,,,,,
2.783760390060461,0,0,0,G1,,,,,,
2.7234380777127294,0,0,0,G1,,,,,,
2.7914586393789222,0,0,0,G1,,,,,,
2.7458573514931115,0,0,0,G1,,,,,,
2.753606712159067,0,0,0,G1,,,,,,
2.7598979605349894,0,0,0,G1,,,,,,
2.7831607095013564,0,0,0,G1,,,,,,
2.83876813522003,0,0,0,G1,,,,,,
2.77148335937679,1,1,1,G1,,,,,,
2.803445560638617,0,0,0,G1,,,,,,
2.7695699333048025,0,0,0,G1,,,,,,
2.7640623312123807,0,0,0,G1,,,,,,
2.7422874500247474,1,1,1,G1,,,,,,
2.7504090461654,0,0,0,G1,,,,,,
2.80301476758676,0,0,0,G1,,,,,,
2.7370012907023518,0,0,0,G1,,,,,,
2.778158605778154,0,0,0,G1,,,,,,
2.722248785468342,0,0,0,G1,,,,,,
2.7838509769868476,0,0,0,G1,,,,,,
2.7410962968105665,0,0,0,G1,,,,,,
2.757035085776708,0,0,0,G1,,,,,,
2.8722973939266483,0,0,0,G1,,,,,,
2.728773218373862,0,0,0,G1,,,,,,
2.788693572899305,0,0,0,G1,,,,,,
2.8200686953897525,0,0,0,G1,,,,,,
2.749658399876363,0,0,0,G1,,,,,,
2.743976403129112,0,0,0,G1,,,,,,
2.730655289937424,0,0,0,G1,,,,,,
2.636521070215204,0,0,0,G1,,,,,,
2.6996610596183777,0,0,0,G1,,,,,,
2.7491995228075177,0,0,0,G1,,,,,,
2.7619197260949955,0,0,0,G1,,,,,,
2.790446036140928,0,0,0,G1,,,,,,
2.806694880371204,0,0,0,G1,,,,,,
2.7342973828661483,0,0,0,G1,,,,,,
2.7283460099095365,0,0,0,G1,,,,,,
2.7378900777890967,0,0,0,G1,,,,,,
2.7645029337914786,0,0,0,G1,,,,,,
2.8309531669842474,0,0,0,G1,,,,,,
2.7272973726900034,0,0,0,G1,,,,,,
2.764447755680064,0,0,0,G1,,,,,,
2.7466022285791385,0,0,0,G1,,,,,,
2.7601429241914306,0,0,0,G1,,,,,,
2.793590152725171,0,0,0,G1,,,,,,
2.7744559593092237,0,0,0,G1,,,,,,
2.8160591397927166,0,0,0,G1,,,,,,
2.8096088309576563,0,0,0,G1,,,,,,
2.833360806910887,0,0,0,G1,,,,,,
2.7953232444503104,0,0,0,G1,,,,,,
2.801174552584121,0,0,0,G1,,,,,,
2.770332592471837,0,0,0,G1,,,,,,
2.7934559295238133,0,0,0,G1,,,,,,
2.774427913880155,0,0,0,G1,,,,,,
2.729541153709944,1,1,1,G1,,,,,,
2.770059890481559,0,0,0,G1,,,,,,
2.736089800011192,0,0,0,G1,,,,,,
2.8855288428528634,0,0,0,G1,,,,,,
2.8105712097984368,0,0,0,G1,,,,,,
2.742942690062712,0,0,0,G1,,,,,,
2.834448240487774,0,0,0,G1,,,,,,
2.7706859618700963,0,0,0,G1,,,,,,
2.748058159121271,0,0,0,G1,,,,,,
2.788074553938486,0,0,0,G1,,,,,,
2.7371462878738404,0,0,0,G1,,,,,,
2.802018403574984,0,0,0,G1,,,,,,
2.786828084225952,1,1,1,G1,,,,,,
2.744607188099517,0,0,0,G1,,,,,,
2.784121927767676,0,0,0,G1,,,,,,
0.5312228437203135,1,0,0,G2,6.0,0.0,0.0,0.8584678167315897,a7d9c85c7abd,681.0
0.9188374253550521,0,0,0,G2,6.0,0.0,0.0,0.8446618906168094,3eeffb93cd82,89.0
2.2204460143752933,1,1,1,G2,6.0,0.0,0.0,0.8042923926901827,3969fcf6ac24,495.0
2.438588437692456,2,2,2,G2,6.0,0.0,0.0,0.8283202221193892,44e6eed48ee2,251.0
3.0581098812338654,1,1,1,G2,6.0,0.0,0.0,0.8711544823023487,9e4669bd4f29,1121.0
1.8230442735758747,1,1,1,G2,6.0,0.0,0.0,0.8309469573706476,feefe6117710,1043.0
1.3681513889665973,1,1,0,G2,6.0,0.0,0.0,0.787713695284614,419f8ddbd678,1009.0
2.2685422918713143,1,1,1,G2,6.0,0.0,0.0,0.8491217063989962,260f9de88fc3,868.0
2.7268408054875324,1,1,1,G2,6.0,0.0,0.0,0.8550285906491759,9a361e11da2a,434.0
0.6250404141565543,0,0,0,G2,6.0,0.0,0.0,0.8543354335433543,90ab7eb0d628,82.0
0.44139930170512476,0,0,0,G2,6.0,0.0,0.0,0.8586061825498446,d62175702815,567.0
1.3082087652378855,0,0,0,G2,6.0,0.0,0.0,0.8491171749598716,31c0d1c3419c,93.0
2.281830958809572,1,1,1,G2,6.0,0.0,0.0,0.8629074889867842,881bfbd63a88,465.0
0.7977366793542113,1,0,0,G2,6.0,0.0,0.0,0.8560970911192448,f0cf34f97558,645.0
0.3921726111568078,2,0,0,G2,6.0,0.0,0.0,0.7788309636650869,309172c9c40a,801.0
0.9574743667889191,2,1,1,G2,6.0,0.0,0.0,0.8589805434957388,aa5ecced2c0f,924.0
2.614124052413969,1,1,1,G2,6.0,0.0,0.0,0.8370602265951104,b16554f2b8b9,254.0
0.7513676316339893,0,0,0,G2,6.0,0.0,0.0,0.8054821664464994,16df84457683,635.0
1.82987549105722,1,1,1,G2,6.0,0.0,0.0,0.7855926430517711,c5bcb3fd4bec,29.0
1.7498461373268892,1,1,1,G2,6.0,0.0,0.0,0.8950341956586381,ad8964c0413b,970.0
0.8678206991045875,2,1,1,G2,6.0,0.0,0.0,0.8652517275419546,0f2b3e6c00ce,355.0
3.1061502176124915,1,1,1,G2,6.0,0.0,0.0,0.850499001996008,becca9dee642,433.0
0.8401092793294432,1,0,0,G2,6.0,0.0,0.0,0.8223495702005731,cbf5bcb04917,614.0
1.4123798720527836,1,1,1,G2,6.0,0.0,0.0,0.8595988538681948,47fe1ae08748,380.0
1.1491119079879328,0,0,0,G2,6.0,0.0,0.0,0.8679606691354872,df836d9279a8,107.0
2.4441680383215054,1,1,1,G2,6.0,0.0,0.0,0.8713430282292558,b3426ef46295,429.0
0.5922348390943784,0,0,0,G2,6.0,0.0,0.0,0.8486503354657513,7c16c8f29cc2,63.0
1.3975051925139632,1,1,1,G2,6.0,0.0,0.0,0.8447740600206968,2d7ebc9b7323,171.0
2.913963492814542,0,0,0,G2,6.0,0.0,0.0,0.7819905213270142,693c17a66cd0,468.0
1.5450486216472623,0,0,0,G2,6.0,0.0,0.0,0.8378378378378378,e0816ba36e46,734.0
3.2737639950179025,1,1,1,G2,6.0,0.0,0.0,0.8604134631812745,fae39fa6c7d8,427.0
1.071885004895283,1,0,0,G2,6.0,0.0,0.0,0.8182543481729695,7bdb3ea5c57e,786.0
1.2934997423960994,0,0,0,G2,6.0,0.0,0.0,0.8521739130434782,b75a4f5dba89,753.0
1.1501656575366745,1,1,0,G2,6.0,0.0,0.0,0.8351145038167939,43819a4b1bbc,841.0
0.8996548583083617,1,0,0,G2,6.0,0.0,0.0,0.8016421780466725,f20b0d33962e,719.0
1.8405465177183291,2,2,1,G2,6.0,0.0,0.0,0.8378700576197099,ceec7cd5ca73,612.0
1.4286562259884132,2,2,1,G2,6.0,0.0,0.0,0.8071122400381013,af70a67952fa,385.0
1.04699769931581,1,1,0,G2,6.0,0.0,0.0,0.8856337145542849,786d0bb88c14,343.0
1.2477668704136775,0,0,0,G2,6.0,0.0,0.0,0.8387588044926708,ab3e66d349e7,1191.0
1.0984074346685224,1,1,0,G2,6.0,0.0,0.0,0.8872455470737913,34b48de3efb0,342.0
2.2274173271055537,1,1,1,G2,6.0,0.0,0.0,0.8349341871220206,fe954d2ba01a,1140.0
1.466000449711734,2,1,1,G2,6.0,0.0,0.0,0.8574187884108867,068a675148ca,990.0
1.1398404321498594,0,0,0,G2,6.0,0.0,0.0,0.8569942797711908,92f4f502dfe3,218.0
0.4884164173697703,1,1,0,G2,6.0,0.0,0.0,0.6911581569115816,40511b3f2c81,1174.0
0.9523705142235606,2,0,0,G2,6.0,0.0,0.0,0.8471337579617835,34150b8003e6,1289.0
2.5063341006470594,1,1,1,G2,6.0,0.0,0.0,0.7846364883401921,b23f96a9515b,1073.0
0.9920968531840029,1,0,0,G2,6.0,0.0,0.0,0.7674825174825175,9d3166932c1f,1253.0
1.5156455204567025,1,1,1,G2,6.0,0.0,0.0,0.8047326253027762,8e1e2ce62dc3,501.0
2.2728753946677935,1,1,1,G2,6.0,0.0,0.0,0.8349341871220206,fe954d2ba01a,1140.0
1.802577018845486,0,0,0,G2,6.0,0.0,0.0,0.803363074811256,43693e63af47,1299.0
0.7672324704718014,1,0,0,G2,6.0,0.0,0.0,0.8411633109619687,5b95816e77cb,318.0
1.0449325159179512,1,1,0,G2,6.0,0.0,0.0,0.873378728923476,8c57cabb42de,326.0
1.6195558022329644,0,0,0,G2,6.0,0.0,0.0,0.8351266921207914,a00e06a04382,739.0
1.4034255166772687,2,2,1,G2,6.0,0.0,0.0,0.8367177097203728,3717e9944543,396.0
0.7995426477729717,1,0,0,G2,6.0,0.0,0.0,0.8182444061962134,32380b154461,643.0
3.538565431584101,1,1,1,G2,6.0,0.0,0.0,0.8348920251657881,41ff21f21fe7,411.0
1.179921184328255,1,1,0,G2,6.0,0.0,0.0,0.8371716444764303,9bb7f5bf7d74,673.0
1.0747829894495633,1,1,0,G2,6.0,0.0,0.0,0.8485898070262247,2fa842ce692f,764.0
0.5314867601136927,0,0,0,G2,6.0,0.0,0.0,0.8200800915331807,597245637ad5,677.0
0.8478438165482208,1,1,0,G2,6.0,0.0,0.0,0.8496376811594203,f18cf7a1fa19,237.0
3.3558909860904884,0,0,0,G2,6.0,0.0,0.0,0.7924683440223648,29a9492a4302,531.0
0.8797077770450691,1,1,0,G2,6.0,0.0,0.0,0.8869376149857836,a01e72056f61,361.0
1.6750172980303986,0,0,0,G2,6.0,0.0,0.0,0.8579286798179059,793aa6b7a701,733.0
0.535465440769884,1,0,0,G2,6.0,0.0,0.0,0.7341356673960613,fdca05da68c6,1157.0
1.020296914249883,1,1,1,G2,6.0,0.0,0.0,0.8553295362082994,7c8b7e5cab88,904.0
0.6126556674908153,1,0,0,G2,6.0,0.0,0.0,0.8249738766980146,da82adbbfea3,314.0
1.2197203999591106,1,0,0,G2,6.0,0.0,0.0,0.8592224979321753,1b9d838514ef,714.0
1.1492513318074358,2,1,0,G2,6.0,0.0,0.0,0.8645598194130926,c8303e3ab3d9,352.0
0.8023482653402908,1,0,0,G2,6.0,0.0,0.0,0.8656478828398599,8b2d0efa778b,76.0
1.1273831135473804,1,1,1,G2,6.0,0.0,0.0,0.8059701492537313,54c674b62ae1,367.0
2.1419662880481054,0,0,0,G2,6.0,0.0,0.0,0.7829363883026832,85d57a613b28,115.0
2.3722545322669433,2,2,2,G2,6.0,0.0,0.0,0.7903532896128623,1c0c609f3bfc,494.0
1.900472807913375,1,1,0,G2,6.0,0.0,0.0,0.8502130449033104,284574952029,700.0
2.9701918552229545,1,1,1,G2,6.0,0.0,0.0,0.8548387096774194,3a33bd5bb848,1089.0
2.5210557022279154,2,2,2,G2,6.0,0.0,0.0,0.8525089605734767,1d46de5e67ae,526.0
1.5775865427715452,1,1,1,G2,6.0,0.0,0.0,0.8249714005556463,20ca787060de,381.0
1.885534668071216,1,1,1,G2,6.0,0.0,0.0,0.8014245629181955,b86f4deec9d0,493.0
2.333509237665113,1,1,1,G2,6.0,0.0,0.0,0.865244708994709,774fd7effcf7,276.0
0.47856136218829437,1,0,0,G2,6.0,0.0,0.0,0.8463803255975061,9f833857a3b1,636.0
1.1075101042880768,1,1,1,G2,6.0,0.0,0.0,0.7645438898450947,451ed11b45e7,473.0
0.3230119926078842,1,0,0,G2,6.0,0.0,0.0,0.8597019922986774,e07789e03b6d,936.0
0.4381187474236291,1,0,0,G2,6.0,0.0,0.0,0.8177771595493114,78588a232db1,775.0
2.706153547241335,0,0,0,G2,6.0,0.0,0.0,0.8402028132155708,af79dc3ee31e,466.0
0.8478438165482208,1,1,0,G2,6.0,0.0,0.0,0.8496376811594203,f18cf7a1fa19,237.0
1.0649958470248204,1,1,0,G2,6.0,0.0,0.0,0.8584298584298584,413aafd4edae,761.0
0.6459933599627823,0,0,0,G2,6.0,0.0,0.0,0.8775641025641026,ea647a3e2a21,108.0
2.0562767920727145,1,1,1,G2,6.0,0.0,0.0,0.8267335936047593,3d14e66ad576,514.0
2.04035341834213,1,1,1,G2,6.0,0.0,0.0,0.8515026517383618,1ef2d458716e,261.0
1.4307431140314508,1,1,1,G2,6.0,0.0,0.0,0.844746640764125,828a3c330796,170.0
2.057902323314202,2,2,2,G2,6.0,0.0,0.0,0.8324775353016688,6bf8e24ea6ad,1072.0
0.42941118479110435,1,0,0,G2,6.0,0.0,0.0,0.7997577016268606,e4d29b7114b7,1006.0
1.5135744733582575,2,2,0,G2,6.0,0.0,0.0,0.8739205526770294,5f0520311d8c,132.0
0.34678659172026455,1,0,0,G2,6.0,0.0,0.0,0.816131498470948,601a446384f7,805.0
0.7672324704718014,1,0,0,G2,6.0,0.0,0.0,0.8411633109619687,5b95816e77cb,318.0
1.1388748377803513,0,0,0,G2,6.0,0.0,0.0,0.8537619215824797,f793edfe77ea,98.0
1.8272994596890573,0,0,0,G2,6.0,0.0,0.0,0.7607039187227866,b637af430ee9,1261.0
1.4439308209841624,0,0,0,G2,6.0,0.0,0.0,0.8434149023920814,4e9615418d05,101.0
1.091392689250983,1,1,0,G2,6.0,0.0,0.0,0.8873933026920552,7c6fa3259e87,757.0
2.321052495877656,0,0,0,G2,6.0,0.0,0.0,0.8807490144546649,cbc436446118,1106.0
2.545859037725648,2,2,2,G2,6.0,0.0,0.0,0.7810692375109552,975c779eadc6,489.0
1.8239969462825392,0,0,0,G2,6.0,0.0,0.0,0.8296502523055507,ff58a7fc04f2,1110.0
1.7605706006085178,0,0,0,G2,6.0,0.0,0.0,0.8132699373244002,8eabd2e8df43,1266.0
1.1330517516094798,0,0,0,G2,6.0,0.0,0.0,0.8013424964040274,dd79f81bad20,628.0
1.0972488272863428,1,1,0,G2,6.0,0.0,0.0,0.902946273830156,8c1de45d40c7,929.0
1.2941133791887587,1,1,1,G2,6.0,0.0,0.0,0.7863994518670777,eca58e8bc2b8,323.0
2.407961425207842,0,0,0,G2,6.0,0.0,0.0,0.8497226424609178,a23c272105af,168.0
0.9705215163773396,1,0,0,G2,6.0,0.0,0.0,0.8462738977760437,0a9134fe2710,755.0
1.6418262046938843,1,1,1,G2,6.0,0.0,0.0,0.85245617080368,a160d54a6fc8,151.0
1.0162431402969467,2,1,0,G2,6.0,0.0,0.0,0.8041188492375413,e14439b58050,1158.0
2.4953835166130056,1,1,1,G2,6.0,0.0,0.0,0.8227069351230425,277ad28f9d60,490.0
1.969404800798558,0,0,0,G2,6.0,0.0,0.0,0.8275862068965517,53f3195f6ada,1296.0
1.8189546652495487,1,1,1,G2,6.0,0.0,0.0,0.7855926430517711,c5bcb3fd4bec,29.0
0.5567362954021274,1,0,0,G2,6.0,0.0,0.0,0.8517792098627066,3d4689572933,70.0
1.718958875040461,1,1,1,G2,6.0,0.0,0.0,0.8579934504316761,8f95df24c788,1038.0
1.0108734803023223,0,0,0,G2,6.0,0.0,0.0,0.8793867750277059,0c45d839cf86,754.0
1.3385791418523296,2,2,0,G2,6.0,0.0,0.0,0.8300873069173942,0889942937b9,471.0
2.696045654484899,1,1,1,G2,6.0,0.0,0.0,0.8474656560871625,935564445d70,1088.0
1.029430521021227,0,0,0,G2,6.0,0.0,0.0,0.8461841070023604,95de275e0067,39.0
1.1976548395329152,1,1,0,G2,6.0,0.0,0.0,0.8895142180094787,360e1b446d91,120.0
1.028060544967654,0,0,0,G2,6.0,0.0,0.0,0.8184890656063618,ddf013da76c0,826.0
1.9839498264983595,0,0,0,G2,6.0,0.0,0.0,0.8510140405616224,d8b8734bd2fa,1278.0
0.7339308183225921,0,0,0,G2,6.0,0.0,0.0,0.8362223550508069,62907bf0b655,565.0
1.3214817623329074,0,0,0,G2,6.0,0.0,0.0,0.8085335797905114,a295e87cb132,703.0
1.5117281691061377,0,0,0,G2,6.0,0.0,0.0,0.8188457427858924,9d98922e143b,211.0
2.1563368903927587,1,1,1,G2,6.0,0.0,0.0,0.7418677859391396,e2c00c051749,294.0
1.4029800086421547,1,1,0,G2,6.0,0.0,0.0,0.8580716777672058,c2e7d201dd18,394.0
0.7568396869981343,1,0,0,G2,6.0,0.0,0.0,0.7444444444444445,e14d1cdfe48d,1175.0
1.0981171149465019,0,0,0,G2,6.0,0.0,0.0,0.8522538821046284,57df9e722fd2,704.0
0.8438581801434861,1,1,0,G2,6.0,0.0,0.0,0.8623049984081502,bf60d4134f91,938.0
2.2214138668514867,2,2,2,G2,6.0,0.0,0.0,0.8230997038499507,cbac4769cb1f,1219.0
1.093531186574682,0,0,0,G2,6.0,0.0,0.0,0.8396424815983176,18b5889741d0,235.0
2.045117853389314,1,1,1,G2,6.0,0.0,0.0,0.8556793673616103,56fbf8ceeca4,513.0
1.1326459039312453,1,1,1,G2,6.0,0.0,0.0,0.8528674134760074,e590e4d531f8,769.0
0.9741161249918248,1,1,0,G2,6.0,0.0,0.0,0.8563652326602282,671ea944cbc4,327.0
2.114008624863979,1,1,1,G2,6.0,0.0,0.0,0.7402554320782883,1c32a4b36629,889.0
2.148917724075231,2,2,2,G2,6.0,0.0,0.0,0.8560828300258844,b6cbc30ff8d1,878.0
1.7391253817014398,1,1,1,G2,6.0,0.0,0.0,0.8606673766418176,810696443d30,603.0
1.6311459939850501,1,1,0,G2,6.0,0.0,0.0,0.8410936654033568,b65ad844a0bf,5.0
1.5167528694423074,1,1,0,G2,6.0,0.0,0.0,0.8131372221293666,f35909c0bfc2,696.0
1.5535494560114351,0,0,0,G2,6.0,0.0,0.0,0.8343437945791726,72c1389923d4,639.0
2.18696178661484,1,1,1,G2,6.0,0.0,0.0,0.8419197851988589,4d19d7c4f6ce,1114.0
1.7963438259070212,0,0,0,G2,6.0,0.0,0.0,0.8449438202247191,cbfc7425e2c2,210.0
3.070905039046313,1,1,1,G2,6.0,0.0,0.0,0.8711544823023487,9e4669bd4f29,1121.0
1.2009716255504128,0,0,0,G2,6.0,0.0,0.0,0.7955687953826103,718f2777ac74,631.0
2.9661670381863483,0,0,0,G2,6.0,0.0,0.0,0.8788307402168788,b855c0ee8607,1092.0
1.3104928646758958,2,2,1,G2,6.0,0.0,0.0,0.8625204582651391,de95c49f704f,357.0
2.084704415367174,0,0,0,G2,6.0,0.0,0.0,0.8288412017167383,3565c941ae96,227.0
1.582709963733733,1,1,1,G2,6.0,0.0,0.0,0.8662420382165605,7f5a17418408,987.0
3.083227775464455,2,2,2,G2,6.0,0.0,0.0,0.8145902241822859,ab04f333e3c5,530.0
2.715888807062489,1,1,1,G2,6.0,0.0,0.0,0.8791163556531284,fe4c5fa98688,270.0
1.3641485245047213,1,1,1,G2,6.0,0.0,0.0,0.8037718904355635,4f1fe92a637e,796.0
1.0265216096431473,0,0,0,G2,6.0,0.0,0.0,0.7969428521799549,8c6295aedd6f,722.0
1.3959846012850012,1,1,1,G2,6.0,0.0,0.0,0.8502758077226162,54e6a4b4c2d3,366.0
1.0135952282734002,0,0,0,G2,6.0,0.0,0.0,0.8336913712853562,b39374fa823c,206.0
3.107025506044819,0,0,0,G2,6.0,0.0,0.0,0.8508902077151336,a88de0867696,253.0
0.8601382118915746,2,2,1,G2,6.0,0.0,0.0,0.8085499000461326,7088be695bff,906.0
1.10188474399282,1,1,0,G2,6.0,0.0,0.0,0.7970379641218189,53f24b759fa7,619.0
1.7598035952335616,0,0,0,G2,6.0,0.0,0.0,0.8303490685476578,d0a0655485ab,742.0
1.233001956671773,2,2,2,G2,6.0,0.0,0.0,0.8603030830865703,4d73b021fc0e,238.0
1.5461082153401324,0,0,0,G2,6.0,0.0,0.0,0.8230525202678887,9f66af602866,630.0
0.9856502624611088,0,0,0,G2,6.0,0.0,0.0,0.8344678731529138,6fae6bb98904,47.0
0.5358541813164301,0,0,0,G2,6.0,0.0,0.0,0.8395796847635727,56179d777761,572.0
0.653724866138917,1,0,0,G2,6.0,0.0,0.0,0.7534327187132208,8572bc33f3eb,1243.0
0.8475730229545881,0,0,0,G2,6.0,0.0,0.0,0.8622300058377116,ee6bc5901c32,310.0
0.5881971969153997,1,0,0,G2,6.0,0.0,0.0,0.8582949308755761,4467974e6ec4,907.0
1.183540305221486,1,1,1,G2,6.0,0.0,0.0,0.7642781396758067,1ce076fac511,1042.0
0.5530694036721753,1,0,0,G2,6.0,0.0,0.0,0.8393988507440695,89b83b3457d4,676.0
1.105011358064841,2,1,0,G2,6.0,0.0,0.0,0.790025823111685,5ba21a61efaa,242.0
0.6622212301875159,2,0,0,G2,6.0,0.0,0.0,0.812341504649197,3c44bec33a5a,773.0
1.5002191124445707,1,1,1,G2,6.0,0.0,0.0,0.8249714005556463,20ca787060de,381.0
2.205397334642971,0,0,0,G2,6.0,0.0,0.0,0.8416627744044839,3d6268a03075,1206.0
1.0271869931440223,0,0,0,G2,6.0,0.0,0.0,0.865455078411256,930031959420,109.0
0.6582687041854566,1,1,0,G2,6.0,0.0,0.0,0.7102203713343744,aecaaead573d,130.0
1.263663148775429,1,1,1,G2,6.0,0.0,0.0,0.8394147398843931,14574cff1430,994.0
2.213380204833285,1,1,1,G2,6.0,0.0,0.0,0.8416281549946676,07d17e4d42af,1124.0
1.729667296610089,0,0,0,G2,6.0,0.0,0.0,0.8347138554216867,c81978f55c1d,1295.0
1.2416226940012691,0,0,0,G2,6.0,0.0,0.0,0.8265177445505314,0ac4716290c0,97.0
2.2521003835878424,1,1,1,G2,6.0,0.0,0.0,0.8345824411134903,505e838610d6,421.0
0.7675902271234343,1,0,0,G2,6.0,0.0,0.0,0.7854984894259819,ddcfe4dc4e1b,1252.0
0.7374127656351174,1,0,0,G2,6.0,0.0,0.0,0.8435600862575966,70e3d3fa5651,900.0
0.6940143282253952,0,0,0,G2,6.0,0.0,0.0,0.8565587176970887,9b2901923482,84.0
2.392526327452579,0,0,0,G2,6.0,0.0,0.0,0.7950613136233832,c22b5f5a78a7,30.0
0.6618357914454714,0,0,0,G2,6.0,0.0,0.0,0.8061725968154119,cf55c3c4479e,191.0
1.5618807830940973,1,1,1,G2,6.0,0.0,0.0,0.85245617080368,a160d54a6fc8,151.0
1.3237470683228019,1,1,1,G2,6.0,0.0,0.0,0.8373259052924791,7a3778976a6d,1201.0
2.1563827144576075,1,1,1,G2,6.0,0.0,0.0,0.8349341871220206,fe954d2ba01a,1140.0
1.752345314490898,0,0,0,G2,6.0,0.0,0.0,0.8194293968941856,b5172d8888e2,1111.0
1.3861877592525358,0,0,0,G2,6.0,0.0,0.0,0.8085335797905114,a295e87cb132,703.0
1.6580331625361855,1,1,1,G2,6.0,0.0,0.0,0.8533514800952705,c8e850bc7b9e,387.0
0.9695455978465318,2,2,1,G2,6.0,0.0,0.0,0.8707874682472481,adf97e57e5c6,1142.0
0.5743276362013281,1,0,0,G2,6.0,0.0,0.0,0.8647411616161617,3275c8839cc0,1013.0
1.3175667090488352,0,0,0,G2,6.0,0.0,0.0,0.8368200836820083,a39c8d3f4605,599.0
2.001696905392611,2,2,2,G2,6.0,0.0,0.0,0.8656451612903225,e1840439be0c,265.0
1.2908887183611577,0,0,0,G2,6.0,0.0,0.0,0.813795702977761,c3a093f1b2e6,594.0
1.320905447377124,2,2,1,G2,6.0,0.0,0.0,0.8514429900646586,bfcb293299a8,914.0
1.4811626657676997,0,0,0,G2,6.0,0.0,0.0,0.849377990430622,0eab96a41073,1285.0
1.7346897874810767,1,1,1,G2,6.0,0.0,0.0,0.8579934504316761,8f95df24c788,1038.0
0.9391157243158258,1,0,0,G2,6.0,0.0,0.0,0.8333333333333334,cfd7cb2c40a5,951.0
1.6909893153098257,1,1,0,G2,6.0,0.0,0.0,0.8410936654033568,b65ad844a0bf,5.0
1.5419531810323686,1,1,1,G2,6.0,0.0,0.0,0.8228930378642471,3e8f0464ccfb,1060.0
