ticker,seg_is2123
A,🏦
AA,⚡
AAL,🏦
AAON,🏦
AAP,🏦
AAPL,⚡
AAT,🏦
AB,🏦
ABBV,🏦
ABCB,⚡
ABCL,🏦
ABG,⚡
ABM,⚡
ABNB,⚡
ABR,🏦
ABT,🏦
ACA,🏦
ACAD,🏦
ACB,🏦
ACGL,🏦
ACHC,🏦
ACI,🏦
ACIW,🏦
ACLS,⚡
ACM,🏦
ACMR,🏦
ACN,🏦
ACRE,🏦
ACRS,🏦
ACVA,⚡
ADBE,🏦
ADC,🏦
ADI,🏦
ADM,🏦
ADNT,⚡
ADP,🏦
ADPT,⚡
ADSK,⚡
ADT,⚡
ADTN,🏦
ADUS,⚡
AEE,🏦
AEHR,🏦
AEIS,🏦
AEM,🏦
AEO,⚡
AEP,🏦
AER,⚡
AES,🏦
AFG,⚡
AFL,🏦
AFRM,🏦
AG,🏦
AGCO,⚡
AGEN,🏦
AGI,⚡
AGIO,🏦
AGL,⚡
AGM,🏦
AGNC,🏦
AGO,🏦
AGRO,🏦
AGYS,⚡
AHCO,⚡
AI,⚡
AIG,🏦
AIN,🏦
AIR,⚡
AIT,⚡
AIV,🏦
AIZ,🏦
AJG,🏦
AKAM,🏦
AKR,🏦
ALB,🏦
ALC,🏦
ALEC,⚡
ALG,🏦
ALGM,🏦
ALGN,🏦
ALGT,🏦
ALHC,🎰
ALIT,🏦
ALK,🏦
ALKS,🏦
ALKT,🏦
ALL,🏦
ALLE,🏦
ALLO,🏦
ALLY,⚡
ALNY,⚡
ALRM,🏦
ALSN,🏦
ALT,🏦
ALV,⚡
AM,🏦
AMAT,⚡
AMBA,🏦
AMC,🏦
AMCR,🏦
AMCX,⚡
AMD,🏦
AME,🏦
AMG,⚡
AMGN,🏦
AMH,🏦
AMKR,🏦
AMLX,🏦
AMN,🏦
AMP,⚡
AMPH,🏦
AMPL,⚡
AMR,⚡
AMRC,🏦
AMSF,⚡
AMT,🏦
AMTX,🏦
AMWD,🏦
AMWL,🏦
AMZN,⚡
AN,🏦
ANAB,⚡
ANDE,🏦
ANET,⚡
ANF,🏦
ANGI,🏦
ANGO,🏦
AON,🏦
AOS,🏦
AOSL,⚡
APA,⚡
APAM,🏦
APD,🏦
APG,🏦
APH,🏦
APLE,⚡
APO,⚡
APOG,🏦
APP,🏦
APPF,⚡
APPN,⚡
APPS,🎰
APTV,⚡
AQN,🏦
AR,⚡
ARCB,⚡
ARCC,🏦
ARCO,⚡
ARCT,⚡
ARE,🏦
ARES,🏦
ARI,⚡
ARLO,🏦
ARLP,🏦
ARMK,⚡
AROC,🏦
ARQT,🏦
ARR,🏦
ARRY,🏦
ARVN,🏦
ARW,🏦
ARWR,🎰
ASAN,🏦
ASB,🏦
ASC,🏦
ASH,🏦
ASIX,🏦
ASND,⚡
ASO,🏦
ASPN,🏦
ASTE,🏦
ASTL,⚡
ASTS,🏦
ATEC,⚡
ATEN,🏦
ATEX,🏦
ATI,🏦
ATKR,⚡
ATO,🏦
ATR,🏦
ATRA,🏦
ATRC,🏦
ATVI,🏦
AU,⚡
AUB,⚡
AUPH,⚡
AVA,🏦
AVAV,🏦
AVB,🏦
AVGO,🏦
AVNS,🏦
AVNT,🏦
AVT,🏦
AVTR,🏦
AVXL,⚡
AVY,🏦
AWI,🏦
AWK,🏦
AWR,🏦
AX,⚡
AXON,⚡
AXP,🏦
AXS,🏦
AXSM,🏦
AXTA,🏦
AYI,🏦
AZN,🏦
AZO,🏦
AZTA,🏦
AZZ,🏦
B,🏦
BA,🏦
BABA,⚡
BAC,🏦
BAH,🏦
BALL,⚡
BALY,⚡
BAM,⚡
BANC,🏦
BAND,🎰
BANF,🏦
BANR,🏦
BAP,🏦
BAX,🏦
BBIO,⚡
BBW,⚡
BBWI,🏦
BBY,🏦
BC,⚡
BCC,🏦
BCE,🏦
BCO,🏦
BCPC,🏦
BCRX,⚡
BDC,🏦
BDN,🏦
BDX,🏦
BE,🏦
BEAM,🏦
BEN,🏦
BEP,🏦
BEPC,🏦
BFAM,🏦
BFH,🏦
BG,🏦
BGS,🏦
BHC,⚡
BHE,🏦
BHF,⚡
BHVN,🏦
BIDU,🎰
BIIB,🏦
BILI,🏦
BILL,⚡
BIO,🏦
BIP,🏦
BIPC,🏦
BJ,🏦
BJRI,🏦
BKE,🏦
BKH,🏦
BKNG,🏦
BKR,🏦
BKU,🏦
BL,⚡
BLD,🏦
BLDP,🏦
BLDR,🏦
BLFS,🎰
BLK,🏦
BLKB,⚡
BLMN,🏦
BLNK,🏦
BMBL,⚡
BMI,🏦
BMO,🏦
BMRN,⚡
BMY,🏦
BNGO,🏦
BNL,🏦
BNS,🏦
BOH,🏦
BOKF,🏦
BOOT,🏦
BOX,⚡
BPOP,⚡
BR,🏦
BRBR,⚡
BRC,🏦
BRKR,🏦
BRO,🏦
BROS,⚡
BRSP,⚡
BRX,🏦
BRZE,🏦
BSM,🏦
BSX,⚡
BSY,🏦
BTAI,🏦
BTU,⚡
BURL,🏦
BWA,⚡
BWXT,🏦
BX,⚡
BXC,⚡
BXMT,🏦
BXP,🏦
BXSL,🏦
BYD,⚡
BYND,🏦
BZH,🏦
C,🏦
CABO,🎰
CACC,🏦
CACI,⚡
CAE,🏦
CAG,🏦
CAH,🏦
CAKE,⚡
CAL,⚡
CALM,🏦
CALX,🏦
CAMT,⚡
CAR,🏦
CARG,🏦
CARR,🏦
CARS,🏦
CASH,🏦
CASY,🏦
CAT,🏦
CATY,🏦
CB,🏦
CBOE,🏦
CBRE,🏦
CBRL,🏦
CBSH,🏦
CBT,⚡
CBU,🏦
CBZ,⚡
CC,🏦
CCEP,🏦
CCI,🏦
CCJ,⚡
CCK,🏦
CCL,⚡
CCOI,🏦
CCRN,⚡
CCS,🏦
CCSI,⚡
CD,🏦
CDLX,🏦
CDNA,⚡
CDNS,🏦
CDW,🏦
CDXS,🏦
CE,🏦
CEG,⚡
CELH,⚡
CENTA,🏦
CENX,🏦
CERT,🏦
CEVA,⚡
CF,⚡
CFFN,🏦
CFG,🏦
CFLT,⚡
CFR,🏦
CG,🏦
CGC,🏦
CGNX,🏦
CHCO,⚡
CHCT,⚡
CHD,🏦
CHDN,🏦
CHE,🏦
CHEF,⚡
CHGG,🏦
CHH,🏦
CHKP,🏦
CHPT,🏦
CHRS,🏦
CHRW,🏦
CHTR,🏦
CHWY,🏦
CI,🏦
CIEN,⚡
CIGI,🏦
CIM,🏦
CINF,🏦
CL,🏦
CLAR,⚡
CLB,🏦
CLDX,🏦
CLF,🏦
CLFD,🏦
CLH,🏦
CLNE,🏦
CLS,🏦
CLVT,🏦
CLX,🏦
CM,🏦
CMC,🏦
CMCO,🏦
CMCSA,🏦
CME,🏦
CMG,⚡
CMI,🏦
CMP,🏦
CMPR,🏦
CMRE,🏦
CMS,🏦
CNA,⚡
CNC,🏦
CNI,🏦
CNK,🏦
CNM,⚡
CNMD,🏦
CNNE,⚡
CNO,🏦
CNP,🏦
CNQ,⚡
CNS,🏦
CNX,⚡
CNXC,🏦
CODI,🏦
COF,🏦
COGT,🏦
COHR,⚡
COHU,⚡
COIN,🏦
COKE,🏦
COLB,⚡
COLD,🏦
COLL,🏦
COLM,🏦
COO,🏦
COP,🏦
CORT,⚡
COST,🏦
COTY,⚡
COUR,⚡
CP,🏦
CPA,🏦
CPB,🏦
CPK,🏦
CPNG,⚡
CPRI,⚡
CPRT,🏦
CPRX,🏦
CPT,🏦
CQP,⚡
CR,⚡
CRBU,⚡
CRC,⚡
CRDO,⚡
CRGY,⚡
CRH,🏦
CRI,⚡
CRK,⚡
CRL,⚡
CRM,🏦
CRMT,🏦
CRNC,🏦
CRNX,⚡
CROX,🏦
CRS,⚡
CRSP,🏦
CRSR,🏦
CRUS,🏦
CRVL,🏦
CRWD,⚡
CSCO,🏦
CSGP,🏦
CSIQ,🏦
CSL,🏦
CSR,🏦
CSTL,🏦
CSTM,🏦
CSWC,🏦
CSX,🏦
CTAS,🏦
CTKB,🏦
CTLT,🏦
CTRA,⚡
CTRE,🏦
CTRN,🏦
CTS,🏦
CTSH,🏦
CTVA,🏦
CUBE,🏦
CUBI,🏦
CUZ,🏦
CVBF,🏦
CVCO,⚡
CVE,⚡
CVGW,🏦
CVI,🏦
CVLT,🏦
CVNA,🏦
CVS,🏦
CVX,🏦
CW,⚡
CWAN,🏦
CWEN,🏦
CWH,🏦
CWK,🏦
CWST,🏦
CWT,🏦
CXM,⚡
CXW,⚡
CYRX,🏦
CYTK,⚡
CZR,⚡
D,🏦
DAC,⚡
DAL,🏦
DAN,🏦
DAR,🎰
DASH,🏦
DB,⚡
DBC,🏦
DBI,⚡
DBRG,🏦
DBX,🏦
DCGO,🏦
DCI,🏦
DCOM,🏦
DD,🏦
DDD,🏦
DDOG,⚡
DDS,🏦
DE,🎰
DEA,🏦
DECK,🏦
DEI,🏦
DELL,🏦
DFIN,⚡
DFS,🏦
DG,🏦
DGII,🏦
DGX,🏦
DH,🏦
DHI,🏦
DHR,🏦
DHT,🏦
DIA,🏦
DIN,⚡
DINO,🏦
DIOD,⚡
DIS,⚡
DK,🏦
DKNG,🏦
DKS,🏦
DLB,🏦
DLO,⚡
DLR,🏦
DLTR,🏦
DLX,🏦
DNA,⚡
DNLI,🏦
DNOW,🏦
DNUT,🏦
DOC,🏦
DOCN,🏦
DOCS,⚡
DOCU,🏦
DOLE,🏦
DOMO,⚡
DORM,🏦
DOV,🏦
DOW,🏦
DOX,🏦
DPZ,🏦
DRH,⚡
DRI,🏦
DRVN,🏦
DSGX,🏦
DT,🏦
DTE,🏦
DTM,🏦
DUK,🏦
DUOL,⚡
DV,⚡
DVA,🏦
DVN,🏦
DX,🏦
DXC,⚡
DXCM,🏦
DY,🏦
EA,🏦
EAF,⚡
EAT,🏦
EBAY,⚡
EBC,🏦
EBS,🎰
ECL,🏦
ECPG,🏦
ECVT,🏦
ED,🏦
EDIT,🏦
EEFT,🏦
EFC,🏦
EFSC,🏦
EFX,🏦
EGBN,🏦
EGO,🏦
EGP,🏦
EHC,🏦
EIG,⚡
EIX,🏦
EL,🏦
ELAN,🏦
ELF,🏦
ELS,🏦
EMBC,🏦
EME,⚡
EMN,🏦
EMR,🏦
ENB,🏦
ENOV,🏦
ENPH,🏦
ENR,🏦
ENS,🏦
ENSG,🏦
ENTA,🏦
ENTG,⚡
ENVA,🏦
ENVX,🏦
EOG,🏦
EOLS,🏦
EPAC,⚡
EPAM,⚡
EPC,🏦
EPD,🏦
EPR,🏦
EPRT,🏦
EQH,⚡
EQIX,🏦
EQR,🏦
EQT,⚡
ERIE,🏦
ERII,🏦
ES,🏦
ESAB,🏦
ESE,🏦
ESI,🏦
ESLT,🏦
ESNT,🏦
ESRT,🏦
ESS,🏦
ESTA,🏦
ESTC,⚡
ET,🏦
ETD,⚡
ETN,🏦
ETR,🏦
ETSY,🏦
EVGO,🏦
EVH,🏦
EVR,⚡
EVRG,🏦
EVTC,🏦
EW,🏦
EWBC,⚡
EXC,🏦
EXEL,🏦
EXLS,🏦
EXP,🏦
EXPD,🏦
EXPE,🏦
EXPO,🏦
EXR,🏦
EXTR,⚡
EYE,🏦
F,🏦
FA,⚡
FAF,🏦
FANG,⚡
FAST,🏦
FATE,🏦
FBK,🏦
FBNC,🏦
FBP,🏦
FBRT,🏦
FCEL,🏦
FCF,🏦
FCFS,🏦
FCN,⚡
FCNCA,⚡
FCPT,🏦
FCX,🏦
FDMT,⚡
FDP,🏦
FDS,🏦
FDX,🏦
FE,🏦
FELE,🏦
FERG,🏦
FFBC,🏦
FFIN,🏦
FFIV,🏦
FHB,⚡
FHI,🏦
FHN,⚡
FIBK,🏦
FICO,🏦
FIGS,🏦
FIS,🏦
FISV,🏦
FITB,🏦
FIVE,🏦
FIVN,🏦
FIX,⚡
FIZZ,🏦
FLEX,⚡
FLGT,🏦
FLNC,🏦
FLNG,⚡
FLO,🏦
FLR,🏦
FLS,🏦
FLT,🏦
FLWS,⚡
FLYW,⚡
FMC,🏦
FN,🏦
FNB,🏦
FND,🏦
FNF,🏦
FNKO,⚡
FNV,🏦
FORM,🏦
FOUR,⚡
FOX,🏦
FOXA,🏦
FOXF,🏦
FPI,⚡
FR,🏦
FRHC,⚡
FRME,🏦
FRO,🏦
FROG,⚡
FRPT,🏦
FRSH,⚡
FRT,🏦
FSK,🏦
FSLR,🏦
FSLY,⚡
FSS,🏦
FSV,🏦
FTAI,🏦
FTDR,🏦
FTI,⚡
FTNT,⚡
FTS,🏦
FTV,🏦
FUBO,🏦
FUL,⚡
FULT,🏦
FUN,⚡
FVRR,⚡
FWONA,⚡
FWONK,⚡
FWRD,⚡
G,🏦
GATX,🏦
GBCI,🏦
GBDC,🏦
GBX,🏦
GCO,⚡
GD,🏦
GDDY,🏦
GDOT,🏦
GDRX,⚡
GDYN,🏦
GE,🏦
GEF,🏦
GEL,⚡
GEO,🏦
GFF,🏦
GFL,🏦
GFS,🏦
GGG,🏦
GH,⚡
GHC,🏦
GIB,🏦
GIII,🏦
GIL,⚡
GILD,🏦
GIS,🏦
GKOS,🏦
GL,🏦
GLBE,⚡
GLD,🏦
GLNG,⚡
GLOB,⚡
GLPI,🏦
GLW,🏦
GM,🏦
GME,🏦
GMED,🏦
GNK,🏦
GNL,🏦
GNRC,🏦
GNTX,🏦
GO,🏦
GOGO,🏦
GOLD,🏦
GOLF,🏦
GOOD,🏦
GOOG,⚡
GOOGL,⚡
GOOS,⚡
GPC,🏦
GPI,🏦
GPK,🏦
GPN,🏦
GPOR,🏦
GPRE,🏦
GPRO,⚡
GRBK,🏦
GRMN,🏦
GRPN,⚡
GS,⚡
GSAT,🏦
GSBD,🏦
GSHD,🏦
GSL,🏦
GSM,⚡
GT,⚡
GTES,🏦
GTLB,⚡
GTLS,🏦
GTN,⚡
GTY,🏦
GVA,⚡
GWRE,🏦
GWW,🏦
GXO,🏦
H,🏦
HAE,⚡
HAIN,🏦
HAL,🏦
HALO,🏦
HAS,🏦
HASI,⚡
HAYW,⚡
HBAN,🏦
HBM,⚡
HCA,🏦
HCAT,🏦
HCC,⚡
HCI,🏦
HCSG,🏦
HD,🏦
HDSN,🏦
HE,🏦
HEI,🏦
HELE,🏦
HES,🏦
HESM,🏦
HFWA,🏦
HGV,🏦
HIG,🏦
HII,🏦
HIMS,🏦
HIW,🏦
HL,🏦
HLF,🏦
HLI,🏦
HLIO,🏦
HLIT,🏦
HLMN,⚡
HLNE,🏦
HLT,⚡
HMC,🏦
HMN,⚡
HNI,🏦
HOG,⚡
HOLX,🏦
HOMB,⚡
HON,🏦
HOOD,🏦
HOPE,🏦
HOV,🏦
HP,⚡
HPE,🏦
HPP,🏦
HPQ,🏦
HQY,🏦
HR,🏦
HRB,🏦
HRI,🏦
HRL,🏦
HRMY,🏦
HSIC,🏦
HST,🏦
HSY,🏦
HTGC,🏦
HTH,🏦
HTLD,⚡
HTZ,🏦
HUBB,🏦
HUBG,🏦
HUBS,⚡
HUM,🏦
HUN,🏦
HURN,🏦
HUT,🏦
HVT,⚡
HWC,🏦
HWM,⚡
HXL,🏦
HZO,🏦
IAC,🏦
IART,🏦
IBKR,⚡
IBM,🏦
IBOC,🏦
IBP,🏦
ICE,🏦
ICFI,🏦
ICHR,🏦
ICL,🏦
ICLR,🏦
ICUI,🏦
IDA,🏦
IDCC,🏦
IDXX,🏦
IDYA,🏦
IEP,🏦
IEX,🏦
IFF,🏦
IHRT,⚡
IIPR,🏦
ILMN,🏦
IMAX,⚡
IMKTA,🏦
IMO,🏦
IMVT,⚡
IMXI,🏦
INBX,🏦
INCY,🏦
INDB,🏦
INDI,🏦
INGN,🏦
INGR,🏦
INMD,🏦
INN,⚡
INO,🏦
INSM,⚡
INSP,🏦
INSW,🏦
INTC,🏦
INTU,🏦
INVA,⚡
INVH,🏦
IONQ,🏦
IONS,🏦
IOSP,🏦
IOT,⚡
IOVA,⚡
IP,🏦
IPAR,⚡
IPG,🏦
IPGP,⚡
IPI,🏦
IQV,🏦
IR,🏦
IRDM,🏦
IRM,⚡
IRT,🏦
IRTC,🏦
IRWD,🏦
ISRG,🏦
IT,⚡
ITGR,⚡
ITRI,🏦
ITT,🏦
ITW,🏦
IVR,🏦
IVT,🏦
IVZ,⚡
IWM,🏦
J,🏦
JACK,🏦
JAZZ,🏦
JBGS,🏦
JBHT,🏦
JBI,⚡
JBL,⚡
JBLU,⚡
JBSS,🏦
JCI,🏦
JD,⚡
JEF,⚡
JELD,🏦
JHG,🏦
JJSF,🏦
JKHY,🏦
JLL,🏦
JNJ,🏦
JNPR,🏦
JOE,🏦
JPM,🏦
JRVR,🏦
JXN,🏦
K,🏦
KAI,🏦
KALU,⚡
KBH,⚡
KBR,⚡
KD,⚡
KDP,🏦
KEX,🏦
KEY,⚡
KEYS,🏦
KFRC,⚡
KFY,⚡
KHC,🏦
KIDS,⚡
KIM,🏦
KKR,🎰
KLAC,⚡
KLIC,🏦
KMB,🏦
KMI,🏦
KMPR,⚡
KMT,🏦
KMX,🏦
KN,🏦
KNSA,⚡
KNSL,🏦
KNTK,⚡
KNX,🏦
KO,🏦
KOS,⚡
KPTI,⚡
KR,🏦
KRC,🏦
KREF,🏦
KRG,⚡
KRNT,🏦
KROS,🏦
KRP,🏦
KRUS,🏦
KRYS,⚡
KSS,⚡
KTB,🏦
KTOS,🏦
KURA,⚡
KW,🏦
KWR,🏦
KYMR,🏦
L,🏦
LAC,⚡
LAD,⚡
LADR,⚡
LAMR,🏦
LAND,⚡
LAUR,🏦
LAZ,🏦
LBRDA,🏦
LBRDK,⚡
LBRT,🏦
LBTYA,🏦
LBTYK,🏦
LC,🏦
LCID,⚡
LCII,🏦
LDOS,🏦
LEA,🏦
LECO,🏦
LEG,🏦
LEN,🏦
LESL,⚡
LEU,🏦
LEVI,⚡
LFST,🏦
LFUS,🏦
LGIH,🏦
LGND,🏦
LH,🏦
LHX,🏦
LI,🏦
LII,🏦
LILAK,⚡
LIN,🏦
LITE,⚡
LIVN,⚡
LKFN,🏦
LKQ,🏦
LLY,🏦
LMAT,🏦
LMND,🏦
LMT,🏦
LNC,⚡
LNG,⚡
LNN,⚡
LNT,🏦
LNTH,🏦
LOB,⚡
LOGI,🏦
LOPE,🏦
LOVE,🏦
LOW,🏦
LPG,🏦
LPLA,⚡
LPRO,🏦
LPSN,🏦
LPX,🏦
LRCX,⚡
LRN,🏦
LSCC,🏦
LSPD,🏦
LSTR,🏦
LTC,🏦
LTH,🏦
LULU,🏦
LUMN,🏦
LUNG,⚡
LUV,🏦
LVS,🏦
LW,🏦
LWLG,🏦
LXP,🏦
LXU,🏦
LYB,🏦
LYFT,⚡
LYV,⚡
LZ,🏦
LZB,🏦
M,🏦
MA,🏦
MAA,🏦
MAC,🏦
MAIN,🏦
MAN,🏦
MANH,🏦
MANU,⚡
MAR,🏦
MARA,🏦
MAS,🏦
MASI,🏦
MAT,⚡
MATW,🏦
MATX,🏦
MBI,⚡
MBUU,🏦
MC,🏦
MCB,🏦
MCD,🏦
MCHP,🏦
MCK,🏦
MCO,🏦
MCRB,🏦
MCRI,🏦
MCS,🏦
MCY,⚡
MD,⚡
MDB,🏦
MDGL,⚡
MDLZ,🏦
MDT,🏦
MDU,🏦
MED,🏦
MEDP,🏦
MEI,🏦
MELI,⚡
MEOH,🏦
MERC,⚡
MET,🏦
METC,⚡
MFA,⚡
MFC,🏦
MGA,⚡
MGEE,🏦
MGM,⚡
MGNI,⚡
MGPI,🏦
MGRC,🏦
MGY,⚡
MHK,🏦
MHO,🏦
MIDD,🏦
MIR,⚡
MIRM,⚡
MITK,🏦
MKC,🏦
MKL,⚡
MKSI,🏦
MKTX,🏦
MLAB,🏦
MLI,🏦
MLKN,🏦
MLM,🏦
MMC,🏦
MMI,🏦
MMM,🏦
MMS,🏦
MMSI,🏦
MMYT,⚡
MNDY,⚡
MNRO,🏦
MNST,🏦
MO,🏦
MOD,🏦
MOH,🏦
MORN,🏦
MOS,⚡
MOV,⚡
MP,⚡
MPC,🏦
MPLX,⚡
MPWR,🏦
MQ,⚡
MRCY,🏦
MRK,🏦
MRNA,🎰
MRO,🏦
MRTN,🏦
MRVI,⚡
MRVL,⚡
MS,🏦
MSA,🏦
MSCI,⚡
MSEX,🏦
MSFT,⚡
MSGE,⚡
MSGS,🏦
MSI,🏦
MSM,🏦
MSTR,🏦
MT,🏦
MTB,⚡
MTCH,🎰
MTD,🏦
MTDR,⚡
MTG,🏦
MTH,🏦
MTN,🏦
MTRN,⚡
MTSI,🏦
MTW,🏦
MTX,🏦
MTZ,🏦
MU,⚡
MUR,⚡
MUSA,🏦
MWA,🏦
MX,⚡
MXL,⚡
MYGN,⚡
MYRG,🏦
NABL,⚡
NAVI,🏦
NBHC,🏦
NBIX,🏦
NBR,🏦
NBTB,🏦
NCLH,⚡
NCNO,⚡
NDAQ,🏦
NDSN,🏦
NE,🏦
NEE,🏦
NEM,🏦
NEO,🏦
NEOG,🏦
NET,⚡
NEU,🏦
NFE,⚡
NFG,🏦
NFLX,🏦
NG,🏦
NGVT,🏦
NHI,🏦
NI,🏦
NIO,⚡
NJR,🏦
NKE,🏦
NKTR,🏦
NLY,🏦
NMFC,⚡
NMIH,🏦
NMM,⚡
NMRK,🏦
NNI,🏦
NNN,🏦
NNOX,🏦
NOC,🏦
NOG,⚡
NOMD,🏦
NOV,🏦
NOVT,🏦
NOW,⚡
NPO,⚡
NRG,🏦
NRIX,🏦
NSA,🏦
NSC,🏦
NSIT,🏦
NSP,🏦
NSSC,🏦
NTAP,⚡
NTB,🏦
NTCT,🏦
NTES,🏦
NTGR,🏦
NTLA,⚡
NTNX,🏦
NTR,🏦
NTRA,🏦
NTRS,🏦
NTST,🏦
NUE,🏦
NUS,🏦
NVAX,⚡
NVCR,🎰
NVDA,🏦
NVMI,🏦
NVR,⚡
NVST,🏦
NVT,🏦
NVTS,🏦
NWBI,🏦
NWE,🏦
NWL,🏦
NWN,🏦
NWS,🏦
NWSA,🏦
NXPI,🏦
NXRT,🏦
NXST,🏦
NYT,🏦
O,🏦
OC,⚡
OCFC,🏦
OCSL,🏦
ODFL,⚡
OEC,⚡
OFG,⚡
OGE,🏦
OGN,🏦
OGS,⚡
OHI,🏦
OI,🏦
OII,⚡
OIS,🏦
OKE,⚡
OKTA,⚡
OLED,🏦
OLLI,🏦
OLN,🏦
OM,🏦
OMC,🏦
OMCL,🏦
OMF,⚡
ON,⚡
ONB,🏦
ONON,⚡
ONTO,⚡
OPCH,⚡
OR,🏦
ORA,🏦
ORC,🏦
ORCL,🏦
ORGN,🏦
ORI,🏦
ORLY,🏦
OSCR,🏦
OSIS,🏦
OSK,🏦
OSW,🏦
OTEX,🏦
OTIS,🏦
OTTR,🏦
OUST,🏦
OUT,🏦
OVV,🏦
OWL,⚡
OXLC,🏦
OXM,🏦
OXY,⚡
OZK,🏦
PAA,🏦
PAAS,⚡
PACB,🏦
PAG,⚡
PAGP,⚡
PAGS,🏦
PANW,⚡
PAR,🏦
PARA,⚡
PARR,⚡
PATH,🏦
PATK,🏦
PAYC,🏦
PAYO,🏦
PAYX,🏦
PB,🏦
PBA,🏦
PBF,⚡
PBH,🏦
PCAR,⚡
PCG,🏦
PCOR,⚡
PCRX,⚡
PCT,🏦
PCTY,🏦
PCVX,⚡
PD,⚡
PDD,🏦
PDM,🏦
PEAK,🏦
PEB,⚡
PECO,🏦
PEG,🏦
PEGA,⚡
PEN,🏦
PENN,⚡
PEP,🏦
PERI,⚡
PETS,⚡
PFBC,🏦
PFE,🏦
PFG,⚡
PFGC,🏦
PFS,🏦
PFSI,🏦
PG,🏦
PGNY,🏦
PGR,🏦
PH,⚡
PHG,🏦
PHM,⚡
PHR,🏦
PI,⚡
PII,🏦
PINS,⚡
PIPR,⚡
PJT,🏦
PK,⚡
PKG,🏦
PLAB,⚡
PLAY,🏦
PLCE,🏦
PLD,🏦
PLMR,🏦
PLNT,🏦
PLRX,⚡
PLTK,⚡
PLTR,🏦
PLUG,🏦
PLUS,🏦
PLXS,🏦
PM,🏦
PMT,🏦
PMVP,🏦
PNC,🏦
PNFP,🏦
PNR,🏦
PNW,🏦
PODD,🏦
POOL,🏦
POR,🏦
POST,🏦
POWI,🏦
PPC,🏦
PPG,🏦
PPL,🏦
PRA,🏦
PRAA,🏦
PRCT,⚡
PRDO,🏦
PRG,🏦
PRGO,🏦
PRGS,🏦
PRI,🏦
PRIM,⚡
PRK,🏦
PRLB,🏦
PRM,⚡
PRTA,🏦
PRTS,🏦
PRU,🏦
PRVA,🏦
PSA,🏦
PSEC,🏦
PSFE,🏦
PSMT,🏦
PSN,🏦
PSX,🏦
PTC,🏦
PTCT,⚡
PTEN,⚡
PTGX,🏦
PTLO,🏦
PTON,🏦
PUBM,🏦
PUMP,🏦
PVH,⚡
PWR,🏦
PXD,🏦
PYPL,🏦
PZZA,🏦
QCOM,🏦
QDEL,⚡
QGEN,🏦
QLYS,⚡
QNST,🏦
QQQ,🏦
QRVO,⚡
QS,🏦
QSR,🏦
QTRX,⚡
QTWO,⚡
QURE,⚡
R,⚡
RACE,🏦
RAMP,⚡
RARE,🏦
RBA,🏦
RBC,🏦
RBLX,⚡
RC,🏦
RCI,🏦
RCKT,🏦
RCL,🏦
RCUS,🏦
RDN,🏦
RDNT,🏦
RDWR,⚡
RE,⚡
REG,🏦
REGN,🏦
RELY,🏦
REPL,🏦
RES,⚡
REXR,🏦
REYN,🏦
REZI,⚡
RF,🏦
RGA,⚡
RGEN,⚡
RGLD,🏦
RGNX,⚡
RGR,🏦
RH,🏦
RHI,🏦
RHP,⚡
RICK,🏦
RILY,🎰
RIOT,🏦
RIVN,🏦
RJF,🏦
RKT,🏦
RL,⚡
RLAY,🏦
RLI,🏦
RLJ,⚡
RMBS,🏦
RMD,🏦
RNA,🏦
RNG,🏦
RNR,🏦
RNST,🏦
RNW,⚡
ROAD,🏦
ROCK,🏦
ROG,🏦
ROK,🏦
ROKU,🏦
ROL,🏦
ROP,🏦
ROST,🏦
RPAY,🏦
RPD,🏦
RPM,🏦
RPRX,🏦
RPT,⚡
RRC,⚡
RRR,⚡
RRX,🏦
RS,🏦
RSG,🏦
RTX,⚡
RUN,🏦
RUSHA,🏦
RVLV,🏦
RVMD,🏦
RWT,🏦
RXRX,🏦
RY,🏦
RYAN,⚡
RYN,⚡
RYTM,⚡
S,⚡
SA,⚡
SABR,🏦
SAFE,🏦
SAFT,⚡
SAH,🏦
SAIA,🏦
SAIC,🏦
SAM,🏦
SANA,🏦
SANM,⚡
SATS,⚡
SBAC,🏦
SBCF,🏦
SBGI,⚡
SBH,⚡
SBLK,⚡
SBRA,🏦
SBSI,⚡
SBUX,🏦
SCCO,🎰
SCHL,🏦
SCHW,🏦
SCI,🏦
SCL,🏦
SCVL,🏦
SD,🏦
SDGR,🏦
SEDG,🏦
SEE,🏦
SEIC,⚡
SEM,🏦
SENS,🏦
SF,🏦
SFBS,🏦
SFL,🏦
SFM,🏦
SFNC,🏦
SG,🏦
SGML,🏦
SGRY,🏦
SHAK,⚡
SHC,🏦
SHLS,⚡
SHO,🏦
SHOO,⚡
SHOP,🏦
SHW,🏦
SI,🏦
SIBN,⚡
SIG,⚡
SIGI,🏦
SIRI,🏦
SITC,🏦
SITE,🏦
SITM,🏦
SJM,🏦
SJT,⚡
SKIN,⚡
SKLZ,🏦
SKT,⚡
SKY,⚡
SKYW,🏦
SLAB,🏦
SLB,⚡
SLF,🏦
SLG,🏦
SLGN,🏦
SLM,🏦
SLP,🏦
SLV,🏦
SLVM,⚡
SM,⚡
SMG,🏦
SMH,🏦
SMP,⚡
SMPL,⚡
SMTC,🏦
SNA,🏦
SNAP,🏦
SNBR,🏦
SNDR,🏦
SNDX,🏦
SNEX,🏦
SNOW,⚡
SNPS,🏦
SNX,🏦
SO,🏦
SOFI,⚡
SONO,🏦
SPG,🏦
SPGI,🏦
SPOT,🏦
SPSC,⚡
SPT,⚡
SPWH,🏦
SPWR,🏦
SPY,🏦
SQ,🏦
SRE,🏦
SRPT,⚡
SSNC,🏦
SSRM,🏦
SSYS,🏦
STAA,🏦
STBA,🏦
STE,⚡
STEP,🏦
STLD,⚡
STNE,🏦
STRA,🏦
STRL,⚡
STT,🏦
STX,🏦
STZ,🏦
SUPN,🏦
SVC,⚡
SWBI,⚡
SWK,🏦
SWKS,🏦
SYBT,🏦
SYF,⚡
SYK,🏦
SYNA,🏦
SYY,🏦
T,🏦
TAP,🏦
TASK,⚡
TBBK,⚡
TBPH,⚡
TCBI,🏦
TCMD,🏦
TDG,🏦
TDY,🏦
TEAM,⚡
TECH,🏦
TEL,🏦
TENB,⚡
TER,⚡
TFC,🏦
TFSL,🏦
TFX,🏦
TGT,🏦
TGTX,🏦
THRM,⚡
THRY,🏦
TITN,🏦
TJX,🏦
TLRY,🏦
TM,🏦
TMCI,🏦
TMDX,🏦
TMO,🏦
TMUS,🏦
TNDM,🏦
TOST,🏦
TOWN,🏦
TPG,⚡
TPL,🏦
TPR,🏦
TREE,🎰
TRGP,⚡
TRI,🏦
TRIP,🏦
TRMB,🏦
TRMD,🏦
TRMK,🏦
TROW,🏦
TRUP,⚡
TRV,🏦
TSCO,🏦
TSEM,🏦
TSLA,🏦
TSN,🏦
TT,🏦
TTD,⚡
TTEC,🏦
TTEK,🏦
TTGT,🏦
TTMI,🏦
TTWO,⚡
TVTX,🎰
TW,🏦
TWLO,🏦
TWST,🏦
TXG,🏦
TXN,🏦
TXRH,🏦
TXT,🏦
TYL,⚡
U,🏦
UAL,🏦
UBER,🏦
UBSI,🏦
UCTT,⚡
UDR,🏦
UFPI,🏦
UHS,🏦
ULCC,🏦
ULTA,⚡
UMBF,🏦
UNG,🏦
UNH,🏦
UNIT,⚡
UNP,🏦
UPS,🏦
UPST,⚡
UPWK,🏦
URBN,⚡
URI,🏦
USB,🏦
USO,⚡
UTHR,⚡
UVXY,🎰
V,🏦
VC,🏦
VCEL,⚡
VCTR,⚡
VCYT,🏦
VECO,🏦
VEEV,🏦
VERU,🏦
VIAV,⚡
VICI,🏦
VICR,🏦
VIR,🏦
VIVO,⚡
VIXY,🎰
VLO,🏦
VLY,🏦
VMC,🏦
VNDA,⚡
VNOM,🏦
VRDN,🏦
VREX,🏦
VRM,🏦
VRNS,⚡
VRRM,⚡
VRSK,🏦
VRSN,🏦
VRT,🏦
VRTX,🏦
VSAT,🏦
VST,⚡
VTR,🏦
VTRS,🏦
VXX,🎰
VZ,🏦
WAB,🏦
WABC,🏦
WAFD,🏦
WAT,🏦
WBA,⚡
WBD,⚡
WDAY,🏦
WDC,🏦
WDFC,🏦
WEC,🏦
WELL,🏦
WEN,🏦
WERN,🏦
WFC,⚡
WFRD,🏦
WHR,⚡
WING,🏦
WIX,⚡
WKHS,🏦
WM,🏦
WMB,🏦
WMG,🏦
WMT,🏦
WOOF,🏦
WPM,🏦
WRB,🏦
WRK,🏦
WRLD,🏦
WSBC,🏦
WSC,🏦
WSFS,🏦
WSM,🏦
WST,🏦
WTFC,⚡
WTW,🏦
WW,🏦
WWD,🏦
WY,🏦
WYNN,🏦
XEL,🏦
XENE,⚡
XLB,🏦
XLC,🏦
XLE,🏦
XLF,🏦
XLI,🏦
XLK,🏦
XLP,🏦
XLRE,🏦
XLU,🏦
XLV,🏦
XLY,🏦
XMTR,⚡
XNCR,🏦
XOM,🏦
XP,🏦
XPEL,⚡
XPEV,🏦
XRAY,🏦
XRX,⚡
XYL,🏦
YUM,🏦
Z,🏦
ZBH,🏦
ZBRA,🏦
ZD,🏦
ZG,🏦
ZION,⚡
ZM,🏦
ZNTL,🏦
ZS,⚡
ZTS,🏦
ZUMZ,⚡
ZYME,🏦
