pair,a,b,n,ret,win,mae,p10,d5,d10,n_mined,r_mined,r_oos
T12 → T2G → T6,T12,T2G,108,0.8736873293998748,57.407407407407405,-2.6504938379896426,-9.6715452688904,29.629629629629626,9.25925925925926,51,-0.34978377003307415,1.4814814814814836
T2G → T2 → T6,T2G,T2,486,0.7003434986419199,56.17283950617284,-2.5991971127304003,-8.27530659745424,22.22222222222222,7.20164609053498,242,0.5033962784603552,0.8666628047788172
T2G → T12 → T6,T2G,T12,211,0.5333902282910197,53.55450236966824,-2.8225108225108264,-9.882747068676723,30.80568720379147,9.95260663507109,110,0.6806165888492144,0.5221214619400838
T1 → T2 → T6,T1,T2,238,0.4611148610076943,53.36134453781513,-2.688094175960348,-9.287748666942857,27.310924369747898,9.243697478991598,116,0.7190057863992405,0.06098043824729338
T1G → T2G → T6,T1G,T2G,488,0.42827797853067784,53.893442622950815,-2.8998217867924336,-9.010873220490975,26.229508196721312,7.581967213114754,235,0.47309284447072386,0.35087719298245723
T1G → T2 → T6,T1G,T2,172,0.3980244798548749,53.48837209302325,-2.807686579752927,-8.709838758079044,27.906976744186046,7.55813953488372,86,0.4290281561814324,0.3278343741261014
T4 → T2 → T6,T4,T2,232,0.37904263333393695,53.01724137931034,-2.7886649247231556,-10.414081061298956,32.327586206896555,11.206896551724139,106,-0.5728073114948051,0.7108585858585759
T9 → T2G → T6,T9,T2G,573,0.3359086328518668,52.70506108202443,-3.0315789473684185,-9.77913120035497,32.11169284467714,9.598603839441536,320,0.3184507252786517,0.4289741389876145
T12 → T6 → T6,T12,T6,1166,0.32711801094488235,54.45969125214408,-2.280050506837261,-6.396047690197826,16.466552315608922,3.516295025728988,490,0.30459858589706457,0.3635621853954385
T6 → T2G → T6,T6,T2G,215,0.2981433798617594,53.48837209302325,-2.683528685996306,-8.361096729171821,23.72093023255814,6.046511627906977,108,0.15825969325629075,0.3089143865842914
T12 → T12 → T6,T12,T12,1208,0.1956223096299614,52.483443708609265,-2.5659442926445064,-7.656638826945898,22.599337748344368,5.877483443708609,505,0.13315579227695107,0.29333333333332323
T5 → T2G → T6,T5,T2G,504,0.1764866960039857,51.388888888888886,-3.15065944410951,-10.13300381265638,31.150793650793652,10.317460317460316,236,-0.3035875096860652,0.48127966186092275
T9 → T10 → T6,T9,T10,143,0.15220700152207556,51.048951048951054,-2.6315789473684292,-8.247364756501156,27.27272727272727,6.993006993006993,69,-0.6280788177340013,1.0132046724225408
T11 → T11 → T6,T11,T11,546,0.14554532876898119,52.01465201465202,-2.459125340497775,-7.740484535381098,20.32967032967033,6.7765567765567765,202,0.030408154021266398,0.16135745571147497
T9 → T2 → T6,T9,T2,176,0.10754167977350404,52.27272727272727,-3.289815565158233,-10.099669463513855,27.84090909090909,10.227272727272728,87,-0.37651759643458904,0.5555555555555536
T2 → T2G → T6,T2,T2G,810,0.10327794934567036,51.72839506172839,-2.8840633563609996,-9.19755111372266,27.160493827160494,8.148148148148149,342,-0.23689982899439133,0.45469576719576743
T9 → T12 → T6,T9,T12,102,0.10281783794080512,51.9607843137255,-3.307773018386123,-7.855453730776204,26.47058823529412,3.9215686274509802,45,-0.6761325219743042,0.7029876977152849
T11 → T6 → T6,T11,T6,535,0.0769674812391763,51.02803738317757,-2.3367117117117253,-6.829492475460565,19.626168224299064,4.299065420560748,198,-0.15186654639801067,0.21524866885691551
T3 → T3 → T6,T3,T3,1809,0.0757862826828326,51.299060254284136,-2.462686567164185,-8.24704054369658,23.548922056384743,6.7440574903261465,861,0.0,0.14976211395817396
T2 → T10 → T6,T2,T10,412,0.0757311789457038,50.48543689320388,-2.769673505496489,-9.281896936072808,29.61165048543689,8.495145631067961,189,0.04524886877828038,0.10964912280704286
T5 → T12 → T6,T5,T12,173,0.06772773450727243,50.86705202312138,-3.0085470085470023,-12.04351033884504,32.369942196531795,13.294797687861271,81,-0.6348246674727998,0.3044003967733744
T1 → T1 → T6,T1,T1,1116,0.03852970731882399,50.53763440860215,-2.5533131633843187,-8.6035696329814,23.2078853046595,7.795698924731183,519,-0.19518952273013257,0.2640901771336468
T3 → T6 → T6,T3,T6,1820,0.03507124625137248,50.54945054945055,-2.5008564576909977,-7.214475318106448,19.560439560439562,5.329670329670329,870,0.1492437912168465,-0.012748649733812512
T6 → T6 → T6,T6,T6,5082,0.008377726317476686,50.09838646202282,-1.7977528089887618,-5.300574963471792,11.058638331365604,2.22353404171586,2330,0.044702154116627035,-0.016306372201402297
T5 → T2 → T6,T5,T2,161,0.0,49.68944099378882,-4.215851602023612,-14.936785931735963,47.82608695652174,24.22360248447205,66,0.7979654231805244,-0.8949171502481978
T1 → T2G → T6,T1,T2G,568,0.0,49.82394366197183,-2.9720441909540485,-9.378697047139093,29.225352112676056,9.330985915492958,269,-0.4995004995004937,0.43455031166519387
T2G → T6 → T6,T2G,T6,7187,-0.014330753797653362,49.39474050368721,-2.386653581943088,-7.381086089053985,19.813552247112842,5.18992625573953,3454,-0.05876080641567527,0.018850141376058893
T1G → T6 → T6,T1G,T6,1975,-0.016009605763456225,49.21518987341772,-2.395672333848531,-7.139315068493152,19.69620253164557,5.063291139240507,919,-0.03819709702063134,0.0
T2G → T2G → T6,T2G,T2G,8457,-0.01884540486211117,49.39103701076032,-2.5373134328358193,-8.144749901087176,23.022348350478893,6.881873004611565,4098,-0.10882081844031943,0.041000410004099486
T5 → T5 → T6,T5,T5,4352,-0.03599258488665158,49.310661764705884,-2.6655958445046704,-8.422539477125984,24.448529411764707,7.077205882352941,1961,-0.23661270236612353,0.10557184750734638
T10 → T2G → T6,T10,T2G,212,-0.04073319755600879,48.58490566037736,-2.6221188404995264,-11.477302683178749,30.660377358490564,14.622641509433961,94,-1.3680763505046434,0.8502451409302614
T5 → T6 → T6,T5,T6,4408,-0.045990157931735665,49.00181488203267,-2.4892972427067175,-7.404208650353012,20.666969147005446,4.945553539019964,1988,-0.1711483259539015,0.04091299427879669
T2G → T11 → T6,T2G,T11,120,-0.046222362551273655,48.333333333333336,-2.870078310699775,-7.933674916277119,26.666666666666668,7.5,59,-0.18068660911464418,0.16690510252741486
T1 → T6 → T6,T1,T6,1122,-0.049846571046507915,48.663101604278076,-2.5437735591763877,-7.900716756986046,21.568627450980394,6.417112299465241,522,-0.0796925720428554,-0.013873035632683273
T1G → T10 → T6,T1G,T10,187,-0.05263157894738191,49.19786096256685,-3.117101937657951,-9.06008283086668,30.481283422459892,8.02139037433155,77,-0.8968609865470767,0.4182582624581377
T9 → T9 → T6,T9,T9,4424,-0.05980998168499396,49.23146473779385,-2.5218468029469143,-8.20764934309401,23.259493670886076,6.4421338155515375,2034,-0.2397450119966893,0.09890218670572937
T4 → T4 → T6,T4,T4,651,-0.07027406886859211,48.38709677419355,-2.493966210780374,-9.511826874685458,26.574500768049152,9.37019969278034,298,-0.35615983237579085,0.09196811771918778
T4 → T6 → T6,T4,T6,649,-0.07027406886859211,48.228043143297384,-2.4112525117213623,-8.388628712371757,23.26656394453005,6.933744221879815,295,-0.19398642095054264,0.08858024691357214
T10 → T10 → T6,T10,T10,3000,-0.07695417135700766,48.53333333333333,-2.6305784135133514,-8.905121655734463,23.799999999999997,8.433333333333334,1251,-0.23116042533518621,0.0
T2 → T6 → T6,T2,T6,2921,-0.07878409874273462,48.78466278671688,-2.4914119157500303,-8.770257387988556,23.690516946251282,7.874015748031496,1279,0.0,-0.12785933940193672
T9 → T6 → T6,T9,T6,4478,-0.08282692113282808,48.39213934792318,-2.5235918429027504,-6.987810171453376,20.053595355069227,4.466279589102277,2062,-0.20505409471008873,-0.0033014196104297344
T2 → T2 → T6,T2,T2,3269,-0.09376953531986532,48.66931783420006,-2.612330198537094,-10.206903866725046,27.714897522178035,10.431324564086877,1425,0.0,-0.13782941309253838
T10 → T6 → T6,T10,T6,2993,-0.10072030277132882,47.84497160040094,-2.449479485609296,-7.915059357734593,21.216171065820248,5.947210157033077,1253,-0.17665615141956303,-0.05413560676575391
T6 → T10 → T6,T6,T10,138,-0.12396435460691468,48.55072463768116,-2.704961135161982,-9.942182177873608,27.536231884057973,9.420289855072465,61,0.5264607756114037,-0.27254707631317876
T1G → T1G → T6,T1G,T1G,1973,-0.15641293013556323,47.44044602128738,-2.5151374010246808,-8.127085233709337,20.729853015712113,6.487582361885454,917,-0.18115942028986698,-0.14473617388655047
T3 → T2G → T6,T3,T2G,526,-0.16109424321976706,48.09885931558935,-3.320449031621364,-12.052062025656646,34.60076045627377,13.11787072243346,267,-0.8624174639536464,0.304362529590807
T2G → T10 → T6,T2G,T10,602,-0.1908365685455493,48.17275747508305,-3.1230104618041765,-9.524850094530064,30.89700996677741,9.30232558139535,283,-0.10908099263703397,-0.27824151363381455
T6 → T2 → T6,T6,T2,100,-0.25648004689921566,48.0,-2.6413440823894128,-9.15050193203575,32.0,6.0,38,,0.02912928970211226
T4 → T10 → T6,T4,T10,297,-0.26222671553139953,46.801346801346796,-3.0950861518825756,-10.547523062005444,34.68013468013468,11.11111111111111,126,-0.6619190792179541,0.1519756838905817
T3 → T10 → T6,T3,T10,255,-0.2777777777777879,47.45098039215686,-2.803308823529427,-9.844852221928155,29.01960784313726,10.196078431372548,90,-0.4927403656479812,-0.10045203415368631
T1 → T10 → T6,T1,T10,315,-0.44019429265329535,47.3015873015873,-3.1667102852656392,-10.498313992904105,33.33333333333333,10.793650793650794,131,-1.1613540894489738,0.5932634126559755
T4 → T2G → T6,T4,T2G,493,-0.4653675156853665,44.21906693711968,-3.0800821355236208,-10.464438813403007,30.425963488843816,10.547667342799189,231,-0.5173099880620757,-0.418020473046149
T3 → T2 → T6,T3,T2,238,-1.389719094127484,40.33613445378151,-4.579266448959851,-12.99556702260859,45.378151260504204,19.747899159663866,98,-1.719272061713839,-0.9101694702055074
