seq,ticker,date,close,fwd21,minDD,L
Z6>Z2G>T5>T2G,A,2021-06-04,137.9,8.034807831762137,-0.38433647570703666,L12
T5>T2G>T6>Z4,A,2022-03-11,130.31,0.7290307727726208,-2.6168367738469756,L5
Z4>Z10>Z11>T4,A,2023-12-26,139.81,-6.308561619340525,-9.348401401902585,L12
Z2>Z2G>T1>T2,A,2025-03-17,122.49,-15.813535798840716,-21.27520613927667,L12
T2G>T6>T2G>Z4,A,2025-06-27,119.17,0.5622220357472507,-7.065536628346059,L46
T4>T2G>Z3>Z2,A,2026-04-16,118.25,-5.539112050739958,-6.714587737843547,L5
T2G>Z1G>T5>Z1G,AAL,2024-01-17,12.93,15.235885537509674,0.6187161639597871,L25
Z9>Z11>Z2>Z2G,ABNB,2022-11-17,99.3,-13.464249748237656,-13.997985901309152,L46
T6>Z4>T9>Z1G,ABNB,2022-12-15,90.61,11.588124931023058,-9.601589228561968,L5
Z2>Z2G>T1>T2,ABNB,2023-02-14,120.87,-0.7280549350542009,-7.74385703648548,L3
Z6>Z2G>T5>T2G,ABT,2025-11-21,128.11,-2.786667707438928,-5.7840917961127225,L12
T4>T2G>Z3>Z2,ABT,2026-01-08,126.18,-11.974956411475679,-16.571564431764152,L5
T6>Z4>T9>Z1G,ACN,2021-07-30,317.68,6.08159153865524,-0.6862251322085178,L46
T2G>Z1G>T5>Z1G,ACN,2022-08-23,306.7,-14.470166286273233,-14.594065862406257,L5
Z6>Z2G>T5>T2G,ACN,2024-08-06,318.68,6.98192544245011,-1.8639387473327496,L12
Z2>Z2G>T1>T2,ADBE,2024-03-19,521.19,-9.211611888178982,-10.138337266639807,L3
T4>T2G>Z3>Z2,ADI,2023-03-07,184.94,2.9360873796907105,-3.1685952200713685,L5
Z2>Z2G>T1>T2,ADI,2024-11-19,210.43,-1.2593261417098378,-1.5206957182911207,L12
Z2>Z2G>T1>T2,ADSK,2021-07-21,301.78,9.467161508383604,0.08946914971172948,L12
T2G>T6>T2G>Z4,AEE,2021-12-09,86.7,0.934256055363325,-2.110726643598615,L46
Z1G>T5>T2G>T6,AEE,2025-03-14,99.12,-0.11097659402744542,-7.415254237288149,L3
T2>Z5>Z6>T5,AEP,2021-06-17,84.39,1.6352648418058946,-2.6898921673183973,L25
Z6>Z2G>T5>T2G,AES,2026-05-05,14.37,2.5052192066805867,-0.9046624913013113,L3
Z2>Z2G>T1>T2,AFL,2023-05-18,66.91,1.3301449708563728,-4.214616649230296,L12
T4>T2G>Z3>Z2,AFL,2025-04-16,107.34,-0.4844419601267136,-3.950065213340792,L46
T2G>T6>T2G>Z4,AFRM,2022-02-10,58.68,-55.31697341513293,-55.657805044308105,L46
T2G>Z1G>T5>Z1G,AFRM,2024-02-21,36.67,2.29070084537768,-11.508044723206979,L25
Z2>Z2G>T1>T2,AGI,2025-03-12,24.52,14.070146818923334,-4.200652528548132,L3
Z6>Z2G>T5>T2G,AI,2025-06-16,24.45,15.991820040899807,-6.421267893660532,L3
Z4>T9>Z1G>T1,AIZ,2021-08-05,158.79,7.292650670697154,-0.11965489010642427,L12
Z4>T9>Z1G>T1,AIZ,2023-09-18,140.28,9.55945252352437,-0.07128599942970437,L12
T4>T2G>Z3>Z2,AIZ,2026-05-13,242.61,7.575944932195711,1.2076996001813445,L25
Z6>Z2G>T5>T2G,AJG,2023-03-14,183.35,8.917371148077446,-4.859558221979821,L12
Z6>Z2G>T5>T2G,AJG,2025-11-21,251.41,2.899645996579281,-5.994192752873784,L3
Z11>Z2>Z2G>T1,ALB,2026-02-06,163.37,1.9403807308563392,-4.0705147823957955,L12
Z2>Z2G>T1>T2,ALB,2026-02-09,165.76,1.3513513513513598,-5.453667953667951,L3
Z2>Z2G>T1>T2,ALGN,2021-07-21,619.65,9.716775599128557,-0.601952715242482,L12
Z2>Z2G>T1>T2,ALGN,2024-06-06,257.46,-3.876330303736497,-9.57818690281984,L3
Z2>Z2G>T1>T2,ALK,2025-08-13,57.75,9.731601731601724,-5.454545454545457,L12
Z2>Z2G>T1>T2,ALK,2025-10-21,49.01,-21.199755152009793,-21.893491124260343,L12
Z6>Z2G>T5>T2G,ALL,2021-11-11,114.66,-5.634048491191345,-7.456828885400313,L12
Z2>Z2G>T1>T2,ALL,2021-11-23,114.9,-0.6701479547432609,-7.65013054830288,L3
T4>T2G>Z3>Z2,ALL,2022-12-28,135.43,-5.486229048216796,-9.916562061581635,L5
T4>T2G>Z3>Z2,ALL,2025-04-16,194.24,7.629736408566723,-4.952635914332781,L5
T2G>Z1G>T5>Z1G,ALLE,2024-01-02,124.25,2.3983903420523145,-5.698189134808851,L46
Z11>Z2>Z2G>T1,ALLE,2025-05-15,142.91,-4.765236862360933,-5.765866629347149,L12
Z1G>T5>T2G>T6,AMAT,2022-02-08,138.75,-9.931531531531535,-14.83243243243243,L12
T2G>Z1G>T5>Z1G,AMAT,2022-12-27,95.34,17.998741346758962,-1.7516257604363372,L46
T4>T2G>Z3>Z2,AMAT,2024-05-17,212.08,16.85684647302905,-1.4852885703508178,L46
Z4>Z10>Z11>T4,AMCR,2025-12-17,41.85,-1.624850657108723,-2.4133811230585334,L12
T2G>Z1G>T5>Z1G,AMCR,2026-04-07,39.04,2.996926229508201,-6.070696721311464,L46
Z4>Z10>Z11>T4,AME,2023-08-01,159.45,0.5268109125117659,-4.346190028221997,L3
T4>T2G>Z3>Z2,AMGN,2024-05-13,308.45,-2.3893661857675497,-4.201653428432484,L5
T2G>T6>T2G>Z4,AMP,2023-01-18,328.2,6.480804387568573,-2.4862888482632406,L5
T2G>Z1G>T5>Z1G,AMT,2022-12-16,213.45,4.638088545326768,-3.602717263996247,L46
Z6>Z2G>T5>T2G,AMZN,2025-05-07,188.71,13.173652694610771,0.05829049864871649,L3
Z6>Z2G>T5>T2G,ANET,2023-04-21,38.97,-6.748781113677172,-15.524762637926603,L12
Z6>Z2G>T5>T2G,ANET,2024-05-02,65.47,13.181609897663037,3.7574461585459185,L12
T4>T2G>Z3>Z2,ANET,2024-05-17,79.97,6.389896211079149,-9.528573214955616,L5
Z1G>T5>T2G>T6,ANET,2024-08-21,88.97,8.025177025963814,-12.049005282679559,L34
Z9>Z11>Z2>Z2G,AON,2024-10-29,370.95,6.027766545356528,-2.3722873702655356,L25
T5>T2G>T6>Z4,AOS,2024-04-15,85.15,1.4679976512037562,-5.296535525543167,L5
T2G>Z1G>T5>Z1G,APA,2025-11-05,21.66,25.11542012927055,5.309325946445043,L46
Z2>Z2G>T1>T2,APD,2023-01-23,308.72,-9.856828193832602,-11.210805908266398,L12
Z2>Z2G>T1>T2,APD,2025-09-18,292.45,-13.421097623525391,-14.118652761155747,L12
T2G>T6>T2G>Z4,APD,2026-06-05,282.35,5.100053125553372,-4.335045156720385,L46
T4>T2G>Z3>Z2,APD,2026-07-07,305.05,-3.265038518275709,-5.589247664317332,L25
T2G>Z1G>T5>Z1G,APH,2022-03-23,37.12,-6.465517241379304,-6.5463362068965525,L5
T4>T2G>Z3>Z2,APH,2024-05-13,63.58,8.037118590751803,-0.3145643284051536,L25
Z2>Z2G>T1>T2,APO,2021-08-16,59.45,6.005046257359115,-6.644238856181673,L34
Z4>T9>Z1G>T1,APO,2021-10-05,61.55,26.67749796913079,-3.363119415109672,L12
Z2>Z2G>T1>T2,APO,2023-01-23,68.84,2.0772806507844077,-4.590354445090061,L3
Z4>T9>Z1G>T1,APO,2023-05-17,63.42,21.53894670450962,-1.245663828445287,L34
Z4>Z10>Z11>T4,APP,2023-05-31,25.01,2.878848460615746,-15.87365053978409,L3
Z6>Z2G>T5>T2G,APP,2024-08-06,69.0,27.811594202898537,-4.115942028985509,L3
Z4>T9>Z1G>T1,APP,2025-10-31,637.33,2.458694867650979,-23.226585913106245,L34
T4>T2G>Z3>Z2,APPN,2023-03-07,43.57,-6.2657792058755994,-12.462703695203125,L5
Z4>Z10>Z11>T4,APPN,2024-09-11,31.45,2.1621621621621623,-0.7949125596184436,L12
Z4>T9>Z1G>T1,ARE,2023-01-06,147.6,13.028455284552853,-1.4701897018970067,L12
Z2>Z2G>T1>T2,ARE,2023-06-27,115.88,8.560579910251986,-4.849844666896786,L12
T4>T2G>Z3>Z2,ARES,2021-11-19,88.3,-12.865232163080409,-17.519818799546993,L25
T2G>T6>T2G>Z4,ARES,2023-03-28,80.1,4.182272159800271,-1.835205992509359,L5
Z4>T9>Z1G>T1,ARES,2025-08-12,192.76,-4.176177630213729,-10.064328698900171,L3
Z2>Z2G>T1>T2,ASAN,2023-10-09,17.22,17.189314750290375,1.5098722415795685,L12
Z2>Z2G>T1>T2,ATO,2024-03-28,118.87,-0.19348868511820383,-6.645915706233707,L3
T2>Z5>Z6>T5,AVB,2024-09-06,223.6,-2.5044722719141266,-2.983005366726288,L46
Z4>T9>Z1G>T1,AVB,2026-05-05,185.25,2.126855600539801,-2.645074224021593,L3
T2G>T6>T2G>Z4,AWK,2024-04-26,120.78,4.520615996025823,0.17386984600098465,L25
Z4>T9>Z1G>T1,AWK,2025-11-11,130.01,0.06153372817476743,-3.1536035689562314,L12
Z4>T9>Z1G>T1,AXON,2021-06-04,141.16,25.177103995466133,-1.1405497308019208,L12
T2G>Z1G>T5>Z1G,AXON,2024-02-21,263.73,19.853638190573687,0.6028893186213136,L46
Z6>Z2G>T5>T2G,AXP,2021-11-05,176.69,-5.512479483841759,-15.167808025355145,L3
T5>T2G>T6>Z4,AXP,2022-03-01,178.06,6.570818825115121,-12.546332696843765,L46
Z11>Z2>Z2G>T1,BA,2021-06-15,246.54,-9.64549363186501,-10.440496471160854,L34
Z1G>T5>T2G>T6,BABA,2024-10-11,110.14,-13.364808425640096,-14.935536589794808,L12
T5>T2G>T6>Z4,BABA,2025-06-11,120.33,-10.063990692262948,-13.812016953378215,L46
T4>T2G>Z3>Z2,BAC,2024-10-08,39.93,13.724017029802148,-0.5259203606311047,L25
Z6>Z2G>T5>T2G,BAC,2025-02-04,46.71,-11.239563262684648,-12.309997859130807,L12
Z2>Z2G>T1>T2,BALL,2026-02-23,67.14,-11.945189156985403,-15.653857610962163,L12
T4>T2G>Z3>Z2,BAX,2022-01-06,86.78,0.1037105323807408,-4.159944687716067,L5
Z1G>T5>T2G>T6,BAX,2024-06-13,33.74,5.334914048606976,-3.112033195020758,L3
T4>T2G>Z3>Z2,BBY,2024-03-11,76.4,4.568062827225128,-0.06544502617802372,L5
Z2>Z2G>T1>T2,BBY,2025-04-21,62.11,14.554822089840624,0.5152149412332996,L12
Z2>Z2G>T1>T2,BDX,2026-01-15,208.35,-14.864410847132225,-21.08951283897288,L3
T2G>T6>T2G>Z4,BEN,2021-08-26,32.14,0.155569383945231,-8.805227131300564,L25
T9>T2>Z5>Z6,BEN,2025-07-21,24.28,2.224052718286651,-5.930807248764425,L5
Z2>Z2G>T1>T2,BG,2026-07-06,108.78,-1.8845375988233104,-5.4881412024269105,L12
T2G>Z1G>T5>Z1G,BILL,2024-02-21,61.34,8.41212911640039,-0.8803390935767985,L46
Z4>T9>Z1G>T1,BKNG,2026-02-02,204.89,-16.960320171799502,-26.487383474059246,L12
Z2>Z2G>T1>T2,BKR,2021-06-22,23.89,-16.785265801590633,-19.50606948514023,L12
T2G>T6>T2G>Z4,BKR,2025-02-06,46.98,-12.388250319284799,-13.793103448275856,L46
T2G>Z1G>T5>Z1G,BLDR,2022-08-17,67.0,-17.298507462686572,-19.104477611940297,L5
T2G>T6>T2G>Z4,BLDR,2023-03-06,87.29,0.0801924619085792,-10.104250200481157,L46
Z2>Z2G>T1>T2,BLDR,2026-05-21,73.86,3.88572975900352,-3.1952342269157885,L12
Z2>Z2G>T1>T2,BLK,2023-05-18,669.33,3.2300957674092023,-3.1195374478956595,L3
Z9>Z11>Z2>Z2G,BLK,2023-10-13,627.66,5.383487875601456,-5.0154542268107,L46
T2G>Z1G>T5>Z1G,BLK,2024-06-10,766.17,7.661485049010008,-1.8116083897829482,L46
Z11>Z2>Z2G>T1,BLK,2026-01-02,1085.06,-1.380568816470984,-3.3657124951615547,L34
T2G>Z1G>T5>Z1G,BMY,2023-07-27,60.73,2.2229540589494556,-1.6795652889840196,L46
Z2>Z2G>T1>T2,BMY,2025-08-04,45.4,4.625550660792954,-1.4537444933920618,L12
T4>T2G>Z3>Z2,BR,2023-03-07,141.68,-0.5646527385657851,-5.44184076792773,L46
T2G>Z1G>T5>Z1G,BR,2024-04-03,199.48,-2.070382995789044,-3.594345297774204,L46
Z2>Z2G>T1>T2,BRO,2023-05-08,65.75,-3.513307984790881,-6.144486692015205,L12
Z2>Z2G>T1>T2,BRO,2024-09-24,103.36,2.5735294117646967,-1.751160990712075,L3
Z10>Z2G>T9>T2,BWA,2024-11-12,35.14,-0.256118383608428,-6.516789982925442,L3
Z2>Z2G>T1>T2,BX,2023-04-28,89.33,-3.279973133325864,-10.533975148326425,L3
Z6>Z2G>T5>T2G,BX,2026-01-02,158.8,-15.6926952141058,-18.192695214105804,L3
T4>T2G>Z3>Z2,BXP,2022-04-18,123.77,-7.26347257008968,-12.353559020764315,L46
Z9>Z11>Z2>Z2G,BXP,2022-07-11,87.27,-1.294832130170731,-2.7615446316030634,L46
Z6>Z2G>T5>T2G,BXP,2024-08-06,68.35,9.231894659839067,-2.531089978054113,L12
Z4>Z10>Z11>T4,BXP,2025-06-12,73.48,-4.844855743059339,-9.499183451279269,L12
T4>T2G>Z3>Z2,CAG,2023-06-16,34.64,-5.9757505773672115,-7.476905311778303,L46
Z2>Z2G>T1>T2,CAG,2023-10-25,27.75,2.6666666666666616,-2.84684684684684,L3
Z4>T9>Z1G>T1,CAG,2024-07-24,29.86,2.076356329537843,-1.6075016744809156,L3
T4>T2G>Z3>Z2,CAG,2026-02-06,19.35,-6.563307493540071,-6.614987080103363,L5
Z9>Z11>Z2>Z2G,CARR,2022-11-17,43.04,-3.5780669144981347,-4.344795539033452,L46
T2G>T6>T2G>Z4,CASY,2023-10-27,268.5,4.067039106145254,-0.7262569832402144,L5
T9>T2>Z5>Z6,CASY,2023-11-24,282.13,-3.342430794314677,-5.518732499202494,L5
Z2>Z2G>T1>T2,CASY,2024-11-19,411.67,-0.6121407923822542,-1.7003910899506924,L3
T4>T2G>Z3>Z2,CASY,2025-12-09,563.24,5.425751012001978,-5.929976564164474,L46
T5>T2G>T6>Z4,CAT,2022-03-01,182.83,22.014986599573373,1.1868949297161313,L5
T2>Z5>Z6>T5,CAT,2025-12-09,594.36,3.913453126051558,-6.208358570563288,L25
T5>Z1>T4>Z3,CBOE,2021-12-03,129.08,-2.5952897427951704,-3.679888441276735,L25
T2G>T6>T2G>Z4,CBOE,2023-01-17,123.62,3.979938521274873,-6.075068759100477,L25
Z2>Z2G>T1>T2,CBOE,2024-03-28,183.73,-1.8124421705763782,-4.751537582321886,L3
Z10>Z2G>T9>T2,CBOE,2024-12-18,200.07,-1.1695906432748537,-6.382766031888831,L3
T5>Z1>T4>Z3,CBRE,2022-10-14,67.54,11.371039384068693,-0.9623926562037366,L25
Z1G>T5>T2G>T6,CBRE,2023-01-27,84.46,0.8051148472649761,-1.7523087852237662,L12
Z6>Z2G>T5>T2G,CBRE,2024-06-27,88.5,24.903954802259886,-3.1186440677966165,L3
Z4>T9>Z1G>T1,CBRE,2025-08-12,156.12,6.26441199077632,0.03202664616959172,L12
Z9>Z11>Z2>Z2G,CCL,2021-07-30,21.65,9.14549653579677,-5.219399538106229,L46
Z2>Z2G>T1>T2,CCL,2023-02-14,11.88,-23.989898989899004,-29.545454545454554,L3
T2G>Z1G>T5>Z1G,CCL,2023-08-03,17.56,-10.421412300683365,-12.357630979498847,L25
T2>Z5>Z6>T5,CDNS,2022-01-14,161.75,-9.693972179289034,-15.536321483771253,L5
T4>T2G>Z3>Z2,CDW,2025-06-26,177.28,2.5383574007220133,-1.7937725631768986,L25
T5>Z1>T4>Z3,CE,2022-10-14,88.68,18.403247631935038,1.5674334686513136,L46
Z6>T5>Z3>T1G,CE,2023-05-15,105.22,10.577836913134387,-2.54704428815814,L3
Z11>Z2>Z2G>T1,CE,2025-01-30,72.17,-34.848274906470834,-34.88984342524595,L34
Z2>Z2G>T1>T2,CF,2024-07-25,73.51,9.386478030199964,-2.7751326350156535,L3
Z6>Z2G>T5>T2G,CF,2024-08-06,73.4,7.002724795640325,-0.24523160762943697,L3
T2G>T6>T2G>Z4,CF,2024-10-07,88.17,-1.826017919927414,-8.426902574571859,L46
Z6>Z2G>T5>T2G,CF,2026-03-24,126.92,-1.0479041916167664,-13.559722659943274,L12
T2>Z5>Z6>T5,CFG,2022-01-28,51.7,-6.073500967117984,-7.001934235976792,L25
Z4>T9>Z1G>T1,CFG,2024-02-27,30.96,15.697674418604656,-1.3565891472868241,L12
T5>T2G>T6>Z4,CFLT,2023-01-03,21.33,26.957337083919363,-22.17533989685887,L46
Z2>Z2G>T1>T2,CHD,2022-02-18,98.78,-0.9313626240129547,-4.98076533711278,L3
Z2>Z2G>T1>T2,CHD,2026-05-13,95.09,2.5975391734146536,-2.6501209380586865,L3
Z10>Z2G>T9>T2,CHRW,2023-06-02,97.67,-3.092044640114666,-8.815398791850104,L3
Z9>Z11>Z2>Z2G,CHTR,2022-11-17,384.29,-20.331000026022018,-21.358869603684727,L46
Z4>T9>Z1G>T1,CHTR,2023-04-17,346.19,-3.134117103324774,-7.929171842052051,L34
Z2>Z2G>T1>T2,CHTR,2024-10-23,332.22,15.537896574559017,-2.1913190054783094,L12
Z2>Z2G>T1>T2,CIEN,2022-11-11,45.01,12.419462341701859,-5.3321484114641216,L12
Z4>T9>Z1G>T1,CINF,2021-10-05,115.5,7.9480519480519485,-1.7056277056276992,L12
T6>Z4>T9>Z1G,CLX,2024-01-05,141.29,9.540661051737565,-1.5853917474697332,L25
T2G>T6>T2G>Z4,CMCSA,2022-06-28,39.13,0.7155635062611632,-1.610017889087667,L5
T2G>Z1G>T5>Z1G,CMCSA,2024-04-25,37.87,1.769210456825987,-3.8024821758647964,L46
Z10>Z2G>T9>T2,CME,2023-04-17,192.12,-5.48094940662086,-6.360607953362485,L12
Z2>Z2G>T1>T2,CME,2024-09-24,218.16,4.116244957829118,-0.7563256325632595,L3
Z2>Z2G>T1>T2,CMG,2023-10-17,36.59,17.846406121891214,-1.6944520360754445,L12
T2G>T6>T2G>Z4,CNC,2021-12-27,84.37,-10.702856465568333,-11.73402868318123,L46
Z4>Z10>Z11>T4,CNC,2026-02-27,44.88,-29.14438502673797,-29.52317290552585,L3
T4>T2G>Z3>Z2,CNC,2026-06-11,63.54,8.152344979540448,-5.728674850487881,L5
Z1G>T5>T2G>T6,CNP,2022-06-22,27.8,6.834532374100721,0.0,L12
Z2>Z2G>T1>T2,CNP,2024-03-28,28.49,2.5623025623025653,-5.580905580905582,L12
T4>T2G>Z3>Z2,CNP,2025-04-16,36.78,2.0119630233822683,-2.1207177814029365,L5
T2G>T6>T2G>Z4,COF,2024-03-22,141.16,4.774723717767082,-3.478322470954942,L5
T4>T2G>Z3>Z2,COF,2025-06-05,192.0,13.28125,-0.06770833333332726,L5
T4>T2G>Z3>Z2,COHR,2023-12-18,43.19,6.8997453114146845,-7.10812688122251,L5
Z6>Z2G>T5>T2G,COIN,2023-08-21,75.28,1.8464399574920298,-3.812433581296504,L12
Z10>Z2G>T9>T2,COP,2025-10-30,88.14,2.4052643521670136,-2.9158157476741664,L34
Z11>Z2>Z2G>T1,COP,2026-03-11,117.03,4.716739297616002,0.5383235067931258,L12
T4>T2G>Z3>Z2,COR,2023-12-05,203.73,3.7451528984440374,-3.8776812447847586,L25
Z2>Z2G>T1>T2,COST,2024-02-15,724.51,0.9703109687926981,-1.8633283184497085,L12
T2>Z5>Z6>T5,CRL,2021-11-15,384.54,-5.622301971186349,-9.569875695636343,L46
Z6>Z2G>T5>T2G,CRM,2022-05-20,159.65,4.885687441277775,-3.194487942373936,L3
Z4>Z10>Z11>T4,CRM,2024-09-11,249.57,16.26798092719479,0.0,L3
T6>Z4>T9>Z1G,CRM,2025-09-25,240.95,5.760531230545762,-3.0877775472089586,L46
Z2>Z2G>T1>T2,CRWD,2023-02-14,116.31,14.796664087352763,-5.029662109878775,L3
Z2>Z2G>T1>T2,CSCO,2025-03-17,60.89,-6.060108392182617,-14.4194449006405,L12
T2>Z5>Z6>T5,CSGP,2021-08-04,86.26,1.066543009506149,-6.920936702990954,L46
T4>T2G>Z3>Z2,CSGP,2023-05-01,76.11,4.322690842202093,-4.007357771646303,L5
Z2>Z2G>T1>T2,CSGP,2025-03-17,80.15,0.44915782907049007,-11.154086088583915,L3
Z2>Z2G>T1>T2,CSGP,2025-10-21,76.85,-14.092387768379954,-16.955107351984378,L3
Z9>Z11>Z2>Z2G,CTLT,2022-01-12,115.38,-13.988559542381696,-17.2906916276651,L46
Z6>Z2G>T5>T2G,CTLT,2022-05-26,100.97,6.11072595820541,-0.7130830939883093,L12
Z2>Z2G>T1>T2,CVNA,2022-12-09,1.01,8.910891089108919,-28.712871287128717,L12
Z2>Z2G>T1>T2,CVNA,2023-07-31,9.19,3.1556039173014305,-20.78346028291621,L12
Z6>Z2G>T5>T2G,CVNA,2023-09-27,8.17,-28.763769889840873,-29.987760097919214,L3
T2G>Z1G>T5>Z1G,CZR,2023-09-07,53.37,-16.432452688776454,-19.58028855162075,L25
T9>T2>Z5>Z6,D,2023-08-11,49.59,-4.07340189554346,-7.70316596087921,L46
Z1G>T5>T2G>T6,DASH,2024-02-15,126.27,2.6213669121723404,-13.677041260790368,L3
T2G>T6>T2G>Z4,DAY,2024-03-13,67.67,-10.38865080537905,-10.521649179843362,L25
T2>Z5>Z6>T5,DAY,2025-01-16,70.18,-3.5622684525505877,-10.131091479053866,L25
Z2>Z2G>T1>T2,DD,2026-01-05,42.01,13.853844322780295,-0.6903118305165434,L3
Z11>Z2>Z2G>T1,DE,2021-12-21,349.81,4.136531259826759,-2.5013578799919944,L12
Z6>Z2G>T5>T2G,DE,2022-07-01,301.63,10.469780857341782,-5.907900407784372,L12
Z11>Z2>Z2G>T1,DE,2023-05-17,368.07,10.747955551933064,-6.118401391039741,L12
Z2>Z2G>T1>T2,DE,2023-05-18,370.52,10.11011551333263,-6.739177372341565,L34
Z1G>T5>T2G>T6,DELL,2022-04-13,47.31,-4.692454026632841,-8.77192982456142,L12
Z1G>T5>T2G>T6,DELL,2025-04-02,95.33,-0.7762509178642518,-30.50456309661177,L3
Z9>Z11>Z2>Z2G,DFS,2024-07-22,139.82,-3.261336003432991,-12.480331855242444,L46
T4>T2G>Z3>Z2,DG,2021-08-24,232.75,-6.182599355531682,-7.583243823845331,L46
Z2>Z2G>T1>T2,DGX,2025-03-14,170.16,-1.2693935119887145,-7.616361071932309,L12
Z1G>T5>T2G>T6,DHI,2022-12-22,90.35,5.67791920309908,-3.4089651355838413,L12
Z10>Z2G>T9>T2,DHI,2024-04-12,151.71,-3.196888801001907,-7.7186737855118315,L12
T4>T2G>Z3>Z2,DHR,2026-06-08,183.53,6.783632103743242,-5.072740151473876,L5
Z2>Z2G>T1>T2,DIS,2022-07-28,104.9,8.741658722592938,-1.4585319351763548,L12
Z4>T9>Z1G>T1,DIS,2023-03-27,95.62,1.035348253503443,-1.077180506170261,L12
Z6>Z2G>T5>T2G,DIS,2024-08-06,89.97,-1.4671557185728545,-6.73557852617539,L3
T6>T2G>Z4>T4,DIS,2024-11-27,117.6,-5.782312925170063,-6.607142857142856,L3
Z2>Z2G>T1>T2,DIS,2026-01-30,112.8,-8.42198581560284,-10.44326241134752,L3
Z11>Z2>Z2G>T1,DKNG,2024-11-18,42.35,-8.500590318772138,-9.681227863046049,L3
Z2>Z2G>T1>T2,DKNG,2024-11-19,43.21,-8.8174033788475,-11.478824346216154,L12
T5>Z1>T4>Z3,DKNG,2025-11-19,29.02,17.884217780840792,-1.8952446588559657,L46
Z11>Z2>Z2G>T1,DLTR,2021-07-07,99.37,-0.43272617490188736,-1.9824896850155982,L12
Z2>Z2G>T1>T2,DLTR,2025-09-18,98.26,-1.8522287807856808,-13.789945043761465,L12
Z2>Z2G>T1>T2,DOC,2024-08-20,21.8,0.4587155963302614,-0.6880733944954254,L12
Z2>Z2G>T1>T2,DOCN,2026-06-30,157.03,-23.435012418009293,-32.318665223205755,L12
Z2>Z2G>T1>T2,DOV,2021-12-22,172.49,0.6956925039132589,-3.455272769435913,L12
Z9>Z11>Z2>Z2G,DOW,2022-06-03,67.03,-23.64612859913472,-26.376249440549003,L46
T2G>Z1G>T5>Z1G,DOW,2023-08-15,53.53,0.9527367831122735,-1.756024659069677,L46
Z1G>T5>T2G>T6,DOW,2023-08-18,54.02,-2.0733061828952293,-3.091447611995557,L12
Z4>T9>Z1G>T1,DOW,2023-11-28,51.69,6.848520023215321,-2.3795705165409076,L3
Z2>Z2G>T1>T2,DPZ,2021-10-06,482.66,5.535988066133513,-6.074669539634536,L3
T2G>T6>T2G>Z4,DPZ,2023-03-17,310.67,5.159815881803831,-0.022531947082116144,L46
Z10>Z2G>T9>T2,DRI,2021-08-11,141.09,5.365369622226934,-5.627613579984403,L12
Z11>Z2>Z2G>T1,DRI,2023-06-01,161.73,3.536758795523398,-1.59525134483397,L12
T5>Z1>T4>Z3,DTE,2022-10-14,104.5,8.18181818181818,0.5454545454545379,L25
T9>T2>Z5>Z6,DTE,2025-05-01,135.84,0.10306242638398189,-4.564193168433461,L25
T9>T2>Z5>Z6,DUK,2022-01-24,102.58,-4.786508091245856,-4.922986937024754,L46
T2>Z5>Z6>T5,DUK,2022-01-25,102.32,-5.160281469898342,-6.684910086004681,L25
Z2>Z2G>T1>T2,DUOL,2023-02-28,90.79,50.88666152659984,11.543121489150776,L3
T2G>Z1G>T5>Z1G,EA,2022-08-02,128.89,-1.5672278687252517,-2.7310109395608517,L46
Z6>Z2G>T5>T2G,EBAY,2023-02-27,45.8,-6.397379912663759,-12.379912663755444,L12
Z9>Z11>Z2>Z2G,EBAY,2023-05-12,44.91,1.3582720997550757,-6.457359162769983,L5
Z2>Z2G>T1>T2,ECL,2023-05-18,174.95,3.229494141183209,-6.253215204344098,L3
Z10>Z2G>T9>T2,ED,2021-06-10,77.04,-4.7767393561786164,-7.619418483904472,L12
Z1G>T5>T2G>T6,ED,2025-03-03,104.02,5.806575658527202,-4.854835608536822,L12
T6>Z4>T9>Z1G,EFX,2024-04-30,220.19,4.269040374222266,-0.8083927517144263,L46
Z2>Z2G>T1>T2,EG,2024-07-29,384.0,1.0755208333333321,-8.695312499999996,L34
Z6>Z2G>T5>T2G,EIX,2022-01-26,62.11,0.3864112059249747,-6.842698438254713,L12
T2G>Z1G>T5>Z1G,EL,2024-01-03,138.66,-3.2741958748016664,-10.47165729121592,L46
Z1G>T5>T2G>T6,EL,2025-05-19,65.35,14.33817903596022,-4.2540168324406995,L12
Z11>Z2>Z2G>T1,EL,2025-09-26,86.66,15.924301869374569,-1.9039926148165187,L12
T2G>T6>T2G>Z4,EMN,2024-04-04,99.67,-2.177184709541491,-5.538276311829026,L5
T2>Z5>Z6>T5,ENPH,2022-01-14,142.84,8.015961915429838,-20.61047325679082,L5
T4>T2G>Z3>Z2,EPAM,2023-06-29,224.69,5.394098535760383,-0.44950821131336527,L5
T5>T2G>T6>Z4,EQIX,2025-11-11,821.04,-8.14942024749098,-12.230829192243975,L25
Z2>Z2G>T1>T2,ES,2021-10-13,86.24,-4.325139146567702,-4.74257884972169,L3
T4>T2G>Z3>Z2,ES,2024-10-25,65.84,-2.825030376670723,-9.052247873633046,L5
Z10>Z2G>T9>T2,ESS,2022-02-22,316.48,5.924544994944392,-3.001769464105153,L12
Z2>Z2G>T1>T2,ESTC,2024-03-13,106.23,-8.462769462487064,-9.62063447237127,L12
Z9>Z11>Z2>Z2G,ESTC,2025-10-14,81.81,13.017968463512997,-3.5570223689035507,L5
Z11>Z2>Z2G>T1,ETN,2021-06-15,147.85,4.071694284748073,-5.904633074061538,L3
T2G>T6>T2G>Z4,ETN,2022-03-21,154.6,-3.3764553686933985,-9.825355756791721,L25
Z10>Z2G>T9>T2,ETR,2023-01-09,54.23,-2.6369168356997985,-3.1716761939885707,L34
Z2>Z2G>T1>T2,ETR,2023-10-25,46.28,9.226447709593778,-1.9230769230769273,L34
T4>T2G>Z3>Z2,ETR,2026-02-18,102.39,1.5138197089559435,-0.37112999316338824,L5
T2>Z5>Z6>T5,ETR,2026-05-27,111.51,3.9458344543090274,-5.900816070307591,L5
T9>T2>Z5>Z6,EVRG,2021-06-07,62.68,-1.3720485003190785,-4.100191448627955,L46
T2G>T6>T2G>Z4,EVRG,2024-10-24,61.64,4.250486696950029,-3.9097988319273247,L25
Z9>Z11>Z2>Z2G,EXC,2022-06-03,48.73,-9.172994048840543,-17.566180997332225,L25
Z2>Z2G>T1>T2,EXC,2025-03-27,44.25,5.039548022598872,-3.1638418079096065,L12
T4>T2G>Z3>Z2,EXR,2021-11-22,199.9,9.579789894947478,-1.415707853926973,L5
T9>T2>Z5>Z6,F,2023-05-22,11.63,22.012037833190014,-3.267411865864156,L46
T2G>T6>T2G>Z4,FANG,2021-07-14,84.58,-6.159848663986756,-15.64199574367463,L46
T2G>T6>T2G>Z4,FAST,2023-07-12,29.36,-3.303814713896458,-4.700272479564028,L46
Z2>Z2G>T1>T2,FDS,2021-11-24,469.07,3.5282580425096466,-4.059095657364575,L12
Z4>Z10>Z11>T4,FDS,2024-08-27,411.71,10.677418571324493,-0.3497607539287406,L34
T2G>Z1G>T5>Z1G,FDS,2025-04-21,413.03,13.831925041764537,0.7190760961673481,L5
T5>Z1>T4>Z3,FDX,2026-01-15,313.16,19.842891812492013,-4.441818878528558,L46
T4>T2G>Z3>Z2,FFIV,2022-11-25,155.27,-9.068074966187933,-11.45102080247311,L25
Z2>Z2G>T1>T2,FFIV,2023-10-25,151.68,10.818829113924044,-3.731540084388185,L3
T2G>T6>T2G>Z4,FFIV,2026-04-22,311.18,23.304839642650556,-6.613535574265694,L5
Z6>Z2G>T5>T2G,FIS,2022-11-18,61.41,10.226347500407096,-1.742387233349607,L34
T2G>Z1G>T5>Z1G,FIS,2024-04-26,69.6,7.945402298850568,-4.137931034482756,L5
T2G>T6>T2G>Z4,FIS,2025-12-03,65.66,1.0813280536095204,-1.1422479439537003,L46
Z2>Z2G>T1>T2,FITB,2026-01-05,48.62,11.250514191690675,-1.748251748251739,L3
T2G>T6>T2G>Z4,FIX,2023-03-30,142.53,3.4940012628920103,-10.832807128323862,L46
T2G>T6>T2G>Z4,FIX,2025-11-20,876.19,8.514135062029915,-2.989077711455279,L46
T2G>T6>T2G>Z4,FIX,2026-01-22,1131.7,24.90677741450913,-4.978351153132465,L25
Z9>Z11>Z2>Z2G,FIX,2026-06-10,1719.48,0.7298718217135347,-5.726731337381075,L5
Z11>Z2>Z2G>T1,FIX,2026-06-11,1843.42,-3.7061548643282705,-12.065074698115463,L12
Z2>Z2G>T1>T2,FNV,2021-12-06,133.56,-2.07397424378557,-4.926624737945495,L12
Z9>Z11>Z2>Z2G,FNV,2022-09-23,114.13,5.572592657495834,-3.881538596337508,L46
T2>Z5>Z6>T5,FOX,2022-11-17,28.84,-4.195561719833563,-4.785020804438278,L25
T4>T2G>Z3>Z2,FOX,2024-09-20,37.28,3.3261802575107247,0.10729613733906351,L46
Z2>Z2G>T1>T2,FOX,2025-03-17,48.67,-4.787343332648442,-11.280049311690988,L12
T2>Z5>Z6>T5,FOX,2025-07-01,51.59,-0.8722620662919178,-2.752471409187829,L25
T4>T2G>Z3>Z2,FOXA,2021-08-25,37.04,5.9935205183585305,-5.183585313174954,L46
T5>T2G>T6>Z4,FOXA,2022-04-21,38.93,-14.050860518880038,-19.470845106601587,L25
Z2>Z2G>T1>T2,FOXA,2022-12-09,31.31,2.427339508144377,-6.5474289364420235,L12
Z4>T9>Z1G>T1,FOXA,2023-04-17,33.99,-10.179464548396588,-11.120917917034422,L12
T2G>T6>T2G>Z4,FOXA,2024-03-22,30.04,5.559254327563257,-0.06657789613847553,L5
Z2>Z2G>T1>T2,FOXA,2024-05-20,32.99,4.122461351924822,-1.4549863595028967,L12
Z2>Z2G>T1>T2,FOXA,2025-03-17,52.46,-4.5749142203583615,-10.731986275257343,L12
Z10>Z2G>T9>T2,FRT,2023-09-07,97.54,-10.887840885790446,-11.851548082837816,L3
T9>T2>Z5>Z6,FRT,2023-09-11,97.32,-8.333333333333337,-11.652281134401965,L5
T6>Z4>T9>Z1G,FSLR,2023-01-05,145.46,15.131307575965902,1.402447408222196,L25
T2G>Z1G>T5>Z1G,FSLR,2024-11-12,182.26,7.714254361900585,-1.8599802479973615,L46
Z9>Z11>Z2>Z2G,FSLR,2025-08-11,182.13,11.89260418382474,-3.107670345357705,L5
T2>Z5>Z6>T5,FTNT,2024-03-25,67.89,-3.5940491972308086,-7.777286787450288,L46
T9>T2>Z5>Z6,FTNT,2024-10-01,76.49,2.941560988364489,-0.6406066152438106,L46
Z6>Z2G>T5>T2G,FTV,2023-04-21,50.33,-0.5563282336578657,-6.119610570236434,L12
Z2>Z2G>T1>T2,FTV,2025-03-17,56.32,-11.967329545454552,-19.21164772727273,L12
T2G>T6>T2G>Z4,GD,2022-03-08,235.31,2.3160936636776874,-4.644936466788496,L5
Z2>Z2G>T1>T2,GD,2023-11-13,246.65,3.7299817555240145,-1.127103182647482,L3
Z2>Z2G>T1>T2,GD,2024-07-11,284.15,3.1110329051557306,-2.5901812423015813,L12
T5>T2G>T6>Z4,GDDY,2023-06-09,72.01,7.554506318566867,-1.4442438550201442,L5
Z6>Z2G>T5>T2G,GEN,2024-10-04,27.49,2.728264823572202,-2.837395416515087,L12
Z2>Z2G>T1>T2,GILD,2023-10-25,78.39,-3.839775481566532,-5.612960836841441,L12
Z2>Z2G>T1>T2,GIS,2022-02-18,68.15,-8.02641232575203,-9.508437270726343,L12
T2G>Z1G>T5>Z1G,GLW,2022-09-15,32.61,-7.390371051824596,-11.13155473781049,L46
Z1G>T5>T2G>T6,GLW,2023-08-18,32.15,-0.839813374805598,-3.79471228615863,L34
T4>T2G>Z3>Z2,GLW,2024-04-24,31.52,14.59390862944161,-1.0152284263959421,L46
Z11>Z2>Z2G>T1,GLW,2026-06-11,176.55,6.28150665533842,-2.1523647691872094,L12
T4>T2G>Z3>Z2,GM,2023-12-18,35.44,0.19751693002256765,-3.160270880361171,L5
Z11>Z2>Z2G>T1,GM,2025-07-23,53.13,6.361754187841129,-2.710333145115762,L12
T4>T2G>Z3>Z2,GM,2025-09-30,60.97,13.383631294079045,-10.890601935378053,L25
T4>T2G>Z3>Z2,GNRC,2023-03-07,121.43,-18.002141151280583,-19.295067116857457,L46
T2G>T6>T2G>Z4,GNRC,2024-04-29,137.3,8.878368536052438,-8.696285506190826,L46
T6>T2G>Z4>T4,GOLD,2022-04-01,24.94,-10.144346431435448,-13.712910986367287,L34
Z6>Z2G>T5>T2G,GOLD,2022-11-18,15.62,10.627400768245842,-3.13700384122918,L12
T6>T2G>Z4>T4,GOLD,2025-01-17,16.0,17.375000000000007,-3.312499999999996,L3
Z2>Z2G>T1>T2,GOOGL,2021-07-21,127.55,6.373970991767952,-0.03920031360250542,L12
Z2>Z2G>T1>T2,GPC,2023-12-04,137.32,-0.8447422079813527,-3.2915817069618325,L3
Z9>Z11>Z2>Z2G,GPC,2025-11-17,126.58,1.16922104597883,-1.7854321377784865,L46
Z10>Z2G>T9>T2,GPN,2023-10-05,114.12,-0.3154574132492094,-10.646687697160884,L12
Z2>Z2G>T1>T2,GRMN,2023-06-27,103.5,1.6231884057971158,-1.710144927536228,L12
T2G>T6>T2G>Z4,GS,2021-06-07,388.16,-5.278751030502892,-10.315333882934874,L25
T2>Z5>Z6>T5,GTLB,2023-09-13,50.98,-6.375049038838765,-18.22283248332679,L46
Z9>Z11>Z2>Z2G,GWW,2022-09-13,557.15,-9.13757515929282,-13.27470160638966,L46
Z2>Z2G>T1>T2,GWW,2025-03-17,977.41,2.283586212541322,-8.534801158162896,L12
T4>T2G>Z3>Z2,HAS,2024-12-06,65.98,-13.443467717490154,-15.792664443770843,L5
T4>T2G>Z3>Z2,HAS,2025-11-07,76.57,4.296721953767801,-2.3377301815332263,L46
Z1G>T5>T2G>T6,HBAN,2023-08-11,12.0,-8.750000000000002,-11.750000000000005,L12
Z10>Z2G>T9>T2,HCA,2024-02-12,310.16,3.7851431519215772,-2.6857106009801512,L3
T2G>T6>T2G>Z4,HD,2024-08-22,365.36,7.280490475147783,-2.129406612656015,L5
T2G>T6>T2G>Z4,HES,2024-08-20,136.02,-1.8526687251874785,-8.991324805175715,L46
Z2>Z2G>T1>T2,HII,2026-05-26,320.95,-13.042529989094875,-14.376071039102655,L34
Z11>Z2>Z2G>T1,HLT,2021-06-04,124.75,0.8657314629258561,-4.881763527054106,L3
T9>T2>Z5>Z6,HLT,2022-02-02,144.59,-4.785946469327074,-7.835949927380881,L25
Z2>Z2G>T1>T2,HLT,2025-03-17,234.65,-9.942467504794383,-16.45429362880887,L12
T9>T2>Z5>Z6,HMC,2022-04-21,26.45,-5.406427221172017,-7.750472589792068,L5
T2G>Z1G>T5>Z1G,HMC,2023-11-29,30.61,0.9800718719372714,-5.0963737340738335,L46
Z11>Z2>Z2G>T1,HOLX,2024-11-11,79.39,-4.862073308980975,-6.2350421967502285,L34
Z2>Z2G>T1>T2,HOLX,2024-11-12,79.76,-5.855065195586762,-6.670010030090278,L34
Z11>Z2>Z2G>T1,HOLX,2025-10-24,73.99,1.040681173131519,-0.18921475875118832,L12
Z11>Z2>Z2G>T1,HON,2026-06-24,227.39,6.930823694973398,-4.085491886186721,L12
Z2>Z2G>T1>T2,HOOD,2021-10-06,42.06,-11.864003804089396,-19.186875891583455,L12
Z2>Z2G>T1>T2,HOOD,2022-03-08,11.75,6.46808510638297,-13.191489361702136,L12
T9>T2>Z5>Z6,HOOD,2023-11-15,8.33,40.336134453781504,-5.042016806722693,L46
Z6>Z2G>T5>T2G,HOOD,2024-08-06,17.21,14.294015107495639,-3.0796048808832133,L12
T2G>Z1G>T5>Z1G,HOOD,2025-03-10,35.63,-4.097670502385631,-16.75554308167275,L46
Z2>Z2G>T1>T2,HPQ,2024-02-09,28.42,7.318789584799434,-2.674173117522871,L3
T4>T2G>Z3>Z2,HRL,2026-02-06,24.93,-6.377858002406733,-7.3806658644203775,L5
Z2>Z2G>T1>T2,HSIC,2025-10-31,63.2,13.401898734177209,-0.26898734177215333,L34
T2G>T6>T2G>Z4,HSIC,2025-12-16,77.05,3.802725502920201,-3.8676184295911797,L25
Z4>T9>Z1G>T1,HST,2022-03-24,18.7,11.925133689839583,-5.668449197860959,L12
Z6>Z2G>T5>T2G,HSY,2023-05-31,259.7,-3.8505968425105896,-5.017327685791296,L3
Z6>Z2G>T5>T2G,HUBS,2022-05-13,355.87,-16.865709388259752,-19.46497316435777,L3
Z2>Z2G>T1>T2,HUBS,2022-11-23,289.3,-2.78949187694435,-8.143795368129968,L12
Z9>Z11>Z2>Z2G,HUM,2025-12-09,250.39,10.567514677103729,-1.1422181397020559,L5
Z6>Z2G>T5>T2G,IBKR,2024-08-06,27.63,14.078899746652196,1.5200868621064068,L12
Z2>Z2G>T1>T2,IBM,2026-05-15,219.3,23.48837209302326,-1.1491108071135514,L34
T4>T2G>Z3>Z2,IDXX,2023-03-07,473.99,0.5696322707230195,-5.576067005633034,L46
Z9>Z11>Z2>Z2G,IDXX,2024-03-25,529.71,-6.692341092295795,-11.004134337656456,L46
T2>Z5>Z6>T5,IDXX,2025-10-17,635.4,5.288007554296503,-2.0963172804532526,L25
T4>T2G>Z3>Z2,IEX,2023-03-07,224.06,-2.7760421315718986,-4.9629563509774215,L46
T2G>Z1G>T5>Z1G,IEX,2024-04-26,220.66,-4.269011148373059,-4.4638810840206595,L5
Z2>Z2G>T1>T2,IEX,2025-03-17,184.59,-9.345034942304565,-16.918576304241828,L12
T6>T2G>Z4>T4,IEX,2026-01-08,184.74,14.07924650860668,-0.8606690483923374,L12
Z6>Z2G>T5>T2G,IFF,2024-08-06,96.48,6.415837479270303,-4.156301824212272,L3
T2G>T6>T2G>Z4,IFF,2025-03-03,80.92,-4.312901631240729,-6.413741967375186,L5
Z4>T9>Z1G>T1,IFF,2025-07-01,75.09,-5.406845119190306,-5.992808629644431,L12
Z9>Z11>Z2>Z2G,ILMN,2023-05-16,201.92,3.9718700475435798,-7.884310618066559,L46
Z2>Z2G>T1>T2,ILMN,2023-10-17,131.87,-24.03882611663002,-32.50928945173277,L12
Z4>T9>Z1G>T1,ILMN,2024-02-14,140.74,-9.243996021031698,-10.331107005826345,L12
T2G>T6>T2G>Z4,INTC,2025-12-31,36.9,32.27642276422766,2.3306233062330595,L25
Z9>Z11>Z2>Z2G,INVH,2023-04-25,32.37,1.7608897126969447,-1.0503552672227245,L5
Z11>Z2>Z2G>T1,IOT,2023-10-16,24.43,7.654523127302504,-12.075317232910354,L12
Z2>Z2G>T1>T2,IOT,2023-10-17,24.9,6.947791164658645,-13.734939759036136,L12
T4>T2G>Z3>Z2,IP,2023-06-09,31.68,0.4103535353535248,-4.577020202020199,L25
T4>T2G>Z3>Z2,IPG,2021-07-06,32.39,9.786971287434397,-5.989502933004021,L46
Z11>Z2>Z2G>T1,IPG,2022-07-27,29.52,-0.6775067750677488,-3.760162601626016,L12
Z2>Z2G>T1>T2,IPG,2022-07-28,29.84,-4.356568364611258,-4.7922252010723865,L3
Z10>Z2G>T9>T2,IQV,2023-09-12,216.77,-5.6326982516030855,-12.363334409743054,L3
Z2>Z2G>T1>T2,IQV,2026-05-19,173.18,-3.1239173114678387,-6.600069292066058,L34
Z2>Z2G>T1>T2,IRM,2022-01-24,44.37,-4.80054090601757,-5.138607167004716,L12
Z9>Z11>Z2>Z2G,IT,2023-01-05,324.77,4.975829048249536,-1.24087815992856,L5
T2G>T6>T2G>Z4,ITW,2024-11-07,272.91,0.4250485508042745,-3.1512220145835657,L25
Z4>T9>Z1G>T1,IVZ,2026-02-06,26.82,-10.626398210290834,-16.442953020134233,L12
Z2>Z2G>T1>T2,J,2023-10-25,132.8,-7.100903614457832,-9.10391566265062,L34
Z2>Z2G>T1>T2,J,2025-03-17,122.77,-4.284434308055706,-13.472346664494573,L12
Z2>Z2G>T1>T2,JBHT,2021-10-06,171.66,14.919025981591517,-2.4816497728067044,L12
Z1G>T5>T2G>T6,JBHT,2023-07-10,180.82,13.427718172768511,-0.24886627585443133,L34
T4>T2G>Z3>Z2,JCI,2021-09-13,74.74,-8.8038533583088,-9.28552314690928,L5
T2G>T6>T2G>Z4,JCI,2021-10-08,69.01,7.911896826546871,-1.5215186204898035,L46
T2G>Z1G>T5>Z1G,JD,2023-07-18,36.06,-3.272323904603436,-5.934553521907937,L46
T2G>T6>T2G>Z4,JNJ,2025-08-12,172.78,3.3105683528186214,-0.052089362194696065,L46
T5>Z1>T4>Z3,JPM,2022-06-27,116.38,-0.9795497508162887,-8.867503007389576,L25
Z6>Z2G>T5>T2G,JPM,2023-06-26,139.19,13.34147568072419,-0.8836841727135503,L12
Z11>Z2>Z2G>T1,KDP,2022-04-19,37.56,-8.0937167199148,-8.173588924387643,L3
Z2>Z2G>T1>T2,KDP,2025-05-16,33.82,-2.8089887640449507,-3.9621525724423567,L3
Z2>Z2G>T1>T2,KDP,2025-06-09,32.97,2.062481043372766,-1.4861995753715607,L3
T2G>T6>T2G>Z4,KDP,2025-11-17,26.96,4.043026706231445,-0.8531157270029732,L46
Z9>Z11>Z2>Z2G,KEYS,2021-12-31,206.51,-18.134715025906733,-24.153794005132923,L5
Z2>Z2G>T1>T2,KGC,2024-12-04,9.94,-2.515090543259557,-9.557344064386308,L12
Z9>Z11>Z2>Z2G,KHC,2023-03-01,38.4,1.145833333333357,-3.0729166666666696,L5
Z9>Z11>Z2>Z2G,KIM,2021-11-09,23.25,-0.2580645161290307,-5.505376344086022,L25
Z9>Z11>Z2>Z2G,KIM,2024-08-05,21.15,10.401891252955098,-0.3309692671394804,L46
Z2>Z2G>T1>T2,KLAC,2021-06-07,318.55,-3.6069690786375785,-5.044733950714175,L3
T2G>T6>T2G>Z4,KLAC,2024-02-06,601.62,20.218742727967822,-0.488680562481314,L46
T4>T2G>Z3>Z2,KLAC,2024-05-17,747.68,15.465172266210136,-1.6210143376845676,L5
Z4>T9>Z1G>T1,KMI,2022-02-11,17.54,-1.2542759407069504,-8.779931584948686,L34
Z1G>T5>T2G>T6,KMI,2025-05-05,26.87,4.317082247860071,-0.5210271678451783,L34
T2G>Z1G>T5>Z1G,KMX,2024-06-10,68.47,16.41594859062363,-1.285234409230318,L5
T4>T2G>Z3>Z2,KO,2021-06-08,55.65,-2.7313566936208344,-3.7735849056603765,L5
Z2>Z2G>T1>T2,KO,2025-10-28,70.16,3.876852907639683,-3.5632839224629453,L12
Z2>Z2G>T1>T2,KVUE,2023-05-15,27.5,-7.854545454545459,-9.999999999999998,L3
Z6>Z2G>T5>T2G,KVUE,2023-07-19,25.0,-8.879999999999999,-10.040000000000004,L34
Z2>Z2G>T1>T2,LCID,2025-09-08,18.44,19.36008676789587,-0.48806941431670525,L12
Z4>Z10>Z11>T4,LH,2024-05-09,206.15,-4.962406015037601,-6.878486538927964,L3
Z10>Z2G>T9>T2,LHX,2023-05-18,185.84,5.090400344382262,-6.075118381403355,L34
T4>T2G>Z3>Z2,LHX,2023-10-11,176.82,2.2282547223164695,-4.111525845492581,L25
Z1G>T5>T2G>T6,LI,2022-08-02,34.12,-15.679953106682287,-17.26260257913247,L12
T2G>Z1G>T5>Z1G,LI,2023-04-20,23.13,25.810635538262016,-7.133592736705574,L46
T2G>Z1G>T5>Z1G,LI,2025-03-03,27.37,-6.320789185239317,-8.512970405553533,L46
T2G>T6>T2G>Z4,LIN,2024-09-17,471.66,2.6120510537251285,-2.3088665564177657,L46
T6>Z4>T9>Z1G,LITE,2023-09-21,46.62,-17.117117117117107,-17.22436722436721,L46
Z9>Z11>Z2>Z2G,LITE,2024-02-08,45.59,2.8076332529063164,0.48256196534326445,L46
T2G>T6>T2G>Z4,LKQ,2021-11-18,59.1,-6.497461928934012,-8.714043993231812,L46
Z11>Z2>Z2G>T1,LLY,2021-06-29,229.37,6.958189824301342,-0.3095435322840845,L12
Z4>Z10>Z11>T4,LLY,2023-11-20,597.6,-4.583333333333329,-6.015729585006701,L3
Z2>Z2G>T1>T2,LLY,2025-08-04,769.0,-4.053315994798434,-18.88426527958388,L12
Z9>Z11>Z2>Z2G,LMT,2021-12-20,337.42,11.175982455100453,0.3645308517574497,L5
Z6>Z2G>T5>T2G,LMT,2023-12-18,446.91,2.427781880020574,-0.9711127520082408,L12
Z2>Z2G>T1>T2,LMT,2026-03-26,627.33,-18.169065722984712,-19.723271643313733,L3
T4>T2G>Z3>Z2,LNG,2023-03-23,146.65,4.193658370269349,-2.4821002386634983,L46
Z2>Z2G>T1>T2,LNG,2024-08-30,185.26,-2.1375364352801407,-5.462593112382597,L3
Z2>Z2G>T1>T2,LNG,2024-09-30,179.84,1.495774021352303,-1.1399021352313188,L34
T4>T2G>Z3>Z2,LRCX,2023-12-28,78.97,5.83765987083702,-8.408256299860707,L5
T2G>T6>T2G>Z4,LRCX,2024-02-06,83.46,19.17086029235562,-0.16774502755810827,L46
T2>Z5>Z6>T5,LRCX,2024-03-25,97.15,-8.914050437467846,-11.682964487905313,L46
Z2>Z2G>T1>T2,LULU,2021-08-12,408.91,3.964197500672517,-7.9577413122692064,L12
Z2>Z2G>T1>T2,LULU,2022-07-28,303.85,2.4551587954582788,-1.431627447753836,L12
T5>Z1>T4>Z3,LULU,2022-10-24,297.68,19.470572426766996,0.9574039236764254,L25
Z2>Z2G>T1>T2,LULU,2024-05-10,352.96,-9.893472348141419,-16.97926110607435,L12
Z2>Z2G>T1>T2,LUV,2026-05-21,40.78,21.162334477685118,-1.3241785188818023,L3
Z4>Z10>Z11>T4,LVS,2024-09-13,40.02,30.609695152423775,-0.12493753123439255,L3
T2G>T6>T2G>Z4,LVS,2025-02-21,44.02,-5.724670604270788,-7.087687414811461,L25
T2G>T6>T2G>Z4,LW,2022-01-04,63.3,1.0584518167456647,-1.421800947867291,L46
Z1G>T5>T2G>T6,LYB,2023-08-18,97.39,0.5339357223534291,-1.8995790122189105,L34
Z2>Z2G>T1>T2,MA,2025-03-17,531.99,-2.7462922235380383,-12.481437621007919,L3
Z6>Z2G>T5>T2G,MAA,2025-03-14,163.31,-2.9881819851815483,-10.501500214316339,L12
Z2>Z2G>T1>T2,MCD,2023-09-08,279.22,-10.493517656328354,-11.994126495236745,L12
Z9>Z11>Z2>Z2G,MCHP,2022-11-03,59.46,28.79246552304069,4.490413723511599,L5
T4>T2G>Z3>Z2,MCHP,2026-05-28,96.04,-7.267805081216161,-11.432736359850072,L25
Z2>Z2G>T1>T2,MCK,2021-06-22,190.1,4.697527617043673,-1.8358758548132514,L3
Z2>Z2G>T1>T2,MCK,2024-12-19,579.22,3.0989952004419674,-2.325541245122753,L3
Z6>Z2G>T5>T2G,MCO,2022-11-04,258.96,12.990423231387105,0.4479456286685224,L3
Z10>Z2G>T9>T2,MDLZ,2023-07-13,71.83,2.979256578031464,-0.5847139078379526,L12
T2G>Z1G>T5>Z1G,MDT,2023-07-06,86.07,-2.3585453700476156,-2.765191123504118,L46
Z1G>T5>T2G>T6,META,2023-03-30,207.84,17.003464203233264,-0.5148190916089312,L3
T4>T2G>Z3>Z2,META,2024-11-22,559.14,8.693708194727613,-0.4918267339127924,L25
Z2>Z2G>T1>T2,MGM,2022-07-28,32.61,2.9745476847592656,-2.6065624041704982,L3
T2G>Z1G>T5>Z1G,MGM,2023-08-15,44.18,-5.8850158442734335,-6.813037573562697,L46
Z4>T9>Z1G>T1,MHK,2023-05-17,96.67,4.375711182373032,-5.886003930898931,L12
T4>T2G>Z3>Z2,MHK,2024-09-17,154.95,3.878670538883533,-2.2975153275250126,L25
Z9>Z11>Z2>Z2G,MKTX,2023-12-20,278.44,-2.162045683091507,-5.9043240913661865,L46
Z11>Z2>Z2G>T1,MKTX,2023-12-21,285.68,-3.7769532343881362,-8.288994679361528,L12
Z2>Z2G>T1>T2,MKTX,2024-11-19,267.81,-14.674582726559882,-14.835144318733429,L34
Z2>Z2G>T1>T2,MLM,2021-12-22,435.71,-11.934543618461824,-16.08409263041931,L12
T2G>T6>T2G>Z4,MMC,2021-06-16,139.71,1.1595447713120155,-4.1872450075155605,L46
Z2>Z2G>T1>T2,MMC,2023-08-02,191.0,2.0890052356020927,-1.8010471204188416,L3
Z2>Z2G>T1>T2,MMC,2024-07-29,219.64,3.0413403751593515,-2.0624658532143347,L12
T2G>T6>T2G>Z4,MMC,2024-08-12,217.35,5.3968253968254,-0.44168391994479084,L46
Z9>Z11>Z2>Z2G,MMM,2021-06-14,168.36,0.7305773342836774,-4.882394868139716,L46
Z6>Z2G>T5>T2G,MMM,2022-11-04,104.38,-0.21076834642651532,-2.787890400459858,L3
Z2>Z2G>T1>T2,MMM,2025-07-28,152.05,2.9727063465964987,-5.129891483064785,L3
T4>T2G>Z3>Z2,MNST,2024-09-11,49.65,2.2557905337361683,-2.0140986908358527,L5
T4>T2G>Z3>Z2,MNST,2025-05-29,63.64,-1.5713387806411072,-3.7240729101194137,L46
T9>T2>Z5>Z6,MO,2021-08-12,48.12,4.0731504571903665,-0.8520365752285874,L25
Z4>T9>Z1G>T1,MO,2026-06-16,70.19,5.7273115828465615,-3.020373272545951,L12
Z2>Z2G>T1>T2,MOH,2023-08-21,320.0,4.221874999999997,-3.1218750000000073,L12
T9>T2>Z5>Z6,MOH,2023-11-03,337.43,8.763299054618724,0.1037252170820624,L25
T2>Z5>Z6>T5,MPC,2022-05-19,95.76,-4.594820384294074,-10.57852965747703,L46
Z6>Z2G>T5>T2G,MPC,2024-01-19,152.98,7.393123284089431,-0.8955419009020638,L12
Z4>Z10>Z11>T4,MPWR,2021-09-03,502.13,-6.496325652719415,-8.147292533805983,L12
T5>T2G>T6>Z4,MPWR,2023-01-03,342.95,38.20090392185449,0.8018661612479994,L46
Z2>Z2G>T1>T2,MPWR,2023-09-25,453.15,-7.756813417190767,-9.9238662694472,L12
Z6>Z2G>T5>T2G,MPWR,2025-07-18,725.24,17.245325685290382,-3.1603331311014227,L3
T4>T2G>Z3>Z2,MPWR,2025-09-09,857.87,14.341333768519693,-3.24874398218844,L25
Z2>Z2G>T1>T2,MRK,2022-02-28,76.58,6.516061634891601,-0.8226691042047429,L34
T4>T2G>Z3>Z2,MRK,2023-04-17,115.01,0.9303538822710955,-3.782279801756372,L46
T9>T2>Z5>Z6,MS,2025-10-16,160.02,2.3997000374953226,-1.7497812773403343,L5
T5>T2G>T6>Z4,MS,2026-01-13,182.76,-8.043335521996053,-9.493324578682428,L46
T5>T2G>T6>Z4,MSCI,2023-09-08,533.79,-3.4507952565615563,-8.115551059405368,L25
T6>Z4>T9>Z1G,MSCI,2023-09-12,525.97,-0.5323497537882527,-6.749434378386598,L46
Z4>T9>Z1G>T1,MSCI,2023-09-13,535.25,-2.8323213451658003,-8.366184026155999,L12
T2>Z5>Z6>T5,MSFT,2021-10-11,294.23,14.179383475512353,-0.6389559188390015,L46
Z6>Z2G>T5>T2G,MSI,2023-04-21,292.75,0.3450042698548206,-5.386848847139191,L3
T6>Z4>T9>Z1G,MSI,2023-08-08,277.8,1.6594672426206047,-0.8351331893448499,L25
T2G>Z1G>T5>Z1G,MSI,2026-05-08,383.99,7.833537331701335,0.729185655876452,L46
T5>Z1>T4>Z3,MTB,2022-06-27,164.42,5.2061792969225085,-9.500060819851585,L25
Z2>Z2G>T1>T2,MTCH,2022-07-28,72.52,-20.201323772752346,-21.16657473800331,L12
Z2>Z2G>T1>T2,MTCH,2025-03-17,31.36,-7.270408163265307,-15.84821428571428,L12
T4>T2G>Z3>Z2,MTD,2023-05-03,1492.1,-10.685610883988995,-13.65122981033442,L46
Z2>Z2G>T1>T2,MTD,2025-03-17,1235.02,-15.25805250117408,-23.34618062865378,L3
T2G>T6>T2G>Z4,MTDR,2023-08-22,60.88,-5.650459921156381,-6.176084099868606,L25
T9>T2>Z5>Z6,MU,2022-04-21,70.92,-2.8482797518330494,-7.134799774393685,L5
T2G>T6>T2G>Z4,MU,2022-10-25,55.87,5.477000178986935,-7.893323787363515,L46
Z9>Z11>Z2>Z2G,NCLH,2021-07-30,24.03,5.576362879733665,-7.032875572201425,L46
Z2>Z2G>T1>T2,NCLH,2023-02-14,17.45,-24.87106017191977,-28.424068767908306,L3
T2>Z5>Z6>T5,NCLH,2025-04-30,16.03,10.106051154086071,0.12476606363069909,L46
Z2>Z2G>T1>T2,NCLH,2026-05-21,16.47,23.800850030358234,-1.3357619914996843,L12
Z9>Z11>Z2>Z2G,NDSN,2021-06-14,221.29,-0.21690993718649354,-3.9631253106782838,L46
T5>Z1>T4>Z3,NDSN,2022-10-14,210.46,12.800532167632795,0.3135987836168308,L25
T4>T2G>Z3>Z2,NDSN,2024-03-25,267.15,-2.6539397342316917,-3.5335953584128776,L46
T2G>Z1G>T5>Z1G,NDSN,2024-08-05,234.8,6.533219761499143,-1.1371379897785472,L46
T6>Z4>T9>Z1G,NDSN,2024-09-03,250.18,4.161004077064501,-3.4255336157966276,L5
Z6>Z2G>T5>T2G,NET,2023-04-21,62.8,-9.554140127388532,-36.46496815286624,L12
Z2>Z2G>T1>T2,NET,2023-10-17,64.63,9.56212285316418,-16.633142503481345,L3
Z2>Z2G>T1>T2,NET,2024-03-19,95.17,-8.88935588946097,-9.60386676473679,L12
Z4>T9>Z1G>T1,NET,2024-08-23,82.39,3.774729942954247,-9.115183881539025,L12
Z2>Z2G>T1>T2,NET,2026-02-09,173.75,22.589928057553955,-8.587050359712222,L12
Z2>Z2G>T1>T2,NFLX,2025-05-14,115.1,5.317115551694185,-0.29539530842744854,L12
T4>T2G>Z3>Z2,NI,2023-03-07,27.31,5.053094104723543,-5.089710728670804,L5
Z10>Z2G>T9>T2,NI,2025-01-08,36.45,4.554183813443058,-1.6735253772290792,L3
T4>T2G>Z3>Z2,NKE,2024-10-18,82.92,-9.684032802701402,-10.45586107091172,L5
Z2>Z2G>T1>T2,NKE,2025-02-11,71.34,1.822259601906362,-1.415755536865726,L12
T9>T2>Z5>Z6,NKE,2025-10-16,66.84,-3.9946140035906685,-9.799521244763621,L46
T4>T2G>Z3>Z2,NOC,2021-08-13,363.11,-3.1340365178595953,-3.8555809534300933,L25
Z2>Z2G>T1>T2,NOC,2021-12-22,379.81,6.121481793528338,0.05265790790132119,L12
T2G>Z1G>T5>Z1G,NOC,2026-06-03,526.06,4.123103828460639,-6.124776641447738,L5
Z6>Z2G>T5>T2G,NOV,2022-04-26,18.51,3.6196650459211055,-10.10264721772015,L12
T9>T2>Z5>Z6,NOV,2023-09-19,20.41,2.0088192062714283,-8.770210681038703,L46
T5>T2G>T6>Z4,NOV,2023-11-28,18.88,8.47457627118644,-3.072033898305071,L46
Z6>Z2G>T5>T2G,NOW,2024-08-06,158.59,5.353427076108219,-2.270004413897464,L12
Z9>Z11>Z2>Z2G,NOW,2024-10-16,183.77,13.163193121837068,-2.078685313163209,L5
Z2>Z2G>T1>T2,NRG,2021-10-06,40.94,-13.141182217879809,-15.021983390327309,L12
T6>Z4>T9>Z1G,NSC,2025-12-30,290.11,0.3895074282168842,-4.2432180896901155,L46
T2G>T6>T2G>Z4,NTAP,2021-08-13,82.28,12.044239183276616,-5.140982012639772,L25
T4>T2G>Z3>Z2,NTAP,2025-06-26,104.75,2.062052505966583,-2.262529832935567,L46
T9>T2>Z5>Z6,NTAP,2025-10-16,119.4,-8.341708542713578,-10.092127303182586,L5
T2G>Z1G>T5>Z1G,NTES,2025-07-28,131.88,3.9202305125872083,-7.309675462541709,L46
Z1G>T5>T2G>T6,NTRS,2022-11-21,92.81,-4.159034586790211,-7.606938907445315,L12
T9>T2>Z5>Z6,NTRS,2023-08-31,76.07,-10.818982516103581,-11.200210332588401,L46
Z10>Z2G>T9>T2,NTRS,2024-09-10,88.47,3.4587995930823956,-3.2101277269130812,L34
Z10>Z2G>T9>T2,NTRS,2025-03-17,98.68,-9.535873530603977,-17.288204296716657,L3
Z2>Z2G>T1>T2,NTRS,2026-01-05,144.0,4.722222222222228,-2.506944444444459,L3
T4>T2G>Z3>Z2,NUE,2023-06-09,145.55,16.57162487117827,-1.1542425283407765,L25
Z2>Z2G>T1>T2,NUE,2026-07-06,223.92,22.382993926402307,-1.0003572704537222,L3
T2G>T6>T2G>Z4,NWL,2022-07-25,20.0,3.849999999999998,-3.849999999999998,L25
Z4>T9>Z1G>T1,NWL,2023-05-17,9.01,-5.549389567147611,-10.98779134295228,L12
T4>T2G>Z3>Z2,NWL,2024-01-24,8.3,-12.650602409638568,-18.915662650602417,L5
T2G>T6>T2G>Z4,NWL,2024-05-10,8.09,-8.899876390605687,-10.383189122373304,L25
T4>T2G>Z3>Z2,NWL,2024-07-30,8.73,-18.32760595647194,-22.56586483390608,L25
Z2>Z2G>T1>T2,NWS,2025-03-17,31.03,-1.6435707379954922,-15.404447309055758,L12
Z9>Z11>Z2>Z2G,NWS,2026-06-11,30.13,3.385330235645534,-7.7995353468304,L46
T2G>Z1G>T5>Z1G,NXPI,2022-05-09,172.9,2.411798727588188,-2.429149797570862,L46
Z2>Z2G>T1>T2,NXPI,2025-08-25,236.67,-3.8069886339628933,-8.881565048379592,L12
Z2>Z2G>T1>T2,O,2024-08-19,60.86,2.1853434111074543,-1.1008872822872218,L12
Z2>Z2G>T1>T2,ODFL,2021-10-06,146.42,21.315394071848125,-3.5719164048627183,L12
T2G>T6>T2G>Z4,ODFL,2026-04-22,219.98,-5.586871533775795,-15.042276570597323,L5
T2>Z5>Z6>T5,OKE,2022-03-09,66.61,6.425461642396035,-6.62062753340339,L25
Z4>T9>Z1G>T1,OKE,2024-03-27,79.6,1.8341708542713775,-4.158291457286422,L3
T9>T2>Z5>Z6,OKTA,2021-10-08,228.55,12.863705972434914,-1.5095165171734926,L5
Z2>Z2G>T1>T2,OMC,2022-01-14,79.6,8.567839195979898,-8.982412060301492,L12
T4>T2G>Z3>Z2,ON,2022-04-21,53.26,6.008261359369138,-5.050694705219671,L46
Z2>Z2G>T1>T2,ON,2026-06-12,116.79,-20.763764020892197,-25.961126808802128,L12
Z2>Z2G>T1>T2,ORCL,2023-01-23,88.97,-2.9785320894683665,-3.360683376419016,L3
T4>T2G>Z3>Z2,ORCL,2024-09-09,139.89,24.64793766530846,9.457430838516,L46
Z2>Z2G>T1>T2,ORLY,2021-10-06,40.86,3.4263338228095908,-1.8110621634850776,L12
Z11>Z2>Z2G>T1,ORLY,2022-07-27,45.96,3.5248041775456818,-2.632724107919937,L3
Z4>Z10>Z11>T4,OTIS,2025-06-12,96.95,2.506446621970082,-3.1768953068592065,L3
T4>T2G>Z3>Z2,PARA,2024-01-24,13.36,-16.09281437125748,-17.739520958083833,L46
Z2>Z2G>T1>T2,PATH,2023-10-17,16.7,11.796407185628755,-10.838323353293411,L12
T4>T2G>Z3>Z2,PATH,2025-02-18,14.9,-27.516778523489926,-36.241610738255034,L46
T4>T2G>Z3>Z2,PAYC,2025-03-26,222.72,2.1910919540229834,-16.71605603448275,L46
Z2>Z2G>T1>T2,PAYX,2023-01-23,119.99,-7.758979914992903,-7.858988249020749,L12
Z10>Z2G>T9>T2,PCAR,2023-05-18,71.61,8.602150537634401,-4.4826141600335045,L34
Z6>Z2G>T5>T2G,PCG,2023-03-14,15.99,5.065666041275807,-5.565978736710453,L12
Z4>Z10>Z11>T4,PEAK,2021-07-06,33.97,8.772446276126011,-0.8831321754489196,L3
T4>T2G>Z3>Z2,PEP,2022-04-22,172.15,-3.8048213767063688,-7.2785361603253,L46
T4>T2G>Z3>Z2,PFE,2022-11-16,48.05,6.971904266389184,-1.0822060353798069,L5
T2>Z5>Z6>T5,PFG,2022-01-28,72.1,-6.421636615811366,-8.210818307905665,L25
Z1G>T5>T2G>T6,PFG,2023-04-28,74.69,-8.381309412237236,-10.577051814165205,L34
T9>T2>Z5>Z6,PFG,2023-08-28,76.31,-5.6480146769754995,-6.1852968156204895,L46
T5>Z1>T4>Z3,PFG,2026-01-15,90.98,1.0991426687184003,-4.2866564080017655,L25
Z6>Z2G>T5>T2G,PG,2022-01-27,159.13,-2.0360711368063944,-5.385533840256384,L12
T4>T2G>Z3>Z2,PG,2022-04-22,161.25,-10.046511627906973,-13.686821705426356,L46
Z2>Z2G>T1>T2,PG,2025-02-12,169.58,-0.9494044108975142,-4.35192829343084,L3
T2>Z5>Z6>T5,PH,2024-03-15,535.42,1.6286279929774716,-0.06350155018488568,L46
Z4>T9>Z1G>T1,PH,2024-08-21,585.94,6.456292453152179,-2.9832406048400872,L34
Z1G>T5>T2G>T6,PHM,2022-12-22,46.03,12.926352378883333,-3.1283945253095746,L12
Z10>Z2G>T9>T2,PHM,2024-04-12,110.89,4.95085219586977,-5.672287852827129,L34
Z2>Z2G>T1>T2,PKG,2026-05-21,213.76,8.921220059880252,-0.7859281437125665,L12
T5>T2G>T6>Z4,PLTR,2022-10-14,7.53,7.569721115537842,-8.499335989375833,L46
Z2>Z2G>T1>T2,PLTR,2023-10-05,15.81,19.481340923466163,-8.412397216951295,L12
Z2>Z2G>T1>T2,PLTR,2025-07-24,154.86,2.5054888286193844,-8.084721684101769,L12
T4>T2G>Z3>Z2,PM,2022-05-27,106.97,-5.70253342058521,-10.012152940076646,L46
T2>Z5>Z6>T5,PNC,2021-12-31,200.52,4.598045082784763,-3.0171553959704833,L46
Z10>Z2G>T9>T2,PNC,2024-10-23,188.21,9.319377291323526,-1.4186281281547308,L3
Z11>Z2>Z2G>T1,PNR,2021-12-10,75.22,-6.966232385003979,-9.851103429938846,L3
T2G>T6>T2G>Z4,PNR,2024-05-10,83.32,-6.481036965914533,-7.441190590494462,L25
Z11>Z2>Z2G>T1,PODD,2022-11-15,305.67,-2.1395622730395636,-6.745837013773026,L3
T2G>T6>T2G>Z4,PODD,2025-10-10,314.52,1.8536182118784383,-7.745135444486828,L5
T2G>T6>T2G>Z4,PPG,2023-01-12,131.62,-2.1881173074000837,-6.306032517854443,L25
T2G>T6>T2G>Z4,PPL,2023-04-12,28.66,-0.9420795533845117,-1.6748080949057886,L25
Z6>Z2G>T5>T2G,PPL,2025-11-21,36.12,-3.626799557032101,-8.194905869324476,L12
T2G>T6>T2G>Z4,PPL,2026-05-26,36.12,2.436323366555926,-4.5127353266888,L46
Z9>Z11>Z2>Z2G,PRU,2022-03-31,118.17,-8.259287467208265,-10.27333502581027,L46
Z4>T9>Z1G>T1,PSA,2024-07-02,285.39,5.147342233434937,-0.343389747363243,L34
Z4>Z10>Z11>T4,PSX,2021-11-09,79.17,-8.677529367184544,-15.270935960591137,L3
Z2>Z2G>T1>T2,PTC,2024-03-19,186.86,-5.972385743337272,-6.978486567483689,L3
Z2>Z2G>T1>T2,PTC,2025-03-17,158.79,-7.387115057623273,-16.002267145286233,L12
Z6>Z2G>T5>T2G,PWR,2023-03-14,159.74,3.317891573807419,-5.03317891573809,L12
Z1G>T5>T2G>T6,PXD,2022-11-23,254.37,-9.930416322679559,-16.051421158155442,L12
Z6>Z2G>T5>T2G,PYPL,2022-05-13,78.83,-8.08067994418369,-9.361918051503226,L12
Z4>Z10>Z11>T4,QCOM,2023-03-02,123.78,3.069962837291973,-8.59589594441752,L12
T2G>Z1G>T5>Z1G,QCOM,2024-06-24,200.84,-9.843656642103172,-10.032861979685325,L5
Z2>Z2G>T1>T2,QRVO,2026-06-12,98.59,-15.366670047672182,-17.44598843696116,L12
Z4>T9>Z1G>T1,RACE,2024-09-11,475.05,-4.584780549415857,-6.051994526891901,L3
T4>T2G>Z3>Z2,RBLX,2025-09-05,127.69,-1.1120682903907886,-5.583835852455166,L25
Z6>Z2G>T5>T2G,RCL,2021-07-09,82.33,-6.000242924814769,-18.741649459492283,L12
Z2>Z2G>T1>T2,RE,2021-06-22,244.44,-0.7036491572574022,-3.9150711831124174,L12
Z2>Z2G>T1>T2,RE,2022-05-16,282.38,-2.5214250301012875,-5.620086408385861,L12
T2>Z5>Z6>T5,REGN,2021-08-12,608.0,5.184210526315791,0.759868421052623,L25
Z2>Z2G>T1>T2,REGN,2023-10-05,831.12,-1.7109442679757447,-7.451390894215026,L3
T2G>T6>T2G>Z4,RF,2023-04-12,18.33,-15.330060010911073,-16.47572285870157,L46
T2G>T6>T2G>Z4,RGLD,2023-01-09,122.41,3.071644473490731,-0.5310023690874854,L25
T2G>Z1G>T5>Z1G,RGLD,2024-06-11,122.55,11.162790697674406,-2.309261525907791,L25
T2G>T6>T2G>Z4,RL,2023-06-22,122.78,4.675028506271395,-3.6325134386708036,L25
Z4>T9>Z1G>T1,RMD,2022-07-01,215.72,10.935471908028926,-2.5125162247357613,L12
T2G>T6>T2G>Z4,RMD,2023-04-12,222.18,6.274192096498332,-0.6616257088846833,L46
T5>T2G>T6>Z4,ROK,2023-04-25,274.93,-1.7131633506710764,-3.022587567744517,L46
T9>T2>Z5>Z6,ROKU,2021-10-08,323.36,-14.284388916378033,-14.912172191984174,L25
Z11>Z2>Z2G>T1,ROKU,2026-06-11,119.64,18.488799732530925,0.016716817118012095,L34
T2G>T6>T2G>Z4,ROL,2022-01-03,33.6,-6.369047619047619,-15.17857142857143,L46
T2G>Z1G>T5>Z1G,ROL,2022-08-23,35.81,-2.5411896118402777,-6.785814018430603,L5
T2G>T6>T2G>Z4,ROP,2023-08-31,499.06,-3.0417184306496203,-3.654871157776618,L46
Z2>Z2G>T1>T2,ROST,2021-06-22,120.4,0.6644518272425293,-4.99169435215947,L12
T4>T2G>Z3>Z2,ROST,2023-07-21,112.03,6.364366687494427,-0.5623493707042737,L46
Z2>Z2G>T1>T2,RSG,2021-06-22,108.77,5.746069688333177,-0.9745334191413102,L12
Z4>Z10>Z11>T4,RVTY,2024-10-29,117.76,-1.2992527173913082,-8.992866847826086,L12
Z2>Z2G>T1>T2,SATS,2022-02-28,24.34,0.534100246507796,-9.531635168447005,L12
T2G>T6>T2G>Z4,SBAC,2023-04-12,261.67,-10.93744028738487,-12.301754117781948,L25
Z2>Z2G>T1>T2,SBAC,2026-05-19,207.51,-9.946508601995074,-10.19709893499109,L3
Z6>Z2G>T5>T2G,SBUX,2021-12-21,110.37,-12.73896892271451,-13.500045302165454,L12
Z2>Z2G>T1>T2,SBUX,2025-10-14,81.15,7.52926678989525,-3.894023413431924,L12
T4>T2G>Z3>Z2,SCHW,2026-01-07,101.93,3.090356126753635,-2.285882468360656,L46
T4>T2G>Z3>Z2,SEE,2021-11-16,65.44,0.7640586797065918,-7.090464547677266,L46
Z11>Z2>Z2G>T1,SEE,2025-02-28,34.18,-15.447630193095385,-16.99824458747805,L3
Z6>Z2G>T5>T2G,SEMR,2022-05-13,9.53,15.110178384050377,-4.616998950682049,L12
T2G>Z1G>T5>Z1G,SHOP,2021-09-28,136.93,-0.5988461257576794,-6.090703279047693,L46
Z1G>T5>T2G>T6,SHOP,2025-04-02,100.65,-1.390958768007955,-30.611028315946353,L12
T9>T2>Z5>Z6,SHW,2026-02-25,357.25,-10.552834149755075,-15.582925122463266,L5
T4>T2G>Z3>Z2,SJM,2021-06-30,129.57,1.1885467314965092,-1.836844948676386,L46
Z6>Z2G>T5>T2G,SLB,2021-07-09,31.19,-10.259698621353008,-16.928502725232452,L12
T2G>Z1G>T5>Z1G,SLB,2022-06-13,44.32,-29.309566787003615,-30.84386281588448,L46
T6>Z4>T9>Z1G,SMCI,2022-01-21,4.1,-4.390243902439018,-9.268292682926816,L5
Z6>Z2G>T5>T2G,SNPS,2021-07-20,277.89,4.584547842671571,-1.083162402389426,L3
Z2>Z2G>T1>T2,SNPS,2024-01-30,543.18,5.624286608490747,-2.9732317095622074,L12
Z2>Z2G>T1>T2,SNPS,2024-12-02,565.93,-14.697930839503115,-15.388829007121018,L3
Z4>T9>Z1G>T1,SO,2021-11-19,62.67,5.935854475825741,-2.6807084729535635,L3
T9>T2>Z5>Z6,SPG,2024-08-16,156.7,4.881940012763253,0.15954052329292256,L5
Z2>Z2G>T1>T2,SPG,2026-03-26,181.8,10.720572057205713,-1.4631463146314805,L12
Z6>Z2G>T5>T2G,SPGI,2022-11-04,316.4,11.153603034134019,-1.188369152970925,L12
T5>T2G>T6>Z4,SPGI,2023-12-20,427.83,4.361545473669448,-0.48149966108033126,L46
T2G>Z1G>T5>Z1G,SPOT,2024-11-04,377.73,32.99976173457231,-0.4474095253223176,L5
T5>Z1>T4>Z3,SPT,2022-10-14,54.19,21.406163498800534,-15.685550839638307,L25
T2G>Z1G>T5>Z1G,SQ,2023-10-27,40.02,58.27086456771613,-2.923538230884559,L46
T2>Z5>Z6>T5,SRE,2022-06-30,75.14,10.047910566941699,-3.819536864519568,L46
T9>T2>Z5>Z6,SRE,2022-08-26,83.27,-7.433649573675993,-7.841959889516037,L46
T2G>T6>T2G>Z4,SRE,2023-11-28,73.52,1.5642002176278647,-3.550054406964087,L46
Z2>Z2G>T1>T2,STLD,2021-10-05,59.35,7.160909856781794,-3.925863521482731,L12
Z1G>T5>T2G>T6,STLD,2023-07-10,105.21,-1.197604790419149,-4.837943161296443,L12
Z2>Z2G>T1>T2,STX,2022-02-16,111.85,-15.672776039338398,-24.443451050514074,L3
Z1G>T5>T2G>T6,STZ,2022-07-14,250.97,-2.8848069490377326,-8.1125234091724,L3
T2G>T6>T2G>Z4,STZ,2024-09-10,249.49,-3.635416249148271,-4.9741472604112325,L25
Z11>Z2>Z2G>T1,STZ,2026-03-23,152.46,2.89912108093926,-2.728584546766366,L12
Z2>Z2G>T1>T2,SW,2026-05-21,37.74,17.541070482246933,-1.4308426073131986,L12
Z11>Z2>Z2G>T1,SW,2026-06-18,44.2,-2.579185520361993,-6.945701357466061,L34
Z2>Z2G>T1>T2,SW,2026-06-22,45.39,-1.9387530293016098,-9.385327164573686,L12
Z1G>T5>T2G>T6,SWKS,2022-02-08,140.24,-6.253565316600119,-8.863377067883638,L12
T5>T2G>T6>Z4,SYK,2023-12-20,288.31,8.27928271652041,0.20464083798688026,L5
Z2>Z2G>T1>T2,SYK,2024-10-09,353.96,4.483557464120236,-0.7543225223188954,L12
T4>T2G>Z3>Z2,SYY,2023-10-12,62.69,7.417450949114701,-0.12761205933961017,L46
Z2>Z2G>T1>T2,T,2021-07-12,28.48,-1.36938202247191,-3.4410112359550604,L12
T2G>T6>T2G>Z4,T,2022-03-21,23.16,-16.105354058721932,-18.60967184801381,L25
T2G>Z1G>T5>Z1G,TDG,2022-10-07,533.48,9.634850416135565,-6.345130089225471,L46
T4>T2G>Z3>Z2,TDG,2024-06-21,1321.09,-2.570604576523916,-6.876140156991573,L46
Z2>Z2G>T1>T2,TDG,2025-04-01,1397.44,2.6298087932218994,-15.3022670025189,L12
T2G>T6>T2G>Z4,TDY,2024-05-23,400.98,-3.9453339318669234,-4.883036560426968,L46
Z9>Z11>Z2>Z2G,TDY,2026-04-24,648.68,-3.1926373558611165,-7.570759079977785,L5
Z6>Z2G>T5>T2G,TEL,2025-02-05,146.22,3.139105457529756,-0.7044180002735656,L12
T2G>Z1G>T5>Z1G,TER,2022-07-26,98.15,-5.685175751400928,-9.02699949057565,L46
T2G>T6>T2G>Z4,TER,2025-02-21,115.91,-21.490811836769907,-28.40997325511172,L46
Z1G>T5>T2G>T6,TGT,2024-02-16,149.61,12.432324042510512,-1.169707907225448,L3
Z10>Z2G>T9>T2,TGT,2026-01-30,105.47,14.534938845169233,-1.6971650706361974,L3
Z4>T9>Z1G>T1,TJX,2021-08-05,68.58,3.630796150481186,-0.9915427238261776,L12
T2>Z5>Z6>T5,TJX,2024-06-26,110.54,1.166998371630168,-0.8865569024787412,L46
Z2>Z2G>T1>T2,TJX,2026-06-03,157.9,-4.173527549081701,-5.250158328055732,L3
T2G>T6>T2G>Z4,TKO,2024-04-29,96.49,12.7888900404187,-1.9276608975023368,L46
T2G>Z1G>T5>Z1G,TM,2022-08-04,156.66,-7.085407889697426,-7.39180390654921,L46
Z6>Z2G>T5>T2G,TM,2025-01-21,186.93,-3.343497565933773,-4.038945059648002,L12
Z1G>T5>T2G>T6,TMO,2026-03-05,518.84,-5.907408835093674,-11.660627553773818,L3
Z6>Z2G>T5>T2G,TMUS,2025-03-24,258.96,0.1506024096385783,-7.842910101946233,L12
Z6>Z2G>T5>T2G,TOST,2024-05-31,24.23,7.263722657862148,-12.009905076351634,L3
Z10>Z2G>T9>T2,TPL,2023-05-18,150.2,-1.850865512649802,-5.619174434087881,L12
Z4>T9>Z1G>T1,TPL,2024-05-16,202.84,24.896470124235858,-4.925064089923092,L12
Z6>Z2G>T5>T2G,TPR,2026-01-21,132.24,18.791591046581967,-5.9966727162734434,L12
Z6>Z2G>T5>T2G,TRGP,2022-08-08,65.0,4.892307692307707,0.5230769230769372,L3
Z6>Z2G>T5>T2G,TRGP,2025-06-02,162.35,7.040344933785048,-2.2790267939636566,L12
Z2>Z2G>T1>T2,TRGP,2026-03-12,238.16,0.9867316090023559,-1.9104803493449674,L3
T4>T2G>Z3>Z2,TROW,2022-03-31,151.19,-17.13737681063562,-19.16132019313447,L46
Z2>Z2G>T1>T2,TROW,2022-07-28,120.78,-0.910746812386154,-1.018380526577256,L34
Z2>Z2G>T1>T2,TSCO,2023-02-01,46.01,0.04346881112802237,-2.7602695066289873,L12
T2G>T6>T2G>Z4,TSCO,2023-05-11,48.36,-9.222497932175354,-15.053763440860212,L25
Z6>Z2G>T5>T2G,TSCO,2023-05-30,43.07,0.9519387044346406,-4.620385419085215,L3
Z4>T9>Z1G>T1,TSCO,2023-08-09,44.83,-3.011376310506364,-6.937318759759092,L12
T2G>Z1G>T5>Z1G,TSLA,2025-03-10,222.15,-0.13054242628853796,-3.55615575061895,L46
Z9>Z11>Z2>Z2G,TSN,2026-07-09,57.71,0.5718246404435856,-5.5103101715473946,L5
T5>T2G>T6>Z4,TT,2025-10-22,408.5,-2.066095471236229,-2.2496940024479772,L46
T2>Z5>Z6>T5,TTD,2021-06-02,58.19,31.775219109812692,-3.282350919401955,L46
Z4>T9>Z1G>T1,TTD,2023-04-17,61.2,4.803921568627456,-3.0065359477124187,L34
Z10>Z2G>T9>T2,TTWO,2021-11-12,187.83,-10.754405579513392,-15.082787627109628,L3
Z2>Z2G>T1>T2,TWLO,2025-07-15,126.16,-19.38015218769816,-27.20355104629042,L3
Z10>Z2G>T9>T2,TYL,2025-03-17,574.57,0.6718067424334562,-10.453034443148802,L12
Z10>Z2G>T9>T2,TYL,2025-09-22,536.16,-3.2583557147120135,-9.810504327066539,L12
Z9>Z11>Z2>Z2G,U,2024-06-14,16.4,10.304878048780486,-7.62195121951218,L5
Z6>Z2G>T5>T2G,U,2025-02-13,20.74,3.4715525554484206,-3.5197685631629505,L3
T2G>T6>T2G>Z4,UAL,2022-04-01,45.78,12.23241590214068,-10.26649191786807,L25
T2>Z5>Z6>T5,UAL,2022-09-13,37.79,-9.42048160889125,-16.43291876157714,L5
Z2>Z2G>T1>T2,UAL,2023-12-13,41.58,-6.373256373256375,-8.36940836940836,L3
Z2>Z2G>T1>T2,UAL,2026-05-21,99.64,21.9891609795263,-0.6122039341629915,L12
Z2>Z2G>T1>T2,UBER,2022-07-05,22.52,34.05861456483128,-8.57015985790408,L3
T5>T2G>T6>Z4,UBER,2024-11-07,73.13,-10.10529194584986,-12.10173663339258,L25
T4>T2G>Z3>Z2,UHS,2026-06-25,144.46,10.279662190225668,-1.4398449397757251,L25
Z2>Z2G>T1>T2,ULTA,2022-07-28,400.76,2.6724223974448735,-10.025950693682006,L12
T2G>T6>T2G>Z4,ULTA,2025-07-29,513.63,3.9288982341374012,-3.393493370714329,L46
Z6>Z2G>T5>T2G,UNP,2023-06-14,202.74,3.511887146098447,-1.81513268225314,L12
T2G>Z1G>T5>Z1G,UPS,2022-07-12,179.37,12.822657077549193,-2.3638289569047233,L46
T2G>T6>T2G>Z4,UPS,2024-03-13,154.76,-6.364693719307313,-7.579477901266474,L46
Z2>Z2G>T1>T2,UPS,2026-01-05,102.0,14.450980392156865,0.07843137254901489,L3
T5>T2G>T6>Z4,UPST,2023-03-01,17.93,-20.858895705521473,-29.057445621862797,L5
T4>T2G>Z3>Z2,UPST,2024-01-24,33.67,-28.007128007128014,-28.63082863082863,L46
T2>Z5>Z6>T5,USB,2022-07-11,46.35,1.7907227615965526,-5.631067961165048,L46
Z2>Z2G>T1>T2,VEEV,2025-11-03,292.72,-17.556026236676693,-19.889314020224113,L12
T2G>T6>T2G>Z4,VMC,2026-02-25,305.53,-12.761430956043585,-17.405819395804013,L5
T4>T2G>Z3>Z2,VRSK,2025-04-16,292.23,5.933682373472937,-3.54515279061014,L46
Z2>Z2G>T1>T2,VRSN,2022-07-28,182.54,2.7226909170592783,-1.8735619590226738,L3
Z9>Z11>Z2>Z2G,VRSN,2024-01-02,201.56,-0.6499305417741574,-2.5352252431038003,L46
Z4>Z10>Z11>T4,VST,2021-12-08,21.21,7.072135785007072,-3.6775106082036824,L12
T9>T2>Z5>Z6,VTR,2026-05-21,88.0,-2.9886363636363544,-11.272727272727279,L46
Z6>Z2G>T5>T2G,WAB,2023-03-14,100.78,-1.3395514983131518,-7.62055963484819,L3
T2G>Z1G>T5>Z1G,WAB,2023-03-17,93.26,8.031310315247687,0.15011794981771853,L46
T4>T2G>Z3>Z2,WAT,2021-08-02,388.85,6.472933007586468,-4.022116497364037,L46
Z2>Z2G>T1>T2,WAT,2025-03-17,378.92,-14.641613005383725,-21.582392061648903,L12
T2G>T6>T2G>Z4,WBA,2022-03-30,47.46,-10.661609776654025,-10.788032026970074,L46
T2G>Z1G>T5>Z1G,WBA,2022-04-26,44.87,-5.371071985736564,-11.477601961221307,L25
Z2>Z2G>T1>T2,WBA,2024-05-31,16.22,-28.668310727496916,-29.716399506781745,L3
T4>T2G>Z3>Z2,WBD,2023-12-18,11.97,-13.533834586466176,-16.374269005847964,L5
Z2>Z2G>T1>T2,WDAY,2022-07-28,152.81,8.932661475034354,-1.5509456187422277,L3
T5>Z1>T4>Z3,WEC,2024-06-12,79.31,0.37826251418484613,-2.3200100870003793,L46
Z2>Z2G>T1>T2,WELL,2021-10-28,82.73,-0.8340384382932386,-3.8800918651033522,L12
T2G>T6>T2G>Z4,WFC,2022-10-27,45.65,2.9134720700985772,-0.5257393209200489,L25
Z1G>T5>T2G>T6,WFC,2023-02-24,46.62,-19.626769626769626,-24.38867438867438,L3
T9>T2>Z5>Z6,WIX,2026-04-29,75.71,-25.954299299960372,-32.109364681019684,L46
Z4>T9>Z1G>T1,WM,2021-10-05,149.85,6.586586586586596,-0.7941274607941251,L12
Z6>Z2G>T5>T2G,WM,2022-05-20,154.5,-6.207119741100331,-10.103559870550171,L3
T4>T2G>Z3>Z2,WM,2023-06-06,162.68,4.505778214900413,-1.4875829850012345,L5
T4>T2G>Z3>Z2,WMT,2021-06-15,46.67,1.1784872509106536,-4.0068566530962135,L46
T4>T2G>Z3>Z2,WMT,2026-03-17,125.08,-0.2078669651423115,-5.6443875919411575,L25
Z2>Z2G>T1>T2,WMT,2026-03-24,122.05,8.17697664891439,-0.589922163047929,L12
T9>T2>Z5>Z6,WPM,2024-08-01,58.47,5.712331109970936,-9.269710962886958,L5
T4>T2G>Z3>Z2,WRB,2022-06-29,44.93,-7.211217449365681,-9.303360783440906,L46
Z11>Z2>Z2G>T1,WRB,2023-10-30,44.47,5.80166404317517,-0.5172026085001002,L12
Z2>Z2G>T1>T2,WRB,2023-10-31,44.95,7.608453837597318,-0.6229143492769817,L3
Z6>Z2G>T5>T2G,WRB,2024-08-21,57.62,-0.2950364456785759,-1.561957653592505,L3
Z4>T9>Z1G>T1,WRB,2026-01-14,69.18,0.7516623301532244,-6.013298641225806,L12
T4>T2G>Z3>Z2,WRK,2023-06-09,29.61,0.37149611617697254,-8.409321175278617,L5
T4>T2G>Z3>Z2,WSM,2021-08-13,79.66,11.975897564649763,-1.6068290233492322,L46
Z6>Z2G>T5>T2G,WSM,2025-06-16,158.15,7.619348719570018,-2.5545368321214013,L12
Z2>Z2G>T1>T2,WSM,2025-10-21,190.91,-8.532816510397566,-10.884710072809177,L12
T2G>Z1G>T5>Z1G,WST,2023-07-06,373.23,0.4929935964418597,-6.0659646866543575,L46
T2G>T6>T2G>Z4,WTI,2023-02-28,5.61,-9.090909090909104,-21.925133689839583,L46
T4>T2G>Z3>Z2,WY,2021-08-13,34.82,-2.0964962665134923,-4.422745548535323,L25
Z2>Z2G>T1>T2,WY,2024-05-31,30.03,-8.491508491508492,-9.057609057609062,L3
T2G>T6>T2G>Z4,WYNN,2023-12-15,88.76,6.016223524109954,-0.6309148264984299,L46
Z6>Z2G>T5>T2G,XPEV,2022-01-31,35.09,-1.909375890567122,-11.855229410088352,L12
Z2>Z2G>T1>T2,XRAY,2023-06-27,39.91,1.8792282635930802,-4.585316963167118,L3
T2G>Z1G>T5>Z1G,YUM,2021-11-10,125.8,6.414944356120822,-2.7186009538950784,L46
T4>T2G>Z3>Z2,YUM,2023-03-07,126.92,3.9552473999369564,-2.4739993696816898,L5
T4>T2G>Z3>Z2,YUM,2024-05-13,136.38,0.6745857163807045,-1.5618125824900964,L25
Z10>Z2G>T9>T2,YUM,2024-10-14,134.65,-0.02970664686222646,-2.695878202747859,L12
Z10>Z2G>T9>T2,YUM,2025-09-22,149.27,-0.49574596368996415,-6.685871240034846,L12
Z9>Z11>Z2>Z2G,YUM,2025-11-17,148.03,3.4520029723704493,-4.1613186516246685,L46
Z2>Z2G>T1>T2,ZBH,2024-11-12,109.94,-2.8197198471893725,-3.310896852828815,L12
T2G>T6>T2G>Z4,ZBH,2025-10-06,98.83,4.401497520995656,-4.877061620965284,L46
Z2>Z2G>T1>T2,ZBH,2026-03-26,89.15,3.858665171060016,-1.727425687044315,L12
Z2>Z2G>T1>T2,ZBRA,2022-10-13,268.27,-1.8227904722853738,-16.177731390017513,L3
Z10>Z2G>T9>T2,ZION,2021-06-16,55.13,-10.03083620533285,-10.411754035915111,L3
Z9>Z11>Z2>Z2G,ZION,2022-03-31,65.56,-13.041488712629656,-16.031116534472247,L46
Z9>Z11>Z2>Z2G,ZION,2023-11-21,34.31,27.13494607986009,-1.8944914019236592,L46
T2G>Z1G>T5>Z1G,ZION,2024-02-21,39.6,5.075757575757578,-4.015151515151527,L5
T5>T2G>T6>Z4,ZS,2022-10-24,148.67,-8.011031142799485,-23.178852492096592,L25
T5>T2G>T6>Z4,ZTS,2026-02-12,125.64,-5.961477236548863,-8.890480738618278,L46
