setup,n,trunc,pct,med,med_full,med_trunc,delta
L43-TRIPLE,1926,171,8.878504672897195,3.866170886816972,3.638574945221823,5.954579394644305,2.316004449422482
Z11-T11,823,62,7.533414337788578,6.449090057582923,6.490039940089859,5.475618959600287,-1.0144209804895716
Washout,30166,3754,12.444473911025659,1.6486604934512206,1.6822289631531484,1.4079882209206476,-0.27424074223250083
D+L1,6315,697,11.037212984956453,1.1638273046456429,1.3027547023990285,0.5673828260816918,-0.7353718763173367
G3-gap,20085,1984,9.878018421707742,2.8411246777727825,2.914660549778586,1.9386101788994303,-0.9760503708791555
Atomic,62233,6546,10.51853518229878,1.3298277361405932,1.3750956386219984,1.0544717876344647,-0.32062385098753365
Spring,2990,361,12.073578595317725,1.076043967102597,0.8395944465045049,2.936666518829184,2.097072072324679
P55,34851,4376,12.556311153195029,-0.09974149793673935,-0.11407391773569629,0.15737141107766153,0.2714453288133578
Parabola,104750,11658,11.129355608591887,-0.07382480332742124,-0.1837430036805919,0.4532401176527036,0.6369831213332955
Atomic-R,3337,212,6.353011687144142,3.611555119549986,3.6123637195996148,3.4470227864698275,-0.16534093312978726
Engulf-Abs,957,59,6.165099268547544,4.6721905824390895,4.619227855568292,5.771927882945543,1.152700027377251
T1-CapBounce,364,81,22.252747252747252,6.6852782701146864,6.297858986321386,7.9272596525853,1.6294006662639138
Engulf-Abs-Lⁿ,693,43,6.204906204906205,4.952620042538941,4.425689353673584,6.7879587726027255,2.3622694189291416
Zone-Retest,138652,14907,10.75137754954851,1.161825067471828,1.1431882759634973,1.2673806554741875,0.12419237951069029
Zone-Retest-E,53460,4978,9.311634867190422,1.489634553602032,1.4683953947963126,1.6258225255802394,0.15742713078392678
Zone-Retest-DiT,23445,2131,9.0893580720836,1.818290150478502,1.7749734357606906,2.151693823759154,0.3767203879984635
HighBase-15mDip,28982,2273,7.84279897867642,0.9494560471518034,0.9738244673805521,0.8507123941135011,-0.12311207326705098
RTB-Base,43449,4921,11.325922345738682,1.5108591755245206,1.5948948757249337,0.7974798790824802,-0.7974149966424535
QZ-Capit-Rev,38896,2900,7.4557795146030434,1.6445514418388874,1.4318876116293624,4.6404974043807,3.208609792751338
🎯Confluence≥3,33347,2011,6.03052748373167,2.474020370961144,2.377372862997423,3.819405661255476,1.4420327982580528
🎯Confluence≥4,11858,582,4.90807893405296,3.5113379039738044,3.4478024649605645,4.744511564304571,1.2967090993440067
🎯Confluence💎89+,9713,575,5.919901163389272,2.0783313409378055,1.9582813727068993,3.5840575608435064,1.625776188136607
⚡G3-Abs,10692,670,6.266367377478489,2.89783138058794,2.87591470437118,3.5464292904858032,0.6705145861146233
🎯Cluster🏆RS,7548,412,5.458399576046634,3.6749569209282464,3.8237526027089794,1.1028886209253854,-2.720863981783594
QZ-Capit🏆RS,13023,759,5.828150195807417,3.1474113499311116,3.18958165986209,2.6720181194928747,-0.5175635403692151
⚡G3-Abs🏆RS,2629,147,5.591479650057056,4.336042166002857,4.537761191982953,1.19571998308608,-3.3420412088968727
Spring🔑,1727,123,7.122177185871453,1.6999739101341949,1.529288529827605,5.128655328374792,3.5993667985471873
QZ-Capit🔑,29366,1942,6.613089967990193,1.8512660246383927,1.6487786253109704,4.877660115374921,3.2288814900639506
D+L1🔑,2999,251,8.369456485495165,1.7480819891978971,1.8490966881914261,1.2684112404369343,-0.5806854477544918
QZ-Capit🏛️BOS,2014,135,6.703078450844091,3.0228338120139533,2.7676574121868134,5.150999470008194,2.3833420578213804
QZ-Capit🧱OB,9550,1000,10.471204188481675,6.519786505139375,6.153199285579908,10.121091150276223,3.9678918646963153
🎯Cluster🧱OB,9251,672,7.264079558966598,4.412132871921953,4.251394059800356,5.928095010564855,1.6767009507644985
D+L1🧱OB,1022,115,11.252446183953033,3.881301745865068,3.820913336248993,4.148114921513596,0.32720158526460263
QZ-Capit🎋TLS,2486,186,7.48189863234111,3.3257721865149135,3.254844929377115,4.254706212210096,0.9998612828329811
G3-Abs🎋TLS,1069,67,6.26753975678204,5.040152914957457,5.282498208180058,0.9341621897356602,-4.348336018444398
ppr×NS 🕐24-26,5004,349,6.974420463629097,1.037724779802979,1.0269463078634469,1.2015796662467495,0.17463335838330263
G3+RL,4374,417,9.53360768175583,3.4379653809781088,3.7009445344713896,1.058249067344669,-2.6426954671267207
G3→G3,19188,2341,12.200333541796956,3.4990133377132695,3.977987444028691,0.27284243885069015,-3.7051450051780006
G3→G3→RL,1467,135,9.202453987730062,7.880202757878668,8.319675692890133,1.1179763316485682,-7.201699361241564
L34camp→REV,574,70,12.195121951219512,2.5652997525661023,3.2228697629030965,0.6586263664161764,-2.56424339648692
ND→SC→L46 🕐,331,20,6.042296072507553,6.950141512418045,7.765181438547924,3.625643510054383,-4.139537928493541
NS→SC,854,71,8.313817330210773,3.3391093783573575,3.496811152093154,2.617926033028378,-0.8788851190647762
G3→L46 🕐,33266,4945,14.86502735525762,2.2878080612727727,2.7574957045032376,-0.017712555460608216,-2.7752082599638457
FailedBear-Turn,997,66,6.619859578736209,2.6878691804812336,2.9836637539474795,-1.2280489572130457,-4.2117127111605255
D+L1🌀SC,2549,188,7.375441349548844,1.6108362830130674,1.686634967972439,1.1455016895077499,-0.5411332784646892
Spring🌀SC,1480,140,9.45945945945946,1.0744425848160324,1.076043967102597,0.8903081753511235,-0.18573579175147348
Atomic🌀SC,17438,1264,7.24853767633903,1.6422564315018817,1.6306667475933068,2.0141134759616817,0.3834467283683749
Washout🌀SC,6936,508,7.324106113033449,0.9110545130327998,0.8231213055750977,2.0951194158578543,1.2719981102827567
RTB-Base🧱OB,9646,1519,15.747460087082729,6.590720633575958,6.702213410436536,5.776636361247594,-0.9255770491889415
G3→G3→RL🧱OB,412,38,9.223300970873787,19.136285095954513,19.70210321755746,5.745135429422427,-13.956967788135035
RTB-Base🏆RS,5385,300,5.571030640668524,3.748206743938148,3.970712377307245,-0.07691541892444463,-4.04762779623169
Washout🏆RS,3094,158,5.106658047834518,4.273604304328543,4.5121626355202284,1.238366609462921,-3.2737960260573074
D+L1🏆RS,1943,170,8.749356664951106,3.0482508493856084,3.643756442745044,-0.8839736436976218,-4.5277300864426655
L43-TRIPLE🏆RS,320,19,5.9375,6.281429935519617,6.3569063072058505,3.819405661255476,-2.5375006459503746
Atomic🏆RS💎,10166,696,6.846350580365926,1.5815310519561254,1.7842536288119992,0.0454549642675607,-1.7387986645444384
QZ-Capit🔵dwell,40636,2235,5.500049217442662,2.0843588321913966,1.8753851587763493,5.17863511460131,3.3032499558249606
D+L1🔵dwell,2280,204,8.947368421052632,1.6648734451011282,1.723888785695843,1.2677421057611218,-0.45614667993472113
L43🔵dwell,1445,101,6.98961937716263,3.876678749075052,3.7379766440737647,5.504615942164742,1.7666392980909773
ZRT🟢L46,14075,850,6.039076376554174,1.7842130180409754,1.6942931045724807,3.408257948088572,1.7139648435160912
ZRT🟢L46🔵dw,10750,613,5.702325581395349,1.8854162893260862,1.7776633196377845,3.5783624592714167,1.8006991396336323
Washout🔎iv,27134,2835,10.448146237193189,2.2147804411605856,2.031358312725456,4.221744270386868,2.1903859576614115
ZRT🟢🔎iv,12680,718,5.662460567823343,1.9132737532424449,1.7866440774495118,3.6451718203961923,1.8585277429466804
Washout💥vol,19857,2061,10.379211361232816,2.2229279755997586,2.018951085718351,4.451980278313511,2.4330291925951597
🧊Coil-Floor,16051,918,5.719269827425082,3.3891642048728796,3.4982233692897156,2.0938587950464385,-1.404364574243277
🌀Engulf-AbsRev🟡,2590,305,11.776061776061777,2.219906705955826,1.8626234411917075,3.9593907567129047,2.0967673155211974
🎯T1-RS-Dip,1715,117,6.822157434402332,3.6008065387299,3.5172634489307466,4.219881085560711,0.7026176366299648
🎯T3-RS-Dip,5530,332,6.003616636528029,2.592849072506925,2.6987791554129394,1.2973293850988612,-1.4014497703140782
🏆L34→L34,463,59,12.742980561555076,0.8776541389221628,1.7380709690861862,-0.18019422961367812,-1.9182651986998642
G3-Abs🕯️mid,3161,201,6.358747231888643,4.069168462898337,4.118122978542699,2.693661473186487,-1.424461505356212
📐RSI-Div🏆RS,1834,109,5.9432933478735,3.814970176664395,3.953321375888491,1.472118143615392,-2.481203232273099
📐RSI-Div🏆RS deep,936,59,6.303418803418803,4.231498906076764,4.4282235272634916,1.549890092880163,-2.8783334343833284
🔄DualReclaim🏆RS,4444,247,5.558055805580557,4.246481535936225,4.416800185326114,0.5237663240873327,-3.893033861238781
🔄DualReclaim deep,1475,81,5.491525423728814,4.803531370731401,5.294860735426937,-1.5840225995412183,-6.8788833349681555
Washout🕐DR,2344,102,4.351535836177475,4.759403919781086,4.891270756255,2.260404156030055,-2.6308666002249455
Zone-Retest🕐DR,15826,922,5.825856186023,2.7145648118112984,2.686659220559889,2.9812504031563716,0.2945911825964824
RTB-Base🕐DR,3593,149,4.146952407458948,3.982300574479419,4.218313081231822,0.2791525990580025,-3.9391604821738198
G3→G3🕐DR,2904,135,4.648760330578512,5.845203130850324,6.220373280598129,-0.5125518715340336,-6.732925152132163
QZ-Capit🕐DR,4659,295,6.331830864992488,2.986470918801448,2.952212933362236,3.377085489359538,0.4248725559973021
🎬StopVol-Confirm,3821,214,5.600628107825177,1.4431298791035165,1.6296976033534138,0.3779851600534458,-1.251712443299968
🎬StopVol-Deep,1022,47,4.598825831702544,2.911973131166129,3.250454873245695,-0.8873856390653909,-4.137840512311086
Washout🧊CONSO,11418,804,7.041513399894902,1.729349111789119,1.76844926772603,0.9088879031897537,-0.8595613645362763
RTB-Base🧊CONSO,37677,3839,10.189240119967089,1.515299556478006,1.577512684414778,0.9475142390510674,-0.6299984453637106
L43-TRIPLE🔇QUIET,1230,84,6.829268292682928,4.4577021835433825,4.275766173190804,5.651257340327648,1.3754911671368442
🥇G3·LEAD-in-LAG,1781,127,7.130825379000562,4.980439933320341,5.369920221715946,1.5778438684525942,-3.7920763532633517
🥇G3A·LEAD-in-LAG,1123,77,6.8566340160284955,5.438294649503478,5.698146360265416,1.5508037726959247,-4.147342587569492
🪨T1G-NB🏆RS,342,32,9.35672514619883,3.531184098322199,3.3194301625693976,4.527409740205518,1.2079795776361202
🧺SEQ-20 🟡watch,596,36,6.0402684563758395,4.0793719950028065,4.490991738457134,-0.7897542575072745,-5.280745995964408
👑Z1G-CROWN 🟡watch,1105,59,5.339366515837104,14.949090494692758,15.313220816347533,9.311941760931603,-6.00127905541593
coil_floor·🧱OB,4303,278,6.460608877527306,8.605312232187861,8.805591089816605,6.57916477532598,-2.2264263144906256
g3g3rl·🏆RS,398,14,3.5175879396984926,8.226087423104762,8.464920965207916,-1.971614736113958,-10.436535701321874
g3g3rl·🔑KEY,1259,87,6.910246227164417,8.7741915799807,9.097169906369523,2.411594681752943,-6.68557522461658
g3g3rl·CONF,410,22,5.365853658536586,9.263393235029188,9.772629020930406,0.9791412028067938,-8.793487818123612
g3g3rl·15mZ,1116,87,7.795698924731183,9.26599742950342,9.685247129306035,3.625715982852001,-6.059531146454034
g3rl·🧱OB,595,70,11.76470588235294,9.924250326637713,10.704710300960768,1.004923962759713,-9.699786338201054
z1gcrown·🔑KEY,885,42,4.745762711864407,18.637661120133327,19.109885681681533,9.413770225138112,-9.69611545654342
z1gcrown·15mZ,989,49,4.954499494438827,16.933016714499168,17.237406414700214,9.85760928209825,-7.379797132601963
