universe,signal,composite,1D,1H,4H,cells,worst,pos
russell2k,Z7,Z7L5ED,0.293,0.249,0.266,3,0.249,3
nasdaq,Z7,Z7L5ED,0.295,0.247,0.248,3,0.247,3
sp500,T5,T5L46EDP,0.907,0.242,0.27,3,0.242,3
sp500,T5,T5L2ND,,0.216,0.407,2,0.216,2
sp500,Z1G,Z1GL46NDP,0.566,0.175,0.556,3,0.175,3
sp500,Z10,Z10L34NUR,0.423,0.165,0.477,3,0.165,3
sp500,Z10,Z10L34NB,,0.163,0.381,2,0.163,2
sp500,Z1G,Z1GL46ND,0.725,0.158,0.162,3,0.158,3
sp500,Z1,Z1L46EB,0.329,0.151,0.219,3,0.151,3
sp500,Z10,Z10L34NH,,0.148,0.289,2,0.148,2
russell2k,Z12,Z12L46NUR,,0.148,0.605,2,0.148,2
sp500,Z10,Z10L34N,,0.147,0.303,2,0.147,2
sp500,Z1G,Z1GL46NH,,0.146,0.466,2,0.146,2
sp500,T5,T5L4ND,,0.143,0.211,2,0.143,2
sp500,Z1G,Z1GL25ND,0.379,0.139,0.328,3,0.139,3
sp500,T1,T1L12NU,0.284,0.134,0.294,3,0.134,3
sp500,T5,T5L5ED,0.824,0.132,0.251,3,0.132,3
sp500,Z6,Z6L46NB,0.695,0.132,0.274,3,0.132,3
sp500,T9,T9L34NP,0.559,0.132,0.241,3,0.132,3
sp500,T5,T5L5EDP,,0.131,0.165,2,0.131,2
sp500,Z11,Z11L34NUR,0.496,0.129,0.129,3,0.129,3
sp500,Z2G,Z2GL46NUR,,0.126,0.273,2,0.126,2
sp500,Z1G,Z1GL25NUR,,0.123,0.153,2,0.123,2
sp500,Z4,Z4L46EB,0.554,0.123,0.371,3,0.123,3
sp500,Z10,Z10L34NDP,0.347,0.121,0.122,3,0.121,3
sp500,Z4,Z4L5EB,0.353,0.121,0.291,3,0.121,3
sp500,Z1G,Z1GL5EB,,0.119,0.296,2,0.119,2
sp500,Z11,Z11L12NDP,0.221,0.119,0.179,3,0.119,3
sp500,Z2,Z2L46EDP,0.516,0.116,0.27,3,0.116,3
sp500,Z2,Z2L46ED,0.222,0.115,0.28,3,0.115,3
sp500,T10,T10L46NUR,0.115,0.155,0.121,3,0.115,3
sp500,Z5,Z5L34NU,0.357,0.114,0.317,3,0.114,3
sp500,T1G,T1GL12NB,,0.114,0.182,2,0.114,2
sp500,Z10,Z10L34NR,0.435,0.113,0.596,3,0.113,3
sp500,Z10,Z10L12NB,,0.113,0.305,2,0.113,2
sp500,Z3,Z3L25NUR,0.397,0.111,0.171,3,0.111,3
sp500,Z2G,Z2GL46EDP,0.579,0.111,0.253,3,0.111,3
sp500,Z2,Z2L46ND,0.331,0.11,0.259,3,0.11,3
sp500,Z1,Z1L46NR,0.52,0.11,0.27,3,0.11,3
sp500,T1,T1L12NB,0.471,0.11,0.257,3,0.11,3
sp500,Z1G,Z1GL46EDP,0.226,0.11,0.315,3,0.11,3
sp500,Z1,Z1L5EB,0.269,0.109,0.273,3,0.109,3
sp500,Z2,Z2L46NDP,0.335,0.108,0.136,3,0.108,3
sp500,T5,T5L46ED,0.807,0.158,0.107,3,0.107,3
sp500,Z2G,Z2GL46ED,0.582,0.107,0.296,3,0.107,3
sp500,Z7,Z7L5ED,,0.106,0.407,2,0.106,2
sp500,Z2G,Z2GL25NB,,0.106,0.242,2,0.106,2
sp500,Z2G,Z2GL46ND,0.112,0.105,0.222,3,0.105,3
sp500,Z2G,Z2GL46NDP,0.341,0.105,0.37,3,0.105,3
sp500,Z1,Z1L46EDP,0.143,0.103,0.417,3,0.103,3
sp500,Z1,Z1L5ED,0.21,0.1,0.131,3,0.1,3
russell2k,T5,T5L5ED,0.393,0.1,0.171,3,0.1,3
russell2k,Z7,Z7L46ED,0.194,0.104,0.1,3,0.1,3
nasdaq,Z7,Z7L46ED,0.198,0.1,0.1,3,0.1,3
sp500,Z7,Z7L46ED,,0.099,0.716,2,0.099,2
sp500,Z4,Z4L46EDP,0.374,0.099,0.483,3,0.099,3
sp500,Z1,Z1L46NUR,0.32,0.098,0.236,3,0.098,3
sp500,T1,T1L34NP,0.485,0.098,0.351,3,0.098,3
sp500,Z1,Z1L46NB,0.275,0.098,0.129,3,0.098,3
russell2k,T5,T5L5EDP,0.159,0.097,0.222,3,0.097,3
sp500,Z2G,Z2GL5ED,0.528,0.096,0.289,3,0.096,3
sp500,Z1,Z1L5EDP,0.368,0.096,0.215,3,0.096,3
sp500,Z6,Z6L46NH,,0.096,0.38,2,0.096,2
sp500,Z11,Z11L12NB,0.875,0.095,0.239,3,0.095,3
sp500,T1,T1L34NU,0.648,0.095,0.421,3,0.095,3
sp500,Z6,Z6L46EDP,0.57,0.094,0.197,3,0.094,3
sp500,Z5,Z5L12NB,,0.093,0.113,2,0.093,2
sp500,Z5,Z5L12EB,,0.093,0.464,2,0.093,2
sp500,T1,T1L34NDP,0.092,0.092,0.148,3,0.092,3
sp500,T9,T9L12NU,0.663,0.091,0.148,3,0.091,3
sp500,Z1,Z1L25NUR,0.333,0.09,0.546,3,0.09,3
sp500,Z9,Z9L46NR,0.272,0.088,0.257,3,0.088,3
sp500,Z4,Z4L5EDP,0.325,0.088,0.361,3,0.088,3
russell2k,Z4,Z4L46EB,0.088,0.117,0.204,3,0.088,3
nasdaq,Z7,Z7ED,,0.088,0.093,2,0.088,2
sp500,Z3,Z3L46NDP,0.488,0.087,0.232,3,0.087,3
sp500,Z10,Z10L34ND,0.087,0.116,0.426,3,0.087,3
sp500,Z5,Z5L12EUR,0.19,0.087,0.249,3,0.087,3
sp500,Z4,Z4L46NUR,0.381,0.087,0.266,3,0.087,3
sp500,T1G,T1GL12EB,,0.087,0.107,2,0.087,2
russell2k,Z2G,Z2GL46ED,0.098,0.087,0.175,3,0.087,3
sp500,T9,T9L12ND,0.103,0.086,0.267,3,0.086,3
sp500,Z2,Z2L5EB,0.468,0.085,0.358,3,0.085,3
sp500,T3,T3L34NH,0.262,0.085,0.379,3,0.085,3
sp500,Z2,Z2L46NR,0.332,0.085,0.358,3,0.085,3
sp500,T4,T4L12NUR,0.446,0.084,0.298,3,0.084,3
sp500,T9,T9L34NU,0.624,0.084,0.414,3,0.084,3
sp500,T9,T9L34ND,0.273,0.084,0.346,3,0.084,3
sp500,Z2G,Z2GL46NB,,0.085,0.083,2,0.083,2
sp500,T2,T2L34NB,0.167,0.083,0.32,3,0.083,3
sp500,Z2,Z2L46NB,0.082,0.098,0.212,3,0.082,3
sp500,T2G,T2GL34NU,0.326,0.081,0.144,3,0.081,3
sp500,T9,T9L34NDP,0.22,0.081,0.514,3,0.081,3
sp500,T9,T9L12NP,0.373,0.115,0.08,3,0.08,3
sp500,T1,T1L12EB,0.118,0.08,0.206,3,0.08,3
nasdaq,Z11,Z11L3NUR,,0.08,0.101,2,0.08,2
sp500,Z10,Z10L12NR,0.324,0.08,0.408,3,0.08,3
sp500,Z5,Z5L12NUR,0.28,0.08,0.383,3,0.08,3
sp500,Z2,Z2L5ED,0.248,0.079,0.233,3,0.079,3
russell2k,Z1G,Z1GL5EB,0.432,0.079,0.263,3,0.079,3
sp500,T1,T1L12NH,0.144,0.079,0.084,3,0.079,3
sp500,Z2G,Z2GL5EB,,0.078,0.567,2,0.078,2
sp500,T12,T12L5EB,,0.078,0.314,2,0.078,2
sp500,Z3,Z3L46NU,0.429,0.078,0.167,3,0.078,3
sp500,Z1G,Z1GL46EB,0.755,0.107,0.077,3,0.077,3
sp500,T9,T9L34NUR,0.296,0.077,0.257,3,0.077,3
sp500,T2G,T2GL12EB,0.717,0.076,0.248,3,0.076,3
sp500,Z9,Z9L46NB,0.253,0.076,0.318,3,0.076,3
sp500,Z5,Z5L4NU,,0.076,0.475,2,0.076,2
sp500,Z2,Z2L5EDP,0.429,0.075,0.304,3,0.075,3
sp500,Z6,Z6L25NB,0.43,0.075,0.399,3,0.075,3
sp500,Z11,Z11L12EB,,0.075,0.074,2,0.074,2
sp500,T1,T1L12NP,0.841,0.074,0.302,3,0.074,3
sp500,Z2G,Z2GL5EDP,0.587,0.074,0.361,3,0.074,3
sp500,Z5,Z5L12NU,0.62,0.074,0.323,3,0.074,3
sp500,Z6,Z6L5EDP,0.798,0.074,0.133,3,0.074,3
sp500,T11,T11L46NDP,0.596,0.126,0.074,3,0.074,3
sp500,T9,T9L34NB,0.796,0.073,0.32,3,0.073,3
russell2k,Z6,Z6L5EB,0.268,0.073,0.156,3,0.073,3
sp500,T2G,T2GL12EU,0.264,0.072,0.197,3,0.072,3
sp500,Z3,Z3L25NU,0.448,0.072,0.227,3,0.072,3
sp500,Z9,Z9L46NH,0.908,0.072,0.26,3,0.072,3
sp500,T10,T10L46NH,,0.071,0.769,2,0.071,2
sp500,T6,T6L12NH,0.338,0.071,0.361,3,0.071,3
sp500,Z3,Z3L25NB,0.555,0.071,0.272,3,0.071,3
sp500,Z5,Z5L34NB,0.231,0.071,0.32,3,0.071,3
sp500,Z1,Z1L25NH,0.127,0.07,0.43,3,0.07,3
sp500,Z11,Z11L12EUR,,0.07,0.135,2,0.07,2
sp500,Z9,Z9L46NUR,0.367,0.07,0.174,3,0.07,3
sp500,T3,T3L12NR,0.137,0.07,0.173,3,0.07,3
sp500,Z9,Z9L46NU,0.15,0.069,0.175,3,0.069,3
sp500,Z9,Z9L46NDP,0.542,0.068,0.068,3,0.068,3
sp500,Z1G,Z1GL5ED,0.336,0.067,0.236,3,0.067,3
sp500,Z1,Z1L46NDP,0.154,0.067,0.251,3,0.067,3
sp500,Z10,Z10L12NDP,0.554,0.067,0.11,3,0.067,3
sp500,Z4,Z4L25NUR,0.414,0.067,0.263,3,0.067,3
russell2k,T12,T12L25NB,0.211,0.067,0.107,3,0.067,3
sp500,T9,T9L12NDP,0.372,0.066,0.211,3,0.066,3
sp500,Z2G,Z2GL25ND,0.382,0.066,0.228,3,0.066,3
sp500,T1,T1L3EU,0.375,0.065,0.27,3,0.065,3
sp500,Z2,Z2L46NH,0.492,0.065,0.124,3,0.065,3
sp500,T4,T4L12EUR,0.225,0.065,0.237,3,0.065,3
sp500,T4,T4L12NDP,0.332,0.065,0.158,3,0.065,3
sp500,T4,T4L34NUR,0.134,0.065,0.176,3,0.065,3
sp500,T1,T1L12EUR,0.446,0.064,0.175,3,0.064,3
sp500,T2,T2L34NDP,0.297,0.064,0.309,3,0.064,3
sp500,T1G,T1GL3EUR,0.165,0.063,0.069,3,0.063,3
sp500,T2,T2L12EU,0.174,0.063,0.089,3,0.063,3
sp500,T9,T9L12NR,0.246,0.063,0.222,3,0.063,3
sp500,Z4,Z4L46NDP,0.447,0.063,0.296,3,0.063,3
sp500,T3,T3L12NB,0.856,0.062,0.137,3,0.062,3
sp500,Z11,Z11L12NUR,0.305,0.062,0.462,3,0.062,3
sp500,Z1G,Z1GL5EDP,0.385,0.062,0.349,3,0.062,3
sp500,T12,T12L25NB,,0.061,0.127,2,0.061,2
sp500,T2,T2L34NP,0.496,0.061,0.163,3,0.061,3
sp500,T2,T2L34NU,0.1,0.061,0.212,3,0.061,3
nasdaq,Z4,Z4L5NUR,,0.06,0.98,2,0.06,2
sp500,T1,T1L34NUR,0.06,0.074,0.153,3,0.06,3
sp500,T1,T1L34NH,0.277,0.06,0.14,3,0.06,3
sp500,Z4,Z4L46NH,0.372,0.06,0.236,3,0.06,3
sp500,T2G,T2GL34NP,0.503,0.059,0.122,3,0.059,3
sp500,Z2,Z2L25NR,0.37,0.059,0.35,3,0.059,3
sp500,Z1,Z1L46NH,0.654,0.059,0.27,3,0.059,3
sp500,Z9,Z9L25NU,0.216,0.058,0.138,3,0.058,3
sp500,T9,T9L34NR,0.306,0.058,0.317,3,0.058,3
sp500,Z5,Z5L2NU,,0.162,0.057,2,0.057,2
sp500,Z3,Z3L46NH,0.655,0.057,0.244,3,0.057,3
sp500,T12,T12L5ED,0.866,0.057,0.112,3,0.057,3
sp500,T9,T9L34N,0.758,0.056,0.542,3,0.056,3
sp500,Z6,Z6L46NUR,0.28,0.055,0.574,3,0.055,3
russell2k,Z4,Z4L25NUR,0.151,0.055,0.065,3,0.055,3
sp500,Z2G,Z2GL46NH,,0.055,0.337,2,0.055,2
nasdaq,T12,T12L5EB,,0.055,0.351,2,0.055,2
sp500,T3,T3L12NH,0.418,0.055,0.275,3,0.055,3
sp500,T4,T4L3EUR,0.185,0.055,0.107,3,0.055,3
sp500,Z9,Z9L46NP,0.707,0.054,0.154,3,0.054,3
sp500,Z3,Z3L46NB,0.2,0.053,0.053,3,0.053,3
sp500,T2G,T2GL3EU,0.249,0.053,0.088,3,0.053,3
russell2k,Z2,Z2L5EB,0.053,0.065,0.153,3,0.053,3
sp500,Z4,Z4L25NDP,0.379,0.052,0.179,3,0.052,3
sp500,T2,T2L12NUR,0.052,0.061,0.113,3,0.052,3
sp500,T1G,T1GL12EUR,0.316,0.052,0.22,3,0.052,3
sp500,T3,T3L12ND,0.211,0.051,0.112,3,0.051,3
sp500,Z5,Z5L3EU,0.429,0.051,0.22,3,0.051,3
sp500,Z2G,Z2GL25NDP,0.339,0.051,0.34,3,0.051,3
sp500,T2,T2L3EUR,0.151,0.051,0.139,3,0.051,3
sp500,Z3,Z3L25NH,0.492,0.051,0.082,3,0.051,3
sp500,Z2,Z2L25NDP,0.085,0.051,0.127,3,0.051,3
sp500,Z3,Z3L46NP,0.378,0.05,0.151,3,0.05,3
sp500,Z10,Z10L12NU,0.786,0.05,0.467,3,0.05,3
sp500,T3,T3L34NUR,0.551,0.05,0.172,3,0.05,3
sp500,T3,T3L34NB,0.853,0.05,0.438,3,0.05,3
sp500,T10,T10L25NH,0.208,0.05,0.276,3,0.05,3
sp500,T2G,T2GL34NB,,0.049,0.165,2,0.049,2
sp500,T2G,T2GL12NDP,0.452,0.065,0.049,3,0.049,3
sp500,T10,T10L46NDP,0.389,0.049,0.122,3,0.049,3
sp500,T3,T3L34ND,0.088,0.049,0.202,3,0.049,3
sp500,Z2G,Z2GL46NR,0.048,0.081,0.251,3,0.048,3
sp500,T5,T5L25NR,0.081,0.048,0.206,3,0.048,3
sp500,T12,T12L25NUR,,0.048,0.389,2,0.048,2
sp500,Z9,Z9L25NB,0.103,0.047,0.256,3,0.047,3
sp500,Z6,Z6L46NDP,0.486,0.047,0.59,3,0.047,3
sp500,Z9,Z9L25N,0.575,0.047,0.381,3,0.047,3
sp500,T2G,T2GL12NUR,0.243,0.046,0.085,3,0.046,3
sp500,Z1,Z1L25NB,0.045,0.052,0.189,3,0.045,3
sp500,Z2,Z2L46EB,0.245,0.045,0.325,3,0.045,3
sp500,T9,T9L12NH,0.384,0.045,0.238,3,0.045,3
sp500,T1,T1L12EU,0.494,0.045,0.248,3,0.045,3
sp500,Z9,Z9L25NP,0.121,0.044,0.086,3,0.044,3
russell2k,Z6,Z6L46EB,0.044,0.118,0.101,3,0.044,3
sp500,Z4,Z4L25NH,0.19,0.043,0.231,3,0.043,3
sp500,T5,T5L25NB,,0.043,0.196,2,0.043,2
nasdaq,Z1G,Z1GL5EB,0.063,0.042,0.168,3,0.042,3
sp500,T1G,T1GL12EU,0.376,0.042,0.246,3,0.042,3
sp500,Z7,Z7L12NU,,0.042,0.267,2,0.042,2
sp500,T1G,T1GL3EU,0.448,0.041,0.209,3,0.041,3
sp500,T9,T9L12NUR,0.408,0.041,0.198,3,0.041,3
sp500,Z3,Z3L25NP,0.564,0.04,0.209,3,0.04,3
sp500,Z9,Z9L25NUR,0.143,0.04,0.228,3,0.04,3
sp500,T1,T1L3EUR,0.251,0.08,0.04,3,0.04,3
sp500,T2G,T2GL34NUR,0.572,0.039,0.132,3,0.039,3
sp500,Z2,Z2L25NUR,0.425,0.039,0.426,3,0.039,3
sp500,T4,T4L12NH,0.506,0.038,0.129,3,0.038,3
sp500,Z2,Z2L46NUR,0.452,0.066,0.036,3,0.036,3
sp500,Z4,Z4L46NB,0.783,0.049,0.035,3,0.035,3
sp500,T5,T5L25NDP,0.331,0.035,0.052,3,0.035,3
sp500,Z5,Z5L12EU,0.626,0.035,0.427,3,0.035,3
sp500,T9,T9L34NH,0.441,0.035,0.301,3,0.035,3
sp500,T2,T2L12EUR,0.091,0.033,0.152,3,0.033,3
sp500,Z5,Z5L3EUR,0.386,0.033,0.232,3,0.033,3
sp500,T6,T6L34NDP,0.338,0.059,0.032,3,0.032,3
sp500,T9,T9L12N,0.649,0.032,0.361,3,0.032,3
sp500,T2G,T2GL12EUR,0.288,0.032,0.108,3,0.032,3
sp500,T2,T2L12NH,0.051,0.032,0.114,3,0.032,3
sp500,Z10,Z10L12ND,0.071,0.031,0.134,3,0.031,3
sp500,T9,T9L12NB,0.375,0.031,0.354,3,0.031,3
sp500,T10,T10L25NB,,0.068,0.031,2,0.031,2
sp500,T2,T2L34NUR,0.362,0.029,0.352,3,0.029,3
sp500,Z2,Z2L25NB,0.477,0.029,0.249,3,0.029,3
sp500,T2,T2L12NB,0.091,0.028,0.259,3,0.028,3
sp500,Z6,Z6L5EB,0.609,0.027,0.268,3,0.027,3
sp500,T3,T3L34NDP,0.585,0.027,0.208,3,0.027,3
sp500,Z5,Z5L12NDP,,0.027,0.261,2,0.027,2
sp500,Z2G,Z2GL46EB,0.685,0.027,0.166,3,0.027,3
sp500,T2G,T2GL12NU,0.245,0.059,0.026,3,0.026,3
sp500,T4,T4L34NB,0.255,0.023,0.37,3,0.023,3
sp500,T4,T4L12NB,0.356,0.022,0.209,3,0.022,3
sp500,Z1,Z1L46ED,0.021,0.084,0.502,3,0.021,3
sp500,Z2,Z2L25NH,0.404,0.021,0.205,3,0.021,3
sp500,Z1,Z1L25ND,0.327,0.056,0.019,3,0.019,3
russell2k,Z12,Z12L46ED,0.101,0.018,0.351,3,0.018,3
sp500,T2,T2L3EU,0.018,0.057,0.069,3,0.018,3
sp500,Z11,Z11L12NU,0.673,0.014,0.396,3,0.014,3
nasdaq,Z7,Z7L5EB,,0.013,0.023,2,0.013,2
russell2k,Z4,Z4L5EB,0.013,0.08,0.255,3,0.013,3
sp500,Z9,Z9L25NH,0.013,0.049,0.128,3,0.013,3
sp500,T5,T5L25ND,0.456,0.013,0.488,3,0.013,3
sp500,Z6,Z6L25NUR,0.384,0.012,0.451,3,0.012,3
sp500,Z1,Z1L25NDP,0.227,0.012,0.201,3,0.012,3
russell2k,Z10,Z10L34NU,0.01,0.037,0.194,3,0.01,3
sp500,T2G,T2GL3EUR,0.293,0.01,0.156,3,0.01,3
sp500,Z11,Z11L12EU,0.181,0.009,0.21,3,0.009,3
sp500,T4,T4L34NDP,0.13,0.008,0.216,3,0.008,3
sp500,Z10,Z10L12NUR,0.008,0.05,0.359,3,0.008,3
sp500,Z2G,Z2GL25NH,0.533,0.008,0.258,3,0.008,3
sp500,T3,T3L12NUR,0.007,0.072,0.285,3,0.007,3
sp500,T1,T1L12NUR,0.006,0.059,0.163,3,0.006,3
