tf,universe,signal,n,m10,a10,win,mfe,mae,lift,wlift,se,ref,t,sig
1D,nasdaq,T5,112147,-0.356,0.112,47.2,12.018,-9.123,0.17849697376177198,0.6420585779995704,0.030538757839835853,-0.534496973761772,5.844932354417314,True
1D,nasdaq,T2G,272597,-0.663,-0.102,46.2,10.793,-8.992,-0.12850302623822807,-0.35794142200042955,0.019587754960143842,-0.534496973761772,-6.560375423303968,True
1D,nasdaq,Z1,102251,-0.61,-0.265,46.6,10.95,-9.214,-0.07550302623822802,0.042058577999569025,0.031982426935431414,-0.534496973761772,-2.3607660041140512,True
1D,nasdaq,T12,26669,-0.172,0.142,48.2,11.257,-8.706,0.362496973761772,1.6420585779995704,0.0626241483438958,-0.534496973761772,5.7884535494382625,True
1D,nasdaq,T1G,91435,-0.498,0.06,46.4,10.903,-8.617,0.03649697376177197,-0.15794142200043382,0.03382119619967519,-0.534496973761772,1.0791154028467649,False
1D,nasdaq,Z3,128249,-0.49,0.191,47.0,11.526,-9.016,0.044496973761771974,0.4420585779995676,0.02855736975244371,-0.534496973761772,1.55816078817848,False
1D,nasdaq,Z6,100679,-0.1,0.347,48.1,12.223,-8.848,0.434496973761772,1.542058577999569,0.03223114632532255,-0.534496973761772,13.480655307019205,True
1D,nasdaq,T4,150516,-0.704,-0.198,45.0,11.536,-9.313,-0.169503026238228,-1.5579414220004324,0.026360513393752505,-0.534496973761772,-6.4301868368922035,True
1D,nasdaq,Z5,101959,-0.493,-0.063,46.5,11.118,-8.88,0.04149697376177197,-0.0579414220004324,0.032028191369345115,-0.534496973761772,1.2956389976328677,False
1D,nasdaq,T1,120669,-0.743,-0.112,45.6,11.208,-9.1,-0.20850302623822803,-0.957941422000431,0.029440646428481203,-0.534496973761772,-7.082148374178358,True
1D,nasdaq,Z12,10256,-0.614,-0.086,45.8,12.838,-9.905,-0.07950302623822803,-0.7579414220004352,0.10098484246886648,-0.534496973761772,-0.7872768258537287,False
1D,nasdaq,T2,207269,-0.772,-0.227,45.3,11.164,-9.267,-0.23750302623822805,-1.2579414220004352,0.022463530956416858,-0.534496973761772,-10.572826983390327,True
1D,nasdaq,Z1G,76525,-0.337,-0.048,47.7,11.291,-8.973,0.19749697376177194,1.1420585779995704,0.03696949594477544,-0.534496973761772,5.3421603058042875,True
1D,nasdaq,Z4,144564,-0.429,0.226,47.3,11.901,-9.136,0.10549697376177197,0.7420585779995648,0.026897698439193776,-0.534496973761772,3.9221561651553003,True
1D,nasdaq,Z10,73969,-0.501,0.142,46.3,12.252,-9.128,0.033496973761771964,-0.25794142200043524,0.037602812113254204,-0.534496973761772,0.89081033782484,False
1D,nasdaq,Z2,266745,-0.637,0.187,46.4,13.085,-9.712,-0.10250302623822805,-0.15794142200043382,0.019801452788602573,-0.534496973761772,-5.1765406979243105,True
1D,nasdaq,Z11,62066,-0.392,0.157,46.4,11.906,-8.755,0.14249697376177195,-0.15794142200043382,0.04105048758308336,-0.534496973761772,3.471261418597474,True
1D,nasdaq,T10,64494,-0.532,-0.032,45.8,11.237,-8.974,0.0024969737617719368,-0.7579414220004352,0.040270362759011684,-0.534496973761772,0.06200524630767487,False
1D,nasdaq,Z2G,314236,-0.447,0.072,47.4,12.704,-9.685,0.08749697376177196,0.8420585779995662,0.01824388094501678,-0.534496973761772,4.7959627683095185,True
1D,nasdaq,Z9,132736,-0.629,-0.063,46.2,11.742,-9.245,-0.09450302623822804,-0.35794142200042955,0.028070544398932827,-0.534496973761772,-3.3666260580903025,True
1D,nasdaq,T3,122440,-0.636,-0.003,46.4,11.691,-9.34,-0.10150302623822804,-0.15794142200043382,0.02922695278346222,-0.534496973761772,-3.472925384669678,True
1D,nasdaq,T11,24918,-0.466,-0.076,45.9,10.785,-8.751,0.06849697376177194,-0.6579414220004338,0.06478711002242306,-0.534496973761772,1.0572623742294553,False
1D,nasdaq,T9,142463,-0.613,0.027,46.2,11.596,-9.117,-0.07850302623822802,-0.35794142200042955,0.02709531196410831,-0.534496973761772,-2.8972918393490623,True
1D,nasdaq,Z7,101271,0.0,0.232,49.4,10.183,-7.591,0.534496973761772,2.842058577999566,0.03213680142081906,-0.534496973761772,16.6319281985391,True
1D,nasdaq,T6,65163,-0.61,-0.143,45.2,11.004,-8.974,-0.07550302623822802,-1.3579414220004296,0.040063110349894016,-0.534496973761772,-1.8846022083362222,False
1D,russell2k,Z1G,118413,0.0,0.198,49.5,9.29,-7.627,0.22699942301150844,1.3470653111500468,0.02971977425941446,-0.22699942301150844,7.637992840393156,True
1D,russell2k,T2,294706,-0.467,-0.075,46.8,9.35,-8.001,-0.2400005769884916,-1.352934688849956,0.018838690427041657,-0.22699942301150844,-12.739769673373214,True
1D,russell2k,T9,200066,-0.284,0.157,47.8,9.805,-7.92,-0.057000576988491536,-0.35293468884995605,0.02286433390509103,-0.22699942301150844,-2.492990927489895,True
1D,russell2k,T6,91473,-0.374,-0.017,46.8,9.238,-7.862,-0.14700057698849156,-1.352934688849956,0.03381417041633291,-0.22699942301150844,-4.347306918329346,True
1D,russell2k,Z7,118544,0.0,0.265,49.4,9.538,-7.269,0.22699942301150844,1.2470653111500454,0.029703348431801543,-0.22699942301150844,7.6422166185302585,True
1D,russell2k,T2G,426236,-0.332,-0.01,47.8,8.821,-7.62,-0.10500057698849158,-0.35293468884995605,0.01566462976141878,-0.22699942301150844,-6.703035985382998,True
1D,russell2k,Z1,151130,-0.282,-0.053,48.1,9.151,-7.892,-0.055000576988491534,-0.05293468884995178,0.026306911104748046,-0.22699942301150844,-2.0907272909955843,True
1D,russell2k,T5,160689,0.0,0.352,49.4,10.082,-7.849,0.22699942301150844,1.2470653111500454,0.025512447521622596,-0.22699942301150844,8.897594902218588,True
1D,russell2k,T12,39651,0.0,0.298,50.0,9.348,-7.445,0.22699942301150844,1.8470653111500468,0.05135918530840137,-0.22699942301150844,4.419840806438488,True
1D,russell2k,Z2G,452381,-0.06,0.264,49.2,10.501,-8.288,0.16699942301150844,1.0470653111500496,0.015205230926306134,-0.22699942301150844,10.983024448684139,True
1D,russell2k,Z9,184110,-0.291,0.059,47.8,9.821,-8.04,-0.06400057698849154,-0.35293468884995605,0.023834525447754728,-0.22699942301150844,-2.685204583946124,True
1D,russell2k,T3,176153,-0.25,0.152,48.2,9.695,-8.022,-0.02300057698849156,0.04706531115004964,0.024366894136017912,-0.22699942301150844,-0.9439273163046771,False
1D,russell2k,T11,34575,-0.181,0.166,48.0,9.21,-7.638,0.045999423011508445,-0.1529346888499532,0.055000179140491545,-0.22699942301150844,0.8363504215869603,False
1D,russell2k,Z4,201953,-0.109,0.342,48.8,10.045,-7.936,0.11799942301150844,0.647065311150044,0.02275726380510417,-0.22699942301150844,5.185132273460865,True
1D,russell2k,Z10,102142,-0.201,0.284,48.0,10.328,-7.953,0.025999423011508427,-0.1529346888499532,0.031999487277872427,-0.22699942301150844,0.8124949873645935,False
1D,russell2k,T10,91312,-0.279,0.074,47.5,9.433,-7.855,-0.05200057698849159,-0.6529346888499532,0.033843967616146955,-0.22699942301150844,-1.536479929843749,False
1D,russell2k,Z2,358513,-0.313,0.292,47.8,11.088,-8.481,-0.08600057698849156,-0.35293468884995605,0.01708019184276764,-0.22699942301150844,-5.035106032776047,True
1D,russell2k,Z11,86125,-0.183,0.275,47.9,10.054,-7.707,0.04399942301150844,-0.2529346888499546,0.03484821848666649,-0.22699942301150844,1.2626017891945711,False
1D,russell2k,T4,205649,-0.393,-0.045,46.8,9.757,-8.161,-0.16600057698849158,-1.352934688849956,0.022551835625242368,-0.22699942301150844,-7.360845464955696,True
1D,russell2k,Z3,189195,-0.153,0.336,48.7,9.637,-7.694,0.07399942301150844,0.5470653111500496,0.023512043200569373,-0.22699942301150844,3.1472987005109134,True
1D,russell2k,T1,180627,-0.356,0.082,47.5,9.354,-7.781,-0.12900057698849154,-0.6529346888499532,0.024063226778352015,-0.22699942301150844,-5.36090102032967,True
1D,russell2k,Z5,155296,-0.172,0.156,48.4,9.223,-7.561,0.05499942301150845,0.24706531115004537,0.025951655270403298,-0.22699942301150844,2.119303082537199,True
1D,russell2k,T1G,141252,-0.232,0.137,48.0,8.981,-7.421,-0.005000576988491573,-0.1529346888499532,0.027211212605244103,-0.22699942301150844,-0.1837689874771648,False
1D,russell2k,Z6,133692,0.0,0.432,49.2,10.524,-7.888,0.22699942301150844,1.0470653111500496,0.02797000141125339,-0.22699942301150844,8.115817359958301,True
1D,russell2k,Z12,12962,-0.332,0.074,47.2,11.301,-8.909,-0.10500057698849158,-0.9529346888499504,0.08982747454217394,-0.22699942301150844,-1.1689138264617902,False
1D,sp500,T2,51143,0.14,0.152,51.1,4.905,-4.815,-0.2006084966707815,-1.4563803796789259,0.045222242919409746,0.3406084966707815,-4.436058092657734,True
1D,sp500,Z1G,26031,0.313,0.469,52.2,5.535,-5.071,-0.027608496670781524,-0.35638037967892444,0.06338693789745387,0.3406084966707815,-0.4355549831961595,False
1D,sp500,T9,32731,0.378,0.431,52.7,5.241,-4.713,0.03739150332921848,0.14361962032107556,0.05652825267833478,0.3406084966707815,0.6614657548675528,False
1D,sp500,Z7,3370,0.187,0.47,51.9,5.222,-4.616,-0.15360849667078152,-0.6563803796789287,0.1761693078261248,0.3406084966707815,-0.871936766774322,False
1D,sp500,T6,14734,0.247,0.198,51.7,5.021,-4.993,-0.09360849667078153,-0.8563803796789244,0.08425290142952387,0.3406084966707815,-1.1110418167507674,False
1D,sp500,T2G,93345,0.263,0.22,52.1,5.008,-4.883,-0.07760849667078151,-0.45638037967892586,0.0334733877549699,0.3406084966707815,-2.3185133586981714,True
1D,sp500,T5,27021,0.594,0.715,54.1,5.649,-4.891,0.25339150332921845,1.5436196203210741,0.06221491178790087,0.3406084966707815,4.072841960992642,True
1D,sp500,Z1,29992,0.199,0.129,51.3,5.162,-5.14,-0.14160849667078151,-1.2563803796789301,0.0590530706055628,0.3406084966707815,-2.397987017756228,True
1D,sp500,T12,8159,0.582,0.647,53.8,5.503,-4.846,0.24139150332921844,1.2436196203210699,0.11322093364660443,0.3406084966707815,2.132039505014786,True
1D,sp500,Z9,29205,0.282,0.298,52.0,5.184,-4.927,-0.05860849667078155,-0.5563803796789273,0.0598434459072266,0.3406084966707815,-0.9793636676878609,False
1D,sp500,Z2G,79503,0.515,0.625,53.8,5.655,-5.019,0.1743915033292185,1.2436196203210699,0.03627049144039128,0.3406084966707815,4.808082173791941,True
1D,sp500,T3,31147,0.257,0.352,51.8,5.329,-4.956,-0.08360849667078152,-0.7563803796789301,0.057947817940323,0.3406084966707815,-1.442823899890155,False
1D,sp500,T11,5820,0.355,0.478,52.3,5.299,-4.991,0.014391503329218458,-0.2563803796789301,0.13405521270916312,0.3406084966707815,0.10735504452513356,False
1D,sp500,Z4,31584,0.406,0.557,53.0,5.274,-4.714,0.0653915033292185,0.4436196203210727,0.05754553511669052,0.3406084966707815,1.136343648497107,False
1D,sp500,Z10,15802,0.356,0.458,52.7,5.33,-4.743,0.015391503329218459,0.14361962032107556,0.08135592170537478,0.3406084966707815,0.1891872528340075,False
1D,sp500,Z11,13944,0.4,0.558,53.2,5.368,-4.84,0.0593915033292185,0.6436196203210756,0.0866067040889033,0.3406084966707815,0.6857610384093601,False
1D,sp500,Z2,51556,0.262,0.304,52.0,5.285,-4.942,-0.07860849667078151,-0.5563803796789273,0.04504074764767276,0.3406084966707815,-1.7452751292160928,False
1D,sp500,T10,15571,0.208,0.147,51.6,5.093,-5.029,-0.13260849667078153,-0.9563803796789259,0.08195716856056798,0.3406084966707815,-1.618021937553653,False
1D,sp500,T1,34896,0.331,0.383,52.6,5.208,-4.772,-0.009608496670781508,0.04361962032107414,0.05474662792411875,0.3406084966707815,-0.17550846572868942,False
1D,sp500,T1G,29316,0.357,0.425,52.6,5.229,-4.818,0.01639150332921846,0.04361962032107414,0.05973004499620326,0.3406084966707815,0.27442643531007527,False
1D,sp500,Z6,16691,0.516,0.728,54.3,5.472,-4.694,0.1753915033292185,1.7436196203210699,0.07915967816537699,0.3406084966707815,2.2156672108089945,True
1D,sp500,Z3,34713,0.438,0.573,53.5,5.288,-4.6,0.09739150332921848,0.9436196203210727,0.05489074487659643,0.3406084966707815,1.7742791348190092,False
1D,sp500,Z5,30339,0.462,0.568,53.6,5.341,-4.757,0.1213915033292185,1.0436196203210741,0.058714391920740926,0.3406084966707815,2.0674914507006386,True
1D,sp500,T4,29109,0.257,0.191,52.1,5.074,-4.896,-0.08360849667078152,-0.45638037967892586,0.05994204499936902,0.3406084966707815,-1.3948222265633685,False
1D,sp500,Z12,637,0.297,0.315,52.6,5.133,-4.667,-0.04360849667078154,0.04361962032107414,0.4052056405986636,0.3406084966707815,-0.10762065554258565,False
4H,nasdaq,T12,88178,-0.469,-0.154,45.6,8.679,-7.093,-0.1148035420870045,-0.8444126943230899,0.02502819966426047,-0.3541964579129955,-4.586967645577023,True
4H,nasdaq,T2G,440172,-0.515,-0.125,45.7,8.081,-6.791,-0.16080354208700454,-0.7444126943230884,0.011202076303123334,-0.3541964579129955,-14.354797962067952,True
4H,nasdaq,T5,196868,-0.362,-0.083,46.1,8.424,-6.834,-0.007803542087004511,-0.34441269432308985,0.016750283750231663,-0.3541964579129955,-0.4658752176002144,False
4H,nasdaq,Z1,168631,-0.148,0.202,48.2,8.801,-6.605,0.20619645791299548,1.7555873056769116,0.01809843512283736,-0.3541964579129955,11.393054510707845,True
4H,nasdaq,T2,405562,-0.592,-0.177,45.2,8.378,-7.094,-0.2378035420870045,-1.2444126943230884,0.01167027540445564,-0.3541964579129955,-20.376857772886197,True
4H,nasdaq,Z1G,170035,-0.203,0.111,47.7,9.056,-7.024,0.15119645791299546,1.2555873056769116,0.018023559731325585,-0.3541964579129955,8.38882330498845,True
4H,nasdaq,T9,289984,-0.503,-0.123,45.7,8.559,-7.105,-0.14880354208700453,-0.7444126943230884,0.013801386396253987,-0.3541964579129955,-10.78178219308411,True
4H,nasdaq,Z7,264149,0.0,0.181,47.7,7.357,-5.58,0.3541964579129955,1.2555873056769116,0.014460564521722867,-0.3541964579129955,24.493957852123717,True
4H,nasdaq,T6,107571,-0.636,-0.243,43.9,8.562,-7.106,-0.28180354208700453,-2.5444126943230927,0.022660116069343202,-0.3541964579129955,-12.436103205501919,True
4H,nasdaq,T4,284539,-0.616,-0.339,44.0,8.053,-7.104,-0.2618035420870045,-2.4444126943230913,0.013932813781381885,-0.3541964579129955,-18.79042856632785,True
4H,nasdaq,T1G,198653,-0.556,-0.118,44.7,8.157,-6.706,-0.20180354208700457,-1.7444126943230884,0.016674858951641083,-0.3541964579129955,-12.102263813580489,True
4H,nasdaq,Z3,205973,-0.303,0.09,47.2,8.449,-6.583,0.051196457912995486,0.7555873056769116,0.016375877682510975,-0.3541964579129955,3.126333678449004,True
4H,nasdaq,Z5,168504,-0.372,0.044,46.2,8.379,-6.645,-0.01780354208700452,-0.24441269432308843,0.01810525415482956,-0.3541964579129955,-0.983335662385907,False
4H,nasdaq,T1,182765,-0.613,-0.232,44.8,8.252,-7.01,-0.2588035420870045,-1.6444126943230941,0.01738454056178866,-0.3541964579129955,-14.88699348522655,True
4H,nasdaq,Z6,176787,-0.03,0.271,48.0,9.193,-6.641,0.32419645791299545,1.5555873056769087,0.01767602348829748,-0.3541964579129955,18.341028915673917,True
4H,nasdaq,Z12,16228,0.0,0.383,48.1,8.963,-6.477,0.3541964579129955,1.6555873056769101,0.058341451985409985,-0.3541964579129955,6.071094322465146,True
4H,nasdaq,Z4,256137,-0.094,0.294,48.4,8.957,-6.607,0.2601964579129955,1.9555873056769073,0.01468498724892013,-0.3541964579129955,17.718534820800013,True
4H,nasdaq,Z10,99720,-0.351,0.031,46.2,9.104,-6.937,0.0031964579129954984,-0.24441269432308843,0.02353523819788739,-0.3541964579129955,0.13581583012329249,False
4H,nasdaq,T3,207359,-0.454,-0.153,46.1,8.222,-6.956,-0.09980354208700454,-0.34441269432308985,0.016321057248566626,-0.3541964579129955,-6.115016972676182,True
4H,nasdaq,T11,50957,-0.515,-0.157,44.7,8.527,-7.067,-0.16080354208700454,-1.7444126943230884,0.03292363718317362,-0.3541964579129955,-4.884136621733484,True
4H,nasdaq,Z2G,525102,-0.133,0.193,48.2,8.913,-6.79,0.22119645791299547,1.7555873056769116,0.010256233431680842,-0.3541964579129955,21.56702647092001,True
4H,nasdaq,Z9,273315,-0.34,0.089,46.8,8.676,-6.718,0.014196457912995453,0.3555873056769059,0.01421601913757383,-0.3541964579129955,0.9986240012489378,False
4H,nasdaq,Z2,477944,-0.241,0.176,47.6,9.266,-6.966,0.11319645791299549,1.1555873056769101,0.010750315895047656,-0.3541964579129955,10.529593643396252,True
4H,nasdaq,Z11,166347,-0.42,-0.006,45.3,8.659,-6.702,-0.06580354208700451,-1.1444126943230941,0.01822226031818069,-0.3541964579129955,-3.6111624429682347,True
4H,nasdaq,T10,89960,-0.484,-0.004,44.8,8.846,-6.961,-0.1298035420870045,-1.6444126943230941,0.02477907040538832,-0.3541964579129955,-5.238434693610546,True
4H,russell2k,Z1G,97279,0.064,0.158,50.3,5.461,-4.893,0.050230735772665056,0.6290391894130778,0.023828690928842964,0.01376926422733495,2.1079939272645594,True
4H,russell2k,T2,259157,-0.098,-0.008,48.6,5.098,-4.774,-0.11176926422733495,-1.070960810586918,0.014599173204892808,0.01376926422733495,-7.655862606649278,True
4H,russell2k,Z1,98298,0.157,0.258,51.1,5.367,-4.537,0.14323073577266504,1.429039189413082,0.023704859862353687,0.01376926422733495,6.042251951893356,True
4H,russell2k,T2G,296906,-0.018,0.07,49.3,4.976,-4.582,-0.03176926422733495,-0.3709608105869222,0.013639556400664153,0.01376926422733495,-2.329200693490882,True
4H,russell2k,T12,48681,-0.098,0.041,48.3,5.296,-4.936,-0.11176926422733495,-1.3709608105869222,0.03368449087564279,0.01376926422733495,-3.318122415445357,True
4H,russell2k,T5,98307,0.0,0.148,49.6,5.35,-4.8,-0.01376926422733495,-0.07096081058691794,0.0237037747482627,0.01376926422733495,-0.5808890935543559,False
4H,russell2k,T4,155285,-0.129,-0.043,48.0,5.147,-4.92,-0.14276926422733496,-1.6709608105869194,0.01886014293691854,0.01376926422733495,-7.569893012203294,True
4H,russell2k,Z3,128708,0.05,0.19,50.2,5.204,-4.518,0.03623073577266506,0.5290391894130835,0.02071605055141485,0.01376926422733495,1.7489209964391883,False
4H,russell2k,T1,109001,-0.076,0.041,48.7,5.111,-4.734,-0.08976926422733494,-0.9709608105869165,0.02251098465323279,0.01376926422733495,-3.987798206527729,True
4H,russell2k,T1G,115267,-0.096,0.02,48.5,5.164,-4.7,-0.10976926422733495,-1.1709608105869194,0.021890578459437135,0.01376926422733495,-5.014452424395066,True
4H,russell2k,Z5,98098,0.004,0.267,50.0,5.302,-4.579,-0.00976926422733495,0.32903918941308063,0.023729012026443837,0.01376926422733495,-0.4117012632657436,False
4H,russell2k,Z6,79679,0.078,0.374,50.4,6.074,-4.913,0.06423073577266505,0.7290391894130792,0.02632920800891949,0.01376926422733495,2.439524035470636,True
4H,russell2k,Z12,6437,0.176,0.449,51.3,5.785,-4.693,0.16223073577266503,1.6290391894130778,0.09263347974232713,0.01376926422733495,1.7513185969471547,False
4H,russell2k,T9,173074,0.0,0.161,49.7,5.335,-4.776,-0.01376926422733495,0.029039189413083477,0.017864621432297747,0.01376926422733495,-0.770756003955464,False
4H,russell2k,T6,52944,-0.18,-0.051,47.7,5.308,-4.962,-0.19376926422733495,-1.9709608105869165,0.032299913414081095,0.01376926422733495,-5.9990645096547395,True
4H,russell2k,Z7,74288,0.0,0.204,48.0,6.033,-5.018,-0.01376926422733495,-1.6709608105869194,0.027267818831920414,0.01376926422733495,-0.5049639031346465,False
4H,russell2k,Z9,163433,0.0,0.181,49.9,5.269,-4.566,-0.01376926422733495,0.2290391894130792,0.018383993451987112,0.01376926422733495,-0.7489811320535822,False
4H,russell2k,Z2G,303184,0.154,0.328,51.1,5.475,-4.648,0.14023073577266504,1.429039189413082,0.013497601245965527,0.01376926422733495,10.389307938296104,True
4H,russell2k,T10,37497,-0.17,0.096,47.5,5.689,-4.999,-0.18376926422733497,-2.1709608105869194,0.03838057454017318,0.01376926422733495,-4.788080075116713,True
4H,russell2k,Z2,283185,0.117,0.336,50.7,5.701,-4.718,0.10323073577266506,1.0290391894130835,0.013966082728609133,0.01376926422733495,7.391531167232725,True
4H,russell2k,Z11,83842,0.0,0.203,49.2,5.511,-4.756,-0.01376926422733495,-0.4709608105869165,0.025667225033759938,0.01376926422733495,-0.5364531697222557,False
4H,russell2k,Z4,153613,0.139,0.361,51.0,5.562,-4.566,0.12523073577266505,1.3290391894130806,0.018962506716271414,0.01376926422733495,6.604123476207216,True
4H,russell2k,Z10,42965,0.0,0.275,49.4,5.922,-4.909,-0.01376926422733495,-0.2709608105869208,0.03585521450027166,0.01376926422733495,-0.3840240372074925,False
4H,russell2k,T11,23206,-0.147,-0.055,47.6,5.263,-4.955,-0.16076926422733495,-2.070960810586918,0.04878761512237163,0.01376926422733495,-3.2952884420377,True
4H,russell2k,T3,126031,0.0,0.105,49.9,5.097,-4.687,-0.01376926422733495,0.2290391894130792,0.020934907288439945,0.01376926422733495,-0.6577179462809566,False
4H,sp500,T2,135059,0.1,0.067,51.0,3.46,-3.412,-0.10424510912218349,-1.1719822812846061,0.02022311111750668,0.2042451091221835,-5.154751339517731,True
4H,sp500,Z1G,45978,0.233,0.257,52.3,3.856,-3.683,0.02875489087781652,0.12801771871539103,0.03466048975759318,0.2042451091221835,0.8296158270965314,False
4H,sp500,T2G,170159,0.123,0.088,51.3,3.477,-3.397,-0.0812451091221835,-0.871982281284609,0.018016991378435692,0.2042451091221835,-4.509360492863682,True
4H,sp500,Z1,50255,0.272,0.24,52.9,3.648,-3.374,0.06775489087781653,0.7280177187153924,0.03315279089218765,0.2042451091221835,2.043716050879528,True
4H,sp500,T5,40704,0.216,0.24,52.3,3.701,-3.522,0.011754890877816504,0.12801771871539103,0.036837588160104136,0.2042451091221835,0.3191004478015011,False
4H,sp500,T12,22895,0.06,0.08,50.5,3.561,-3.64,-0.1442451091221835,-1.6719822812846061,0.04911785685483271,0.2042451091221835,-2.9367142289717227,True
4H,sp500,T4,67118,0.168,0.15,51.9,3.513,-3.401,-0.03624510912218348,-0.27198228128460755,0.02868733662936096,0.2042451091221835,-1.263453264779111,False
4H,sp500,Z3,70280,0.185,0.201,52.0,3.513,-3.314,-0.019245109122183496,-0.17198228128460613,0.028034567252303334,0.2042451091221835,-0.686477838198209,False
4H,sp500,T1,55368,0.163,0.171,51.8,3.542,-3.342,-0.04124510912218349,-0.371982281284609,0.031584958813679495,0.2042451091221835,-1.3058465380781237,False
4H,sp500,Z6,27402,0.309,0.397,53.3,3.722,-3.405,0.1047548908778165,1.128017718715391,0.04489713226897351,0.2042451091221835,2.3332200874265667,True
4H,sp500,Z5,43926,0.296,0.26,53.2,3.559,-3.362,0.09175489087781649,1.0280177187153967,0.03546083064404829,0.2042451091221835,2.5874997627337457,True
4H,sp500,T1G,54525,0.206,0.187,52.4,3.591,-3.379,0.0017548908778164951,0.22801771871539245,0.03182818662647296,0.2042451091221835,0.05513637639528204,False
4H,sp500,Z12,938,0.334,0.391,53.7,3.801,-3.27,0.12975489087781653,1.5280177187153967,0.242665654893265,0.2042451091221835,0.5347064500532159,False
4H,sp500,T9,83852,0.299,0.325,53.2,3.634,-3.342,0.0947548908778165,1.0280177187153967,0.025665694480503414,0.2042451091221835,3.691888834326915,True
4H,sp500,T6,22070,-0.054,-0.096,49.3,3.397,-3.594,-0.2582451091221835,-2.871982281284609,0.0500274730235853,0.2042451091221835,-5.162065831317017,True
4H,sp500,Z7,7419,0.231,0.313,53.0,3.363,-3.094,0.026754890877816517,0.8280177187153939,0.08628534650682938,0.2042451091221835,0.31007456029279434,False
4H,sp500,Z9,80942,0.148,0.151,51.6,3.536,-3.366,-0.0562451091221835,-0.5719822812846047,0.026122982978350612,0.2042451091221835,-2.153089069835423,True
4H,sp500,Z2G,151781,0.291,0.345,53.0,3.806,-3.486,0.08675489087781649,0.8280177187153939,0.01907660240062196,0.2042451091221835,4.547711854338799,True
4H,sp500,Z11,35387,0.237,0.207,52.5,3.507,-3.423,0.032754890877816495,0.32801771871539387,0.03950825607440237,0.2042451091221835,0.8290644572145157,False
4H,sp500,Z2,137089,0.257,0.304,52.7,3.705,-3.402,0.05275489087781651,0.5280177187153967,0.020072821786588715,0.2042451091221835,2.6281751234927877,True
4H,sp500,T10,11685,0.065,-0.036,50.6,3.33,-3.459,-0.1392451091221835,-1.5719822812846047,0.06875358915951861,0.2042451091221835,-2.025277673855164,True
4H,sp500,Z10,13766,0.278,0.335,53.1,3.63,-3.337,0.07375489087781653,0.9280177187153953,0.06334405338534366,0.2042451091221835,1.1643538254355175,False
4H,sp500,Z4,71730,0.305,0.338,53.4,3.675,-3.301,0.1007548908778165,1.2280177187153924,0.027749765510006092,0.2042451091221835,3.630837559383556,True
4H,sp500,T3,66285,0.212,0.232,52.2,3.62,-3.416,0.0077548908778165004,0.02801771871539671,0.028867029944704792,0.2042451091221835,0.268641799751173,False
4H,sp500,T11,8889,0.021,0.023,50.1,3.346,-3.514,-0.1832451091221835,-2.0719822812846047,0.0788285031455898,0.2042451091221835,-2.3246047027398804,True
1H,nasdaq,Z1G,348582,0.016,0.253,50.0,4.725,-3.659,0.13892033693657585,3.211744970982309,0.00636830442271511,-0.12292033693657585,21.814336708066403,True
1H,nasdaq,T2,1513307,-0.251,-0.077,45.7,4.364,-3.98,-0.12807966306342417,-1.088255029017688,0.0030564181774912795,-0.12292033693657585,-41.90515028560407,True
1H,nasdaq,Z1,568454,0.0,0.131,48.9,4.42,-3.666,0.12292033693657585,2.1117449709823077,0.004986876706008167,-0.12292033693657585,24.648761977307753,True
1H,nasdaq,T5,519402,-0.075,0.046,46.9,4.359,-3.781,0.04792033693657585,0.11174497098230773,0.005217043832610668,-0.12292033693657585,9.185342978534257,True
1H,nasdaq,T2G,1309442,-0.211,-0.052,46.3,4.209,-3.818,-0.08807966306342414,-0.4882550290176937,0.0032857397444946775,-0.12292033693657585,-26.80664626923157,True
1H,nasdaq,T12,144705,0.0,0.124,47.8,4.623,-3.834,0.12292033693657585,1.0117449709823063,0.009884040712505605,-0.12292033693657585,12.43624348704403,True
1H,nasdaq,Z9,956033,-0.109,0.05,47.1,4.512,-3.84,0.01392033693657585,0.3117449709823106,0.0038453852198350154,-0.12292033693657585,3.6200110368066314,True
1H,nasdaq,Z2G,1625523,0.0,0.145,49.3,4.497,-3.695,0.12292033693657585,2.5117449709823063,0.002949033696626115,-0.12292033693657585,41.68156405849301,True
1H,nasdaq,T11,114897,-0.303,-0.145,43.9,4.391,-4.168,-0.18007966306342416,-2.8882550290176923,0.011092308756931568,-0.12292033693657585,-16.234642129925625,True
1H,nasdaq,T3,610314,-0.18,-0.111,46.5,4.134,-3.853,-0.057079663063424144,-0.28825502901769084,0.004812820098528435,-0.12292033693657585,-11.859920357479554,True
1H,nasdaq,Z4,916626,0.0,0.167,48.7,4.522,-3.698,0.12292033693657585,1.911744970982312,0.003927174584605745,-0.12292033693657585,31.299942054630097,True
1H,nasdaq,Z10,322476,-0.054,0.073,47.0,4.726,-3.889,0.06892033693657584,0.21174497098230916,0.006621061095035134,-0.12292033693657585,10.409258568578442,True
1H,nasdaq,Z2,1658933,0.0,0.063,48.4,4.594,-3.894,0.12292033693657585,1.6117449709823077,0.002919186696810409,-0.12292033693657585,42.10773400374916,True
1H,nasdaq,T10,297999,-0.237,-0.057,44.9,4.385,-3.989,-0.11407966306342414,-1.8882550290176923,0.006887615441789811,-0.12292033693657585,-16.563012849303252,True
1H,nasdaq,Z11,387404,-0.187,-0.028,45.3,4.608,-3.942,-0.06407966306342415,-1.4882550290176937,0.0060407970352064815,-0.12292033693657585,-10.607815937195088,True
1H,nasdaq,T4,1170015,-0.316,-0.201,44.1,4.192,-4.041,-0.19307966306342417,-2.6882550290176894,0.003476006497623881,-0.12292033693657585,-55.546404529280665,True
1H,nasdaq,T1,641498,-0.271,-0.151,45.4,4.169,-3.929,-0.14807966306342418,-1.3882550290176923,0.004694384314388214,-0.12292033693657585,-31.544000905414233,True
1H,nasdaq,Z5,405645,-0.167,0.014,46.1,4.332,-3.787,-0.04407966306342416,-0.6882550290176894,0.005903413862632112,-0.12292033693657585,-7.466808881966253,True
1H,nasdaq,T1G,542582,-0.363,-0.211,43.4,4.2,-4.057,-0.24007966306342415,-3.3882550290176923,0.005104387110813253,-0.12292033693657585,-47.033984267148114,True
1H,nasdaq,Z6,628902,0.0,0.276,49.0,4.779,-3.626,0.12292033693657585,2.211744970982309,0.004741162126123804,-0.12292033693657585,25.926204096519875,True
1H,nasdaq,Z3,608595,-0.08,0.072,47.8,4.322,-3.687,0.04292033693657585,1.0117449709823063,0.0048196123034970366,-0.12292033693657585,8.9053505207117,True
1H,nasdaq,Z12,81254,0.0,0.237,48.8,4.635,-3.653,0.12292033693657585,2.0117449709823063,0.013190277107421823,-0.12292033693657585,9.319010960536364,True
1H,nasdaq,T6,305073,-0.396,-0.257,42.9,4.137,-4.128,-0.2730796630634242,-3.8882550290176923,0.006807292436451304,-0.12292033693657585,-40.115753159237386,True
1H,nasdaq,T9,988248,-0.179,-0.067,46.3,4.373,-3.954,-0.05607966306342414,-0.4882550290176937,0.0037821898284895582,-0.12292033693657585,-14.82729995226599,True
1H,nasdaq,Z7,1667393,0.0,0.062,45.7,4.258,-3.671,0.12292033693657585,-1.088255029017688,0.0029117716107580657,-0.12292033693657585,42.2149651031779,True
1H,russell2k,T5,229378,0.0,0.067,49.1,2.813,-2.574,-0.0004261432250520674,0.08922017259003212,0.007850555957699004,0.0004261432250520674,-0.05428191676465292,False
1H,russell2k,T2G,903139,-0.011,0.007,48.8,2.563,-2.458,-0.011426143225052067,-0.21077982740997214,0.003956389094022744,0.0004261432250520674,-2.8880231325868633,True
1H,russell2k,Z1,362207,0.035,0.114,50.3,2.727,-2.446,0.03457385677494794,1.2892201725900279,0.0062473793073798195,0.0004261432250520674,5.534137607765708,True
1H,russell2k,T12,66001,0.0,0.037,49.2,2.835,-2.601,-0.0004261432250520674,0.18922017259003354,0.014635280027850979,0.0004261432250520674,-0.02911753135171419,False
1H,russell2k,T2,1051715,-0.026,0.003,48.4,2.672,-2.554,-0.026426143225052066,-0.6107798274099707,0.0036662937659799914,0.0004261432250520674,-7.207863011486866,True
1H,russell2k,Z1G,177690,0.068,0.139,50.8,2.887,-2.526,0.06757385677494794,1.7892201725900279,0.008919588126048313,0.0004261432250520674,7.575894292429117,True
1H,russell2k,Z4,598187,0.029,0.122,50.2,2.79,-2.487,0.028573856774947934,1.1892201725900335,0.004861360289683891,0.0004261432250520674,5.877749245531839,True
1H,russell2k,Z10,139466,0.0,0.113,49.0,2.982,-2.611,-0.0004261432250520674,-0.0107798274099693,0.010067974845568565,0.0004261432250520674,-0.04232660804070592,False
1H,russell2k,Z2,1086156,0.038,0.118,50.3,2.849,-2.561,0.037573856774947935,1.2892201725900279,0.0036076981323542633,0.0004261432250520674,10.414911502151787,True
1H,russell2k,Z11,150618,0.0,0.007,47.5,3.038,-2.771,-0.0004261432250520674,-1.5107798274099693,0.009688083118317545,0.0004261432250520674,-0.043986330406924956,False
1H,russell2k,T10,131029,-0.037,-0.012,47.3,2.785,-2.665,-0.03742614322505206,-1.7107798274099721,0.010387058584664767,0.0004261432250520674,-3.6031512598097044,True
1H,russell2k,Z9,613671,0.0,0.067,49.1,2.748,-2.51,-0.0004261432250520674,0.08922017259003212,0.004799638122061794,0.0004261432250520674,-0.08878653227902271,False
1H,russell2k,Z2G,967897,0.063,0.13,50.7,2.801,-2.509,0.06257385677494794,1.6892201725900335,0.003821745144726784,0.0004261432250520674,16.373110818571167,True
1H,russell2k,T3,401978,0.0,0.011,49.1,2.604,-2.504,-0.0004261432250520674,0.08922017259003212,0.0059302793535105265,0.0004261432250520674,-0.071858878755822,False
1H,russell2k,T11,43877,-0.077,-0.097,46.4,2.849,-2.814,-0.07742614322505206,-2.6107798274099707,0.017949726326762994,0.0004261432250520674,-4.313499928386646,True
1H,russell2k,T6,145462,-0.132,-0.107,46.0,2.677,-2.723,-0.13242614322505208,-3.0107798274099693,0.009858288355184874,0.0004261432250520674,-13.432975223878879,True
1H,russell2k,Z7,482465,0.0,0.051,46.4,3.289,-2.98,-0.0004261432250520674,-2.6107798274099707,0.005413066814888739,0.0004261432250520674,-0.07872491502967462,False
1H,russell2k,T9,628253,0.0,0.034,48.9,2.738,-2.58,-0.0004261432250520674,-0.11077982740997072,0.004743610359537077,0.0004261432250520674,-0.08983520836514368,False
1H,russell2k,Z5,213124,0.0,0.015,48.5,2.686,-2.522,-0.0004261432250520674,-0.5107798274099693,0.008144419125570818,0.0004261432250520674,-0.05232334172416505,False
1H,russell2k,T4,679533,-0.066,-0.044,47.4,2.706,-2.661,-0.06642614322505207,-1.6107798274099707,0.0045611149582531355,0.0004261432250520674,-14.56357575571668,True
1H,russell2k,T1G,255734,-0.098,-0.069,47.0,2.717,-2.711,-0.09842614322505207,-2.0107798274099693,0.007435018587467133,0.0004261432250520674,-13.23818388174099,True
1H,russell2k,T1,407083,-0.013,-0.0,48.6,2.613,-2.528,-0.013426143225052067,-0.4107798274099679,0.005892977883677613,0.0004261432250520674,-2.27832913852262,True
1H,russell2k,Z3,407803,0.0,0.062,49.5,2.636,-2.429,-0.0004261432250520674,0.4892201725900307,0.005887773387238533,0.0004261432250520674,-0.07237765400001848,False
1H,russell2k,Z6,260647,0.0,0.181,49.7,3.153,-2.631,-0.0004261432250520674,0.6892201725900335,0.007364612980521134,0.0004261432250520674,-0.05786362788909414,False
1H,russell2k,Z12,37351,0.0,0.114,49.5,2.937,-2.583,-0.0004261432250520674,0.4892201725900307,0.019454728640963728,0.0004261432250520674,-0.021904352042967257,False
1H,sp500,Z1,213103,0.09,0.084,51.8,1.897,-1.839,0.02407151309947507,0.5045706682741269,0.008144820407083243,0.06592848690052493,2.955438167616438,True
1H,sp500,T2G,560977,0.057,0.051,51.1,1.819,-1.776,-0.008928486900524925,-0.19542933172586885,0.005020000571569658,0.06592848690052493,-1.7785828454065609,False
1H,sp500,T5,66844,0.074,0.094,51.6,1.828,-1.721,0.00807151309947507,0.30457066827413115,0.014542701136107802,0.06592848690052493,0.5550215894511137,False
1H,sp500,T12,24507,0.04,0.037,50.7,1.882,-1.829,-0.025928486900524926,-0.5954293317258674,0.024017689114031335,0.06592848690052493,-1.0795579365450811,False
1H,sp500,T2,615935,0.051,0.053,51.0,1.857,-1.805,-0.01492848690052493,-0.29542933172587027,0.004790808956220161,0.06592848690052493,-3.1160680872366004,True
1H,sp500,Z1G,70582,0.072,0.031,51.3,1.902,-1.898,0.006071513099475068,0.004570668274126888,0.014152374561618261,0.06592848690052493,0.4290102041208848,False
1H,sp500,Z4,321038,0.084,0.091,51.7,1.903,-1.821,0.01807151309947508,0.40457066827413257,0.006635873123370421,0.06592848690052493,2.723306001109375,True
1H,sp500,Z10,34776,0.078,0.054,51.7,1.708,-1.698,0.012071513099475073,0.40457066827413257,0.020162133257540585,0.06592848690052493,0.598722017421463,False
1H,sp500,T10,32681,0.062,0.054,51.2,1.678,-1.663,-0.003928486900524927,-0.09542933172586743,0.020798337718940855,0.06592848690052493,-0.1888846576881618,False
1H,sp500,Z2,601128,0.088,0.089,51.8,1.935,-1.86,0.022071513099475068,0.5045706682741269,0.004849453681817908,0.06592848690052493,4.5513401194505585,True
1H,sp500,Z11,42384,0.035,-0.003,50.6,1.757,-1.795,-0.030928486900524924,-0.6954293317258688,0.018263134769013957,0.06592848690052493,-1.6934927815896954,False
1H,sp500,Z2G,526157,0.092,0.078,51.8,1.934,-1.889,0.02607151309947507,0.5045706682741269,0.005183446472184165,0.06592848690052493,5.029764123037088,True
1H,sp500,Z9,330655,0.058,0.06,51.1,1.862,-1.8,-0.007928486900524924,-0.19542933172586885,0.006538659878492541,0.06592848690052493,-1.2125553321107752,False
1H,sp500,T3,249467,0.057,0.046,51.1,1.88,-1.853,-0.008928486900524925,-0.19542933172586885,0.007527828947370215,0.06592848690052493,-1.1860639983914643,False
1H,sp500,T11,11020,-0.031,-0.073,49.1,1.708,-1.777,-0.09692848690052493,-2.195429331725869,0.0358166940489387,0.06592848690052493,-2.7062376769917726,True
1H,sp500,T9,336132,0.069,0.068,51.4,1.872,-1.813,0.003071513099475079,0.10457066827412831,0.006485169993838858,0.06592848690052493,0.4736210619603072,False
1H,sp500,T6,48242,-0.007,-0.035,49.5,1.735,-1.774,-0.07292848690052493,-1.7954293317258703,0.01711841860647234,0.06592848690052493,-4.260235047234517,True
1H,sp500,Z7,46547,-0.024,-0.022,48.6,1.684,-1.702,-0.08992848690052493,-2.695429331725869,0.01742731361403474,0.06592848690052493,-5.160203625882008,True
1H,sp500,T1,230972,0.068,0.055,51.4,1.841,-1.794,0.002071513099475078,0.10457066827412831,0.007823419657039091,0.06592848690052493,0.2647835844535378,False
1H,sp500,Z5,71769,0.059,0.041,51.2,1.718,-1.699,-0.00692848690052493,-0.09542933172586743,0.014034852310575855,0.06592848690052493,-0.493662971807977,False
1H,sp500,Z6,63877,0.043,0.041,50.8,1.789,-1.77,-0.02292848690052493,-0.4954293317258731,0.014876612087658359,0.06592848690052493,-1.5412438507787944,False
1H,sp500,Z3,260324,0.068,0.059,51.4,1.85,-1.798,0.002071513099475078,0.10457066827412831,0.007369180428352589,0.06592848690052493,0.2811049504915126,False
1H,sp500,T4,324640,0.043,0.044,50.8,1.874,-1.83,-0.02292848690052493,-0.4954293317258731,0.0065989567130411925,0.06592848690052493,-3.474562403964932,True
1H,sp500,T1G,88798,0.045,0.043,50.9,1.781,-1.756,-0.02092848690052493,-0.3954293317258717,0.012617540350214472,0.06592848690052493,-1.6586819871092537,False
1H,sp500,Z12,6622,0.037,0.071,50.6,1.791,-1.714,-0.02892848690052493,-0.6954293317258688,0.04620422671460016,0.06592848690052493,-0.6261004448621962,False
